date,hour,CC
2025-01-01,0,-23.011594461801902
2025-01-01,1,-20.013032674863993
2025-01-01,2,-19.94105377971266
2025-01-01,3,-19.268262149566
2025-01-01,4,-30.483845770478435
2025-01-01,5,-43.44131145948324
2025-01-01,6,-64.45875797737393
2025-01-01,7,654253736500000.0
2025-01-01,8,644460024999999.9
2025-01-01,9,651078934999999.9
2025-01-01,10,650919696499999.9
2025-01-01,11,648086301499999.9
2025-01-01,12,652271754499999.9
2025-01-01,13,653613748500000.0
2025-01-01,14,643846309499999.9
2025-01-01,15,649969121500000.0
2025-01-01,16,651460464999999.9
2025-01-01,17,650881485000000.0
2025-01-01,18,648647194500000.0
2025-01-01,19,645456947999999.9
2025-01-01,20,644928134999999.9
2025-01-01,21,647137750499999.9
2025-01-01,22,648332375000000.0
2025-01-01,23,650853376500000.0
2025-01-03,0,643923255999999.9
2025-01-03,1,-58.3401939945001
2025-01-03,2,-79.30765329187523
2025-01-03,3,-74.96128118576809
2025-01-03,4,-70.48717255587455
2025-01-03,5,-75.18915407266964
2025-01-03,6,-74.6981343988935
2025-01-03,7,673914124500000.0
2025-01-03,8,649287476500000.1
2025-01-03,9,655450184499999.9
2025-01-03,10,657501880500000.0
2025-01-03,11,654277250000000.0
2025-01-03,12,657744300000000.0
2025-01-03,13,737577390499999.9
2025-01-03,14,773313015499999.9
2025-01-03,15,769622115499999.9
2025-01-03,16,2136218873500000.0
2025-01-03,17,1219.8883251235518
2025-01-03,18,-11.146383207228439
2025-01-03,19,-21.282439735386806
2025-01-03,20,-18.156954278375594
2025-01-03,21,-35.65533536868585
2025-01-03,22,-54.36668977185419
2025-01-03,23,-59.50749618437575
2025-01-04,0,-54.003287834610674
2025-01-04,1,-63.37331250222173
2025-01-04,2,-39.55440029192574
2025-01-04,3,-69.3217628678127
2025-01-04,4,-74.91831507496474
2025-01-04,5,-75.71167780811335
2025-01-04,6,-72.95216377142818
2025-01-04,7,664234800000000.0
2025-01-04,8,691849804000000.0
2025-01-04,9,692588134499999.9
2025-01-04,10,707463134499999.9
2025-01-04,11,703911465500000.0
2025-01-04,12,1763971773499999.8
2025-01-04,13,2249350073499999.8
2025-01-04,14,3105552723500000.0
2025-01-04,15,41.77591915491661
2025-01-04,16,-5.808027779599095
2025-01-04,17,-14.736055686706846
2025-01-04,18,-34.6321167199066
2025-01-04,19,-27.148573352091294
2025-01-04,20,-22.055118277842737
2025-01-04,21,28.019424917593728
2025-01-04,22,-36.08393067387036
2025-01-04,23,-19.70024081099231
2025-01-05,0,-1.73674518626839
2025-01-05,1,-32.163623944788505
2025-01-05,2,-44.45290436220999
2025-01-05,3,-43.73130324037801
2025-01-05,4,-44.967196135973
2025-01-05,5,-45.09540611177927
2025-01-05,6,-59.402197504623786
2025-01-05,7,-62.35390011632355
2025-01-05,8,-22.92702613693434
2025-01-05,9,3.1439173582980673
2025-01-05,10,9.781354600586518
2025-01-05,11,28.280591302162904
2025-01-05,12,1100.721808288222
2025-01-05,13,3955112458499999.5
2025-01-05,14,4102166970499999.5
2025-01-05,15,4533272805500000.0
2025-01-05,16,147.0602703033031
2025-01-05,17,178.77509627567485
2025-01-05,18,7430574348000000.0
2025-01-05,19,199.73895119943984
2025-01-05,20,182.32293478665267
2025-01-05,21,134.7889700324724
2025-01-05,22,52.90545678465257
2025-01-05,23,146.17284573300898
2025-01-06,0,-23.50360680235025
2025-01-06,1,-34.26855566171074
2025-01-06,2,-56.4663418209228
2025-01-06,3,-57.71794483113385
2025-01-06,4,-81.30631059399006
2025-01-06,5,-85.83900003936967
2025-01-06,6,-85.70095983106857
2025-01-06,7,263.7970341505193
2025-01-06,8,644863540500000.0
2025-01-06,9,647170525000000.0
2025-01-06,10,680180453999999.9
2025-01-06,11,864776350000000.0
2025-01-06,12,833458421000000.0
2025-01-06,13,657463993999999.9
2025-01-06,14,659568990000000.0
2025-01-06,15,647220584999999.9
2025-01-06,16,648255663500000.0
2025-01-06,17,646764255500000.0
2025-01-06,18,650406251500000.0
2025-01-06,19,649335402000000.1
2025-01-06,20,644536485000000.0
2025-01-06,21,657331279499999.9
2025-01-06,22,647486583000000.0
2025-01-06,23,658316601500000.1
2025-01-07,0,653925898000000.0
2025-01-07,1,652522486999999.9
2025-01-07,2,646497269500000.0
2025-01-07,3,654525705500000.0
2025-01-07,4,653546486500000.0
2025-01-07,5,652079442500000.0
2025-01-07,6,648360063499999.9
2025-01-07,7,653449930499999.9
2025-01-07,8,656285054000000.0
2025-01-07,9,657539415500000.0
2025-01-07,10,651805065000000.0
2025-01-07,11,648755082499999.9
2025-01-07,12,708704895500000.0
2025-01-07,13,652021524500000.0
2025-01-07,14,661062469500000.0
2025-01-07,15,648534526500000.0
2025-01-07,16,658198780500000.1
2025-01-07,17,656336084999999.9
2025-01-07,18,654043522999999.9
2025-01-07,19,-14.390249256485262
2025-01-07,20,-28.139517851379694
2025-01-07,21,-28.255666182911195
2025-01-07,22,-28.56095115189096
2025-01-07,23,-28.4565698386162
2025-01-08,0,-84.39268490143175
2025-01-08,1,-81.10331382343196
2025-01-08,2,-77.72834586944116
2025-01-08,3,-84.58930605052801
2025-01-08,4,-82.2112053638046
2025-01-08,5,-62.140134562091546
2025-01-08,6,-74.1913376552089
2025-01-08,7,-32.554857954011595
2025-01-08,8,774087768999999.9
2025-01-08,9,655153261500000.1
2025-01-08,10,654517820500000.1
2025-01-08,11,652616957500000.1
2025-01-08,12,656253019500000.0
2025-01-08,13,768057692499999.9
2025-01-08,14,648871219500000.0
2025-01-08,15,747392425000000.0
2025-01-08,16,2265292600500000.0
2025-01-08,17,922.6916471224731
2025-01-08,18,-2.1677422624496034
2025-01-08,19,-16.671352513512847
2025-01-08,20,-44.82688129161172
2025-01-08,21,-53.735420728763074
2025-01-08,22,-28.95407410562068
2025-01-08,23,-51.76737124769121
2025-01-09,0,-50.73758303013783
2025-01-09,1,-59.723017651578594
2025-01-09,2,-67.52012190337904
2025-01-09,3,-75.28724957379816
2025-01-09,4,-71.03632637902828
2025-01-09,5,-55.87775946072015
2025-01-09,6,-57.226323854228696
2025-01-09,7,-52.062788834620925
2025-01-09,8,-50.30239810274414
2025-01-09,9,-35.495696698993925
2025-01-09,10,1529833940500000.0
2025-01-09,11,745857450499999.9
2025-01-09,12,733483670500000.0
2025-01-09,13,798312478499999.8
2025-01-09,14,818097425500000.0
2025-01-09,15,1211893724999999.8
2025-01-09,16,2358077406000000.0
2025-01-09,17,3687964955500000.0
2025-01-09,18,5448956308000000.0
2025-01-09,19,106.50303127858051
2025-01-09,20,89.33135206760373
2025-01-09,21,67.4100676861243
2025-01-09,22,13.338530352313862
2025-01-09,23,19.64526021305333
2025-01-10,0,-0.7277971622722169
2025-01-10,1,-10.044402069012197
2025-01-10,2,-31.365551533999792
2025-01-10,3,-22.934750310989063
2025-01-10,4,39.80873497288228
2025-01-10,5,121.09634983014597
2025-01-10,6,29.852651457007383
2025-01-10,7,200.77574109442736
2025-01-10,8,2023753947999999.8
2025-01-10,9,688576825500000.0
2025-01-10,10,647825965000000.0
2025-01-10,11,672925403500000.0
2025-01-10,12,867838930999999.8
2025-01-10,13,994862903500000.0
2025-01-10,14,1023121559999999.9
2025-01-10,15,988879315499999.9
2025-01-10,16,2576384548000000.5
2025-01-10,17,4431031222999999.0
2025-01-10,18,5556671615499999.0
2025-01-10,19,68.37154947399466
2025-01-10,20,64.82468506221426
2025-01-10,21,143.81654409888455
2025-01-10,22,101.16094037473026
2025-01-10,23,-8.960117714855963
2025-01-11,0,65.77309507738374
2025-01-11,1,-8.084576612065328
2025-01-11,2,-1.4456342749001705
2025-01-11,3,69.74839824504977
2025-01-11,4,54.87220649367262
2025-01-11,5,2.044186280917749
2025-01-11,6,-44.31042941794034
2025-01-11,7,-4.844070374264824
2025-01-11,8,704639800000000.0
2025-01-11,9,691889800000000.0
2025-01-11,10,705348130499999.9
2025-01-11,11,695431469500000.0
2025-01-11,12,704629804000000.0
2025-01-11,13,826463130499999.8
2025-01-11,14,2184176926500000.0
2025-01-11,15,1902619761500000.0
2025-01-11,16,1808854524500000.0
2025-01-11,17,2205242695999999.8
2025-01-11,18,4524267594000000.0
2025-01-11,19,4918285036499999.0
2025-01-11,20,47.14461875637658
2025-01-11,21,43.61786042734667
2025-01-11,22,32.86583581369865
2025-01-11,23,572.2323175176855
2025-01-12,0,-8.40316717526447
2025-01-12,1,-11.0310485556055
2025-01-12,2,-37.43602561635163
2025-01-12,3,-48.55188573073933
2025-01-12,4,-54.322252972932745
2025-01-12,5,-4.52592951373716
2025-01-12,6,-65.02462308883413
2025-01-12,7,-54.891208496855995
2025-01-12,8,772905044499999.9
2025-01-12,9,648199319500000.0
2025-01-12,10,649531373500000.0
2025-01-12,11,644161555500000.0
2025-01-12,12,644088610000000.0
2025-01-12,13,653698411500000.0
2025-01-12,14,648617194500000.0
2025-01-12,15,1036288238499999.8
2025-01-12,16,2919369722999999.5
2025-01-12,17,5078076019500001.0
2025-01-12,18,279.76869206757317
2025-01-12,19,187.66991011358954
2025-01-12,20,44.973598522786546
2025-01-12,21,57.439109960897156
2025-01-12,22,39.08803185039378
2025-01-12,23,5.863445077642689
2025-01-13,0,-22.28218666182715
2025-01-13,1,-31.206557090171547
2025-01-13,2,-45.440070996219795
2025-01-13,3,-7.418587849873661
2025-01-13,4,-34.16820749545263
2025-01-13,5,-9.384804834886284
2025-01-13,6,-20.590031539815655
2025-01-13,7,40.4066306234892
2025-01-13,8,749.9030612374291
2025-01-13,9,834293523000000.0
2025-01-13,10,639856948499999.9
2025-01-13,11,648728475499999.9
2025-01-13,12,647341750000000.0
2025-01-13,13,651107269499999.9
2025-01-13,14,649932844500000.0
2025-01-13,15,832814849499999.9
2025-01-13,16,1304402844499999.8
2025-01-13,17,2093963098000000.0
2025-01-13,18,6318061565499998.0
2025-01-13,19,9664591574999998.0
2025-01-13,20,139.80868457725103
2025-01-13,21,136.68662762224736
2025-01-13,22,98.88799883361749
2025-01-13,23,7157256165500000.0
2025-01-14,0,-23.899494997541872
2025-01-14,1,-30.1210025272704
2025-01-14,2,-32.406216574294774
2025-01-14,3,-27.824731461596553
2025-01-14,4,-4.70783247328509
2025-01-14,5,26.225396764294032
2025-01-14,6,-21.812921100192476
2025-01-14,7,21.24331684522237
2025-01-14,8,994.7954030362155
2025-01-14,9,1601965296500000.0
2025-01-14,10,701796473499999.9
2025-01-14,11,703213134499999.9
2025-01-14,12,698244796000000.0
2025-01-14,13,710296473499999.9
2025-01-14,14,702504804000000.0
2025-01-14,15,799413594000000.0
2025-01-14,16,4751504475499999.0
2025-01-14,17,380.6150040133076
2025-01-14,18,176.61605780968122
2025-01-14,19,167.48299017239717
2025-01-14,20,34.029083774271946
2025-01-14,21,37.31856199331581
2025-01-14,22,100.33311633468301
2025-01-14,23,-25.184123176419792
2025-01-15,0,-38.874514154345455
2025-01-15,1,-27.593069064333935
2025-01-15,2,-55.68375093960765
2025-01-15,3,-56.70142172714791
2025-01-15,4,-51.425976370901985
2025-01-15,5,72.76771284150946
2025-01-15,6,575.5766054065255
2025-01-15,7,2006840025499999.8
2025-01-15,8,723046473499999.9
2025-01-15,9,704619796000000.0
2025-01-15,10,699681469500000.0
2025-01-15,11,713838134499999.9
2025-01-15,12,708889800000000.0
2025-01-15,13,742181469500000.0
2025-01-15,14,718088134499999.9
2025-01-15,15,707453126500000.0
2025-01-15,16,707473130499999.9
2025-01-15,17,703921473499999.9
2025-01-15,18,681953126500000.0
2025-01-15,19,681953126500000.0
2025-01-15,20,686901469500000.0
2025-01-15,21,693984800000000.0
2025-01-15,22,687589795999999.9
2025-01-15,23,688996469500000.0
2025-01-16,0,-88.57257109279483
2025-01-16,1,-88.40810581688355
2025-01-16,2,-88.52550988575541
2025-01-16,3,-82.60378540168905
2025-01-16,4,-72.05131042961794
2025-01-16,5,-31.043346488516057
2025-01-16,6,-29.539821820770833
2025-01-16,7,-44.128983331071204
2025-01-16,8,-0.07306976364336842
2025-01-16,9,1035997091999999.9
2025-01-16,10,702249790500000.0
2025-01-16,11,701088134499999.9
2025-01-16,12,701098130499999.9
2025-01-16,13,689754804000000.0
2025-01-16,14,706744796000000.0
2025-01-16,15,701796473499999.9
2025-01-16,16,713838134499999.9
2025-01-16,17,696139800000000.0
2025-01-16,18,694004804000000.0
2025-01-16,19,-18.09798182028048
2025-01-16,20,312.78041513245216
2025-01-16,21,149.86281220061176
2025-01-16,22,-80.21242542996958
2025-01-16,23,-19.64912610376868
2025-01-17,0,-22.800781010131605
2025-01-17,1,-23.659195659624743
2025-01-17,2,-23.500509515548384
2025-01-17,3,-22.79746737450862
2025-01-17,4,-3.79228245538293
2025-01-17,5,11.87490352465594
2025-01-17,6,-5.152767897298273
2025-01-17,7,702474804000000.0
2025-01-17,8,698234800000000.0
2025-01-17,9,703203126500000.0
2025-01-17,10,703193130499999.9
2025-01-17,11,700369796000000.0
2025-01-17,12,703203126500000.0
2025-01-17,13,702494796000000.0
2025-01-17,14,698254804000000.0
2025-01-17,15,696129804000000.0
2025-01-17,16,696119796000000.0
2025-01-17,17,693039813500000.0
2025-01-17,18,699661465500000.0
2025-01-17,19,463.84580184172347
2025-01-17,20,9783.711428571429
2025-01-17,21,-18.456686021961183
2025-01-17,22,-18.854246805326937
2025-01-17,23,-19.048707982298936
2025-01-18,0,704599804000000.0
2025-01-18,1,691768130499999.9
2025-01-18,2,695104813500000.0
2025-01-18,3,693606470500000.0
2025-01-18,4,695053140000000.1
2025-01-18,5,690463134499999.9
2025-01-18,6,693984800000000.0
2025-01-18,7,693954799999999.9
2025-01-18,8,693974804000000.0
2025-01-18,9,702494796000000.0
2025-01-18,10,715953126500000.0
2025-01-18,11,694713134499999.9
2025-01-18,12,694723130499999.9
2025-01-18,13,698264800000000.0
2025-01-18,14,605285392500000.0
2025-01-18,15,723202956000000.0
2025-01-18,16,2051992224500000.0
2025-01-18,17,3056994870500000.0
2025-01-18,18,-15.716435474753997
2025-01-18,19,-24.645594246836247
2025-01-18,20,-29.339269092805388
2025-01-18,21,-54.47421073468868
2025-01-18,22,-71.06559508967823
2025-01-18,23,-76.70840540497653
2025-01-19,0,-34.553686667416486
2025-01-19,1,-85.43646161067669
2025-01-19,2,-81.4654966259783
2025-01-19,3,-74.59503852162082
2025-01-19,4,-82.81507596941121
2025-01-19,5,-82.66737564659925
2025-01-19,6,-67.78051144704422
2025-01-19,7,651618030999999.9
2025-01-19,8,649410259500000.0
2025-01-19,9,656979800500000.0
2025-01-19,10,712933015000000.0
2025-01-19,11,2532186105500000.0
2025-01-19,12,3453620255999999.5
2025-01-19,13,4467090778499999.5
2025-01-19,14,4982144934500000.0
2025-01-19,15,5847117822999999.0
2025-01-19,16,7858126244000000.0
2025-01-19,17,87.5579462639223
2025-01-19,18,-17.705898144948954
2025-01-19,19,6.097999991178961
2025-01-19,20,-21.525925868736994
2025-01-19,21,-29.410831050969357
2025-01-19,22,-51.47849995366455
2025-01-19,23,-57.37566260952853
2025-01-20,0,-53.32820537812953
2025-01-20,1,-54.21420505949076
2025-01-20,2,-51.49469643740574
2025-01-20,3,-50.06271322980191
2025-01-20,4,-40.47367523451499
2025-01-20,5,-43.853384943362045
2025-01-20,6,10.768868381682458
2025-01-20,7,-27.699836496904233
2025-01-20,8,-7.436056485306165
2025-01-20,9,364.63710808467926
2025-01-20,10,3279101500500000.0
2025-01-20,11,3775205899999999.5
2025-01-20,12,4210966649499999.0
2025-01-20,13,4615148551500000.0
2025-01-20,14,4195242388999999.0
2025-01-20,15,6161178640500000.0
2025-01-20,16,7204236433000001.0
2025-01-20,17,9521182609500000.0
2025-01-20,18,253.35162857179031
2025-01-20,19,72.07673070241172
2025-01-20,20,109.94570562098286
2025-01-20,21,71.97347668430596
2025-01-20,22,13.018285459227181
2025-01-20,23,52.26451793906168
2025-01-21,0,-0.19466530378638033
2025-01-21,1,-12.395241638542213
2025-01-21,2,-23.964883257255785
2025-01-21,3,-7.3923765286626
2025-01-21,4,-5.154873754026456
2025-01-21,5,17.035222420339256
2025-01-21,6,25.14750747651894
2025-01-21,7,18.104305301387438
2025-01-21,8,2243346781000000.2
2025-01-21,9,653011180499999.9
2025-01-21,10,652042390500000.0
2025-01-21,11,641010765500000.0
2025-01-21,12,646667430500000.0
2025-01-21,13,649248529000000.0
2025-01-21,14,648792430500000.0
2025-01-21,15,651294490000000.0
2025-01-21,16,675816050500000.0
2025-01-21,17,653588679500000.0
2025-01-21,18,1155669126999999.8
2025-01-21,19,2404563380500000.0
2025-01-21,20,66.3249270941073
2025-01-21,21,3001.1929254492875
2025-01-21,22,-18.69894264061169
2025-01-21,23,1659758627500000.0
2025-01-22,0,-24.506197152065297
2025-01-22,1,-23.72017003186506
2025-01-22,2,-24.516166310423582
2025-01-22,3,-24.304842572907425
2025-01-22,4,-24.11487360929757
2025-01-22,5,-24.515057048785856
2025-01-22,6,-24.518311672265522
2025-01-22,7,655115081000000.0
2025-01-22,8,656484763500000.0
2025-01-22,9,641414450000000.0
2025-01-22,10,643931099999999.9
2025-01-22,11,656606361500000.0
2025-01-22,12,649662328499999.9
2025-01-22,13,655022194500000.0
2025-01-22,14,660763531000000.0
2025-01-22,15,647145790499999.9
2025-01-22,16,645337717499999.9
2025-01-22,17,646796362999999.9
2025-01-22,18,648538167500000.0
2025-01-22,19,-18.879711317615847
2025-01-22,20,76.8700117630828
2025-01-22,21,-19.000709423842004
2025-01-22,22,10.751404567519222
2025-01-22,23,77.75286476378315
2025-01-23,0,-86.73397397199497
2025-01-23,1,-86.73759610767023
2025-01-23,2,-86.58997381375276
2025-01-23,3,-86.65544162971824
2025-01-23,4,-82.59513682982555
2025-01-23,5,-56.08719135916836
2025-01-23,6,-31.370223916336112
2025-01-23,7,-23.721837933067143
2025-01-23,8,-38.09318590308452
2025-01-23,9,-21.51406216775758
2025-01-23,10,664806904000000.0
2025-01-23,11,650651378500000.1
2025-01-23,12,640293034500000.0
2025-01-23,13,645408990500000.0
2025-01-23,14,647638601500000.1
2025-01-23,15,643919319500000.0
2025-01-23,16,638093423500000.0
2025-01-23,17,642214232499999.9
2025-01-23,18,644656040500000.1
2025-01-23,19,638450275000000.0
2025-01-23,20,-62.21442953662455
2025-01-23,21,-61.78547635015023
2025-01-23,22,641646698499999.9
2025-01-23,23,-42.78509436474655
2025-01-24,0,-85.62543540469296
2025-01-24,1,-85.50478803341981
2025-01-24,2,-85.62779456001243
2025-01-24,3,-85.55316123783439
2025-01-24,4,-85.50766160416802
2025-01-24,5,-70.60920143408447
2025-01-24,6,-59.66589948076493
2025-01-24,7,116.28683244586867
2025-01-24,8,643248545999999.9
2025-01-24,9,648618411500000.0
2025-01-24,10,643454953500000.0
2025-01-24,11,646288229499999.9
2025-01-24,12,656923169499999.9
2025-01-24,13,648273930500000.0
2025-01-24,14,642365025000000.0
2025-01-24,15,645049125000000.0
2025-01-24,16,643295596000000.0
2025-01-24,17,696285048499999.9
2025-01-24,18,1036450029499999.9
2025-01-24,19,-17.235621997675253
2025-01-24,20,30.30621060195546
2025-01-24,21,-20.102082046756774
2025-01-24,22,-65.0328038268309
2025-01-24,23,-53.00916395189492
2025-01-25,0,-55.09100909411431
2025-01-25,1,-64.70484207028429
2025-01-25,2,-75.05174627252832
2025-01-25,3,-74.1575963749855
2025-01-25,4,-57.51563372123138
2025-01-25,5,-54.96278302186183
2025-01-25,6,-72.22825274348918
2025-01-25,7,-22.537167285443893
2025-01-25,8,666361461499999.9
2025-01-25,9,646530528499999.9
2025-01-25,10,651468744499999.9
2025-01-25,11,641821741000000.0
2025-01-25,12,643846365499999.9
2025-01-25,13,649672324500000.0
2025-01-25,14,652990081000000.0
2025-01-25,15,648972329500000.0
2025-01-25,16,643539569000000.0
2025-01-25,17,649448474500000.0
2025-01-25,18,1023642717500000.0
2025-01-25,19,1786076559999999.8
2025-01-25,20,30.57826384020773
2025-01-25,21,-49.14461133101861
2025-01-25,22,641160599999999.9
2025-01-25,23,-49.45888869173542
2025-01-26,0,641253921500000.0
2025-01-26,1,-76.43389866238589
2025-01-26,2,-68.46759962121517
2025-01-26,3,-65.37412147230866
2025-01-26,4,-54.31436603182061
2025-01-26,5,-67.33071142753818
2025-01-26,6,-51.70330663919405
2025-01-26,7,648076480500000.0
2025-01-26,8,646245598499999.8
2025-01-26,9,645392436500000.0
2025-01-26,10,650072197999999.9
2025-01-26,11,647128915500000.0
2025-01-26,12,771971980499999.9
2025-01-26,13,910354690999999.9
2025-01-26,14,1054380017500000.0
2025-01-26,15,1121104747999999.9
2025-01-26,16,2043702079000000.0
2025-01-26,17,73.37754936972252
2025-01-26,18,-2.9674921941345658
2025-01-26,19,4.907906032496185
2025-01-26,20,-22.10059684762055
2025-01-26,21,-43.50667922597874
2025-01-26,22,-51.92480682075509
2025-01-26,23,-17.34554188632005
2025-01-28,0,-27.459081475166567
2025-01-28,1,-26.8277571488528
2025-01-28,2,-27.051547686880657
2025-01-28,3,-27.215705814506165
2025-01-28,4,-26.158895346991777
2025-01-28,5,-26.57463625843437
2025-01-28,6,-27.576660898068408
2025-01-28,7,-27.135673671545785
2025-01-28,8,697675584999999.9
2025-01-28,9,661813220499999.9
2025-01-28,10,651906742500000.0
2025-01-28,11,654685326500000.0
2025-01-28,12,656598333499999.9
2025-01-28,13,654146349500000.0
2025-01-28,14,654453329499999.9
2025-01-28,15,655859807500000.1
2025-01-28,16,649672261500000.0
2025-01-28,17,651395790499999.9
2025-01-28,18,662569882500000.0
2025-01-28,19,647864125499999.9
2025-01-28,20,645317650500000.0
2025-01-28,21,648784700499999.9
2025-01-28,22,651991405500000.0
2025-01-28,23,659244154000000.0
2025-01-29,0,-25.306954980397386
2025-01-29,1,-24.299883855778496
2025-01-29,2,-24.40579689241795
2025-01-29,3,-24.798963096087235
2025-01-29,4,-24.41669118512987
2025-01-29,5,-24.63888518646931
2025-01-29,6,-25.077732063487577
2025-01-29,7,43.887101216145446
2025-01-29,8,673669045500000.0
2025-01-29,9,656221457500000.0
2025-01-29,10,651357925500000.0
2025-01-29,11,655385454000000.0
2025-01-29,12,651460521000000.0
2025-01-29,13,656018998499999.9
2025-01-29,14,659476334500000.0
2025-01-29,15,672944729000000.0
2025-01-29,16,654146461499999.9
2025-01-29,17,657575009500000.0
2025-01-29,18,648861223499999.9
2025-01-29,19,-15.149318512519594
2025-01-29,20,-24.551647595276563
2025-01-29,21,-25.023694912612704
2025-01-29,22,-25.320694369266302
2025-01-29,23,-24.527212803476004
2025-01-30,0,-76.27871147741965
2025-01-30,1,-76.31557678386814
2025-01-30,2,-76.186952920469
2025-01-30,3,-70.94294290770121
2025-01-30,4,-76.15315648151345
2025-01-30,5,-76.22147179625496
2025-01-30,6,-76.18117211837927
2025-01-30,7,-17.839665216026354
2025-01-30,8,1943670594500000.5
2025-01-30,9,863906854499999.8
2025-01-30,10,1311570520500000.0
2025-01-30,11,661276010000000.0
2025-01-30,12,660523325499999.9
2025-01-30,13,659965419499999.9
2025-01-30,14,656294348499999.9
2025-01-30,15,651969729000000.0
2025-01-30,16,663844004499999.9
2025-01-30,17,668886600500000.0
2025-01-30,18,656508246500000.0
2025-01-30,19,121.95359987079114
2025-01-30,20,76.29866276599004
2025-01-30,21,78.5530646401094
2025-01-30,22,77.74105881336035
2025-01-30,23,77.83764248261181
2025-01-31,0,-23.921891911474642
2025-01-31,1,-24.213135180473355
2025-01-31,2,-23.732183709146295
2025-01-31,3,-22.813966434393457
2025-01-31,4,-23.38252442681451
2025-01-31,5,-24.241387746893068
2025-01-31,6,-24.244873645551866
2025-01-31,7,1883.6024023152215
2025-01-31,8,658003090000000.0
2025-01-31,9,656072170999999.9
2025-01-31,10,649380315499999.9
2025-01-31,11,656158347999999.9
2025-01-31,12,657452199999999.9
2025-01-31,13,660726545500000.0
2025-01-31,14,654340142499999.9
2025-01-31,15,655410004000000.0
2025-01-31,16,665663346000000.0
2025-01-31,17,660385186499999.9
2025-01-31,18,664956919000000.0
2025-01-31,19,650715750499999.9
2025-01-31,20,642942069500000.0
2025-01-31,21,651748873000000.0
2025-01-31,22,656265724499999.9
2025-01-31,23,653424501500000.0
2025-02-01,0,650825085000000.0
2025-02-01,1,-12.013633007169265
2025-02-01,2,651365965500000.0
2025-02-01,3,-2.6451705705031587
2025-02-01,4,176.6438173446646
2025-02-01,5,652595181000000.0
2025-02-01,6,651450643999999.9
2025-02-01,7,659089474500000.0
2025-02-01,8,660790049999999.9
2025-02-01,9,653101271500000.0
2025-02-01,10,655048650500000.0
2025-02-01,11,650519936500000.0
2025-02-01,12,653111031000000.0
2025-02-01,13,656594481000000.0
2025-02-01,14,662664542500000.0
2025-02-01,15,665497838500000.0
2025-02-01,16,1070423074499999.8
2025-02-01,17,375.4561852437682
2025-02-01,18,130.80013767590947
2025-02-01,19,141.68938980872855
2025-02-01,20,-21.137436730064433
2025-02-01,21,-0.4501315604154382
2025-02-01,22,-33.12137374518793
2025-02-01,23,-26.821467969322423
2025-02-02,0,-61.98401170519772
2025-02-02,1,-81.93036592115185
2025-02-02,2,-80.34282137406848
2025-02-02,3,649325581000000.0
2025-02-02,4,-81.16122743022824
2025-02-02,5,-81.50729917182697
2025-02-02,6,-75.12625688069905
2025-02-02,7,-68.65774694873328
2025-02-02,8,657278261500000.1
2025-02-02,9,2040004915500000.0
2025-02-02,10,2016089857499999.8
2025-02-02,11,2873398539999999.5
2025-02-02,12,3405063410000000.0
2025-02-02,13,3354415501999999.5
2025-02-02,14,3960411822499999.5
2025-02-02,15,5150358176500000.0
2025-02-02,16,8090124298000001.0
2025-02-02,17,235.63731985414069
2025-02-02,18,79.53926979953704
2025-02-02,19,51.98602289139716
2025-02-02,20,71.83538390904837
2025-02-02,21,-14.3319809955512
2025-02-02,22,-19.674330335473268
2025-02-02,23,-45.095777910396
2025-02-03,0,-54.331990232414825
2025-02-03,1,-61.73952482290291
2025-02-03,2,-57.579641718110544
2025-02-03,3,-55.45081161844592
2025-02-03,4,-52.96772548282364
2025-02-03,5,-55.43522291689505
2025-02-03,6,-0.2294753018501262
2025-02-03,7,-32.135629151295156
2025-02-03,8,64.35754542104685
2025-02-03,9,3904084719500000.0
2025-02-03,10,3845545210000000.0
2025-02-03,11,4691359607499999.0
2025-02-03,12,5378033074500000.0
2025-02-03,13,6691326605999999.0
2025-02-03,14,8930668321000000.0
2025-02-03,15,2813.261467260302
2025-02-03,16,200.2046509443066
2025-02-03,17,108.52548438587782
2025-02-03,18,80.58648923995487
2025-02-03,19,-20.153503431270483
2025-02-03,20,-13.184384278508498
2025-02-03,21,-29.14039942653072
2025-02-03,22,-8.21395658390467
2025-02-03,23,-23.53045896185153
2025-02-04,0,-26.532773648161804
2025-02-04,1,-39.961207784033604
2025-02-04,2,-42.79996124301813
2025-02-04,3,-43.067444329226674
2025-02-04,4,-56.14629193656743
2025-02-04,5,-26.669261066949066
2025-02-04,6,10.344915042431488
2025-02-04,7,-31.21914582147216
2025-02-04,8,26.83494486073802
2025-02-04,9,4002771161499999.5
2025-02-04,10,2481991759499999.5
2025-02-04,11,2074834778500000.0
2025-02-04,12,2058646973500000.2
2025-02-04,13,2063145588500000.2
2025-02-04,14,2078460715500000.0
2025-02-04,15,2067204480500000.0
2025-02-04,16,2380375696000000.5
2025-02-04,17,2419744069000000.0
2025-02-04,18,2528008603500000.0
2025-02-04,19,222.19553412619078
2025-02-04,20,5.775018894232123
2025-02-04,21,0.4014168287754895
2025-02-04,22,-22.360608052561314
2025-02-04,23,-63.08497779363271
2025-02-05,0,-42.74640781390565
2025-02-05,1,-52.066473736644085
2025-02-05,2,-70.18580053152216
2025-02-05,3,-73.69919097426401
2025-02-05,4,-70.60526535040047
2025-02-05,5,-58.27599304519876
2025-02-05,6,-69.34731349339768
2025-02-05,7,699907895999999.9
2025-02-05,8,694703126500000.0
2025-02-05,9,688318130499999.9
2025-02-05,10,703193130499999.9
2025-02-05,11,693462069500000.0
2025-02-05,12,697722065500000.0
2025-02-05,13,708436669499999.9
2025-02-05,14,685084869499999.9
2025-02-05,15,714204126500000.1
2025-02-05,16,635767152000000.1
2025-02-05,17,952365648499999.9
2025-02-05,18,3568170921000000.0
2025-02-05,19,87.98991942577071
2025-02-05,20,100.88228757578905
2025-02-05,21,67.4442015765188
2025-02-05,22,-19.3493424579067
2025-02-05,23,-70.28386753130437
2025-02-06,0,-33.67736193377191
2025-02-06,1,-72.41586670407789
2025-02-06,2,-68.22454124263434
2025-02-06,3,-63.07975832038676
2025-02-06,4,-43.08410934093871
2025-02-06,5,-7.142950749673292
2025-02-06,6,0.808479082602315
2025-02-06,7,-17.181934239717886
2025-02-06,8,788631170999999.9
2025-02-06,9,650062071000000.0
2025-02-06,10,647759505999999.9
2025-02-06,11,648545652000000.0
2025-02-06,12,651898317499999.9
2025-02-06,13,858880575499999.9
2025-02-06,14,1390253474500000.0
2025-02-06,15,2383466209499999.5
2025-02-06,16,4492824424499999.5
2025-02-06,17,8882408458000000.0
2025-02-06,18,307.3751743587524
2025-02-06,19,153.7088566983685
2025-02-06,20,80.18719255770301
2025-02-06,21,64.294071046602
2025-02-06,22,50.85706349230393
2025-02-06,23,36.93758355881222
2025-02-07,0,-21.964558302113907
2025-02-07,1,-33.84343559896895
2025-02-07,2,-68.96687692226408
2025-02-07,3,-68.64813322255556
2025-02-07,4,-66.11475965996266
2025-02-07,5,-56.110752590876224
2025-02-07,6,-48.6767506637148
2025-02-07,7,-9.571654557534211
2025-02-07,8,879227886999999.9
2025-02-07,9,647089509499999.9
2025-02-07,10,654618986500000.0
2025-02-07,11,648952269499999.9
2025-02-07,12,653787713499999.9
2025-02-07,13,650835024999999.9
2025-02-07,14,652205046000000.0
2025-02-07,15,649376759999999.9
2025-02-07,16,650244269500000.0
2025-02-07,17,666127890500000.0
2025-02-07,18,655744904000000.0
2025-02-07,19,637253623500000.1
2025-02-07,20,642401394499999.9
2025-02-07,21,66.98779728705911
2025-02-07,22,637098229000000.0
2025-02-07,23,635542325000000.0
2025-02-10,0,641255223499999.9
2025-02-10,1,644627650000000.0
2025-02-10,2,644974505500000.0
2025-02-10,3,645355984500000.0
2025-02-10,4,644944561500000.0
2025-02-10,5,644405465499999.9
2025-02-10,6,826608734999999.9
2025-02-10,7,1542.7300123086063
2025-02-10,8,732058779499999.9
2025-02-10,9,1431420036999999.8
2025-02-10,10,648459444000000.0
2025-02-10,11,652270980500000.0
2025-02-10,12,646887004499999.9
2025-02-10,13,664654930499999.9
2025-02-10,14,658919550500000.0
2025-02-10,15,662253753500000.0
2025-02-10,16,1037338854500000.0
2025-02-10,17,2191531903500000.0
2025-02-10,18,7.194683327366453
2025-02-10,19,-16.61526528507988
2025-02-10,20,-35.14366222221572
2025-02-10,21,-75.53072875232034
2025-02-10,22,-87.07297723085102
2025-02-10,23,-80.37590937570279
2025-02-11,0,8.776129552010543
2025-02-11,1,-70.34251524424346
2025-02-11,2,-71.56730200704305
2025-02-11,3,-76.19698331993196
2025-02-11,4,-82.66417721785815
2025-02-11,5,-80.7140918424838
2025-02-11,6,-42.341267687203825
2025-02-11,7,-59.83304338451296
2025-02-11,8,72.7015721613218
2025-02-11,9,772246259500000.0
2025-02-11,10,787877975000000.0
2025-02-11,11,975844776499999.9
2025-02-11,12,1155885720999999.8
2025-02-11,13,1958298836500000.0
2025-02-11,14,4259524084499999.5
2025-02-11,15,5715351381000000.0
2025-02-11,16,677.7947714321602
2025-02-11,17,84.70127159798685
2025-02-11,18,58.94734079706262
2025-02-11,19,66.57649136823579
2025-02-11,20,4.084073196662645
2025-02-11,21,6.310678934702846
2025-02-11,22,-2.7209963016451577
2025-02-11,23,-3.4121307177090348
2025-02-12,0,12.02603534648939
2025-02-12,1,6.834821590325924
2025-02-12,2,20.224311710146235
2025-02-12,3,86.79627317192411
2025-02-12,4,13.997253052334232
2025-02-12,5,36.42519783437402
2025-02-12,6,4412023619500000.0
2025-02-12,7,39.02215926373227
2025-02-12,8,3150074634500000.0
2025-02-12,9,2615483813500000.0
2025-02-12,10,3084163533500000.0
2025-02-12,11,5307461643999999.0
2025-02-12,12,7259596884499999.0
2025-02-12,13,8809716248500000.0
2025-02-12,14,7815005952499998.0
2025-02-12,15,1897.059980402987
2025-02-12,16,186.151062291419
2025-02-12,17,17.531172221107095
2025-02-12,18,42.78001035663728
2025-02-12,19,-3.5113252371300776
2025-02-12,20,-20.278558908589165
2025-02-12,21,20.90673578808664
2025-02-12,22,1.364233091871392
2025-02-12,23,-41.30225607509755
2025-02-13,0,-42.045657517941954
2025-02-13,1,-80.8170386900364
2025-02-13,2,-83.02027463649759
2025-02-13,3,-83.12147936698665
2025-02-13,4,-83.17516930239246
2025-02-13,5,-82.98250229094958
2025-02-13,6,-60.00445673945983
2025-02-13,7,-59.217684760860614
2025-02-13,8,-55.80128866014411
2025-02-13,9,643579426500000.0
2025-02-13,10,639733865500000.0
2025-02-13,11,642801053999999.9
2025-02-13,12,655234198499999.9
2025-02-13,13,689712190500000.1
2025-02-13,14,656809571000000.0
2025-02-13,15,712426486500000.0
2025-02-13,16,841582975500000.0
2025-02-13,17,833878456000000.0
2025-02-13,18,910216015500000.0
2025-02-13,19,942306786500000.0
2025-02-13,20,-6.1177226799888915
2025-02-13,21,305.5773066936662
2025-02-13,22,26.0728000862676
2025-02-13,23,30.14896329541369
2025-02-14,0,-86.85267719477784
2025-02-14,1,-88.66676619017261
2025-02-14,2,-88.94136339583652
2025-02-14,3,-88.57664935344658
2025-02-14,4,-84.78882885538783
2025-02-14,5,-71.71201566198037
2025-02-14,6,-18.322512203431632
2025-02-14,7,-21.15456388985201
2025-02-14,8,9.192224488191796
2025-02-14,9,661637646000000.0
2025-02-14,10,642532650000000.0
2025-02-14,11,642144371000000.0
2025-02-14,12,651850180500000.0
2025-02-14,13,651627905500000.0
2025-02-14,14,651460336499999.9
2025-02-14,15,653902144499999.9
2025-02-14,16,660034956000000.0
2025-02-14,17,675915090500000.0
2025-02-14,18,653956751500000.0
2025-02-14,19,640843496000000.0
2025-02-14,20,640243277000000.0
2025-02-14,21,648086357500000.0
2025-02-14,22,648740081000000.0
2025-02-14,23,654471365499999.9
2025-02-15,0,-29.519748119245943
2025-02-15,1,-28.77028331370877
2025-02-15,2,-29.19663227479615
2025-02-15,3,-29.113299560764634
2025-02-15,4,-28.845459857320193
2025-02-15,5,-29.26694785356664
2025-02-15,6,-29.06127389404097
2025-02-15,7,-21.29206666416918
2025-02-15,8,646334684499999.9
2025-02-15,9,655879874500000.1
2025-02-15,10,662868527000000.1
2025-02-15,11,652615129000000.0
2025-02-15,12,661030326500000.0
2025-02-15,13,657775498500000.0
2025-02-15,14,662259301500000.0
2025-02-15,15,674599589999999.9
2025-02-15,16,666955856000000.0
2025-02-15,17,681583663500000.0
2025-02-15,18,655819642499999.9
2025-02-15,19,650103280500000.1
2025-02-15,20,642381603999999.9
2025-02-15,21,645691200000000.0
2025-02-15,22,646920065500000.0
2025-02-15,23,646920121500000.0
2025-02-16,0,645364173500000.0
2025-02-16,1,644357198500000.0
2025-02-16,2,644387198499999.9
2025-02-16,3,646080659499999.9
2025-02-16,4,653884284500000.0
2025-02-16,5,653026596000000.0
2025-02-16,6,643089934499999.9
2025-02-16,7,656540473499999.9
2025-02-16,8,648439804499999.9
2025-02-16,9,651357813499999.9
2025-02-16,10,655839878500000.1
2025-02-16,11,649420148500000.0
2025-02-16,12,651106727500000.0
2025-02-16,13,649914538500000.0
2025-02-16,14,659779630500000.0
2025-02-16,15,661974349500000.0
2025-02-16,16,667324219500000.0
2025-02-16,17,658477236500000.1
2025-02-16,18,808010119500000.0
2025-02-16,19,-20.502357666353603
2025-02-16,20,-19.564236389006826
2025-02-16,21,-37.82445677943572
2025-02-16,22,-67.46521639860792
2025-02-16,23,-67.37597914441758
2025-02-17,0,-59.606319540317315
2025-02-17,1,-57.285270966491346
2025-02-17,2,-36.93465174426657
2025-02-17,3,-43.06524983811705
2025-02-17,4,-60.71412818108256
2025-02-17,5,15.725465733947827
2025-02-17,6,99.48165215865595
2025-02-17,7,133.50335870531825
2025-02-17,8,1034013149499999.9
2025-02-17,9,653398023000000.0
2025-02-17,10,652457618999999.9
2025-02-17,11,653577365499999.9
2025-02-17,12,650949661500000.0
2025-02-17,13,654527763500000.0
2025-02-17,14,661065253999999.9
2025-02-17,15,662141915500000.0
2025-02-17,16,666438084500000.0
2025-02-17,17,1125966278499999.8
2025-02-17,18,2.321429673566891
2025-02-17,19,-21.545047385932723
2025-02-17,20,-20.6806000478635
2025-02-17,21,-40.02089449234212
2025-02-17,22,-59.70667304845516
2025-02-17,23,-69.54266277688862
2025-02-18,0,-61.71383358504425
2025-02-18,1,-74.20237577566445
2025-02-18,2,-78.35527586237397
2025-02-18,3,-77.05539076107378
2025-02-18,4,-75.75544975497297
2025-02-18,5,-32.81324340120811
2025-02-18,6,-16.88758411788547
2025-02-18,7,-55.656188701180575
2025-02-18,8,39.647617411288806
2025-02-18,9,659411659999999.9
2025-02-18,10,647265148500000.0
2025-02-18,11,656463264999999.9
2025-02-18,12,654560454499999.9
2025-02-18,13,650342473499999.8
2025-02-18,14,654332061500000.0
2025-02-18,15,661927949500000.0
2025-02-18,16,899886667499999.9
2025-02-18,17,952453674999999.9
2025-02-18,18,894146390499999.8
2025-02-18,19,9.104895953207787
2025-02-18,20,-36.71861250190424
2025-02-18,21,903291061500000.0
2025-02-18,22,-24.525192527277724
2025-02-18,23,700174863499999.9
2025-02-19,0,-67.29492242445068
2025-02-19,1,-79.67285800651945
2025-02-19,2,-68.20243785877254
2025-02-19,3,-79.14596698089998
2025-02-19,4,-67.73290802253392
2025-02-19,5,-44.17396049529854
2025-02-19,6,-18.61664679637667
2025-02-19,7,2613154798000000.0
2025-02-19,8,1174827781000000.0
2025-02-19,9,1266149317499999.8
2025-02-19,10,650298631000000.0
2025-02-19,11,645631334500000.0
2025-02-19,12,672339923000000.0
2025-02-19,13,703907740500000.0
2025-02-19,14,830060423500000.0
2025-02-19,15,670753663500000.1
2025-02-19,16,1026370486500000.0
2025-02-19,17,1383070748500000.0
2025-02-19,18,960688265499999.9
2025-02-19,19,898651015499999.9
2025-02-19,20,945663123500000.0
2025-02-19,21,849960271499999.9
2025-02-19,22,656537824499999.9
2025-02-19,23,657462003500000.0
2025-02-20,0,652262773000000.0
2025-02-20,1,653722360500000.0
2025-02-20,2,648474407499999.9
2025-02-20,3,653550307500000.1
2025-02-20,4,652690426500000.0
2025-02-20,5,649914098000000.0
2025-02-20,6,647873713499999.9
2025-02-20,7,653442519499999.9
2025-02-20,8,665777604500000.0
2025-02-20,9,670895535000000.0
2025-02-20,10,664491640500000.0
2025-02-20,11,659777676500000.0
2025-02-20,12,665771421500000.0
2025-02-20,13,661643092500000.0
2025-02-20,14,658871684499999.9
2025-02-20,15,653810011500000.0
2025-02-20,16,662970594000000.0
2025-02-20,17,819325180999999.9
2025-02-20,18,849795571499999.9
2025-02-20,19,785563865000000.0
2025-02-20,20,115.33812499225974
2025-02-20,21,117.00829298144272
2025-02-20,22,143.98553821767868
2025-02-20,23,660877320500000.0
2025-02-21,0,-68.48522132567975
2025-02-21,1,-57.59831872317517
2025-02-21,2,652145275500000.0
2025-02-21,3,655773892500000.0
2025-02-21,4,1228.101237533821
2025-02-21,5,-27.41380118466118
2025-02-21,6,-70.72533645463223
2025-02-21,7,746852600499999.9
2025-02-21,8,804496149500000.1
2025-02-21,9,788970345499999.9
2025-02-21,10,845183295500000.0
2025-02-21,11,842066880499999.9
2025-02-21,12,777376711500000.0
2025-02-21,13,777274753999999.9
2025-02-21,14,840784369499999.9
2025-02-21,15,950852420500000.1
2025-02-21,16,1562416447999999.8
2025-02-21,17,269.524433889641
2025-02-21,18,32.46831661110256
2025-02-21,19,-14.58829799052957
2025-02-21,20,81.92454170665125
2025-02-21,21,-32.02030379920619
2025-02-21,22,-49.71449737021568
2025-02-21,23,-49.292463163383545
2025-02-22,0,-42.15721873954698
2025-02-22,1,-77.00255538015432
2025-02-22,2,-87.9451705011518
2025-02-22,3,-75.73312962378978
2025-02-22,4,-81.40358301927748
2025-02-22,5,-77.74040850995043
2025-02-22,6,-68.4676800478662
2025-02-22,7,702375069500000.0
2025-02-22,8,835660665500000.0
2025-02-22,9,826358731000000.0
2025-02-22,10,791474707500000.0
2025-02-22,11,728032511500000.1
2025-02-22,12,833128115500000.0
2025-02-22,13,845572149999999.9
2025-02-22,14,904213208000000.0
2025-02-22,15,1169329323500000.0
2025-02-22,16,129.9885602419518
2025-02-22,17,45.9375319301467
2025-02-22,18,29.838410370047907
2025-02-22,19,49.85981509885997
2025-02-22,20,-18.98790467147101
2025-02-22,21,10.33607087503011
2025-02-22,22,-31.82705400192682
2025-02-22,23,-32.90809688012489
2025-02-23,0,-58.440456539620875
2025-02-23,1,23.649247112066362
2025-02-23,2,-47.1771759347286
2025-02-23,3,-33.6427086421209
2025-02-23,4,-67.96232216919525
2025-02-23,5,256.21331910771937
2025-02-23,6,92.32649542849852
2025-02-23,7,42.269683191872986
2025-02-23,8,647704834499999.9
2025-02-23,9,653763098000000.0
2025-02-23,10,646447456000000.0
2025-02-23,11,653381556000000.0
2025-02-23,12,646855240500000.0
2025-02-23,13,649232334999999.9
2025-02-23,14,668982950000000.0
2025-02-23,15,661899794499999.9
2025-02-23,16,653958775500000.0
2025-02-23,17,649857950000000.0
2025-02-23,18,645999599999999.9
2025-02-23,19,-83.39555799622613
2025-02-23,20,-63.9237893537285
2025-02-23,21,-64.06844104281863
2025-02-23,22,-87.407078065129
2025-02-23,23,-85.21833971518488
2025-02-24,0,-91.52306736278221
2025-02-24,1,-91.5322783545388
2025-02-24,2,-91.57593593974288
2025-02-24,3,-91.53549660148006
2025-02-24,4,-88.15312954623172
2025-02-24,5,-76.8537646698466
2025-02-24,6,-41.76815646861624
2025-02-24,7,-46.8262361427951
2025-02-24,8,844708161500000.0
2025-02-24,9,841390107499999.9
2025-02-24,10,838672739000000.0
2025-02-24,11,770606434499999.9
2025-02-24,12,706447538500000.0
2025-02-24,13,845301461499999.9
2025-02-24,14,848381461499999.9
2025-02-24,15,820455938500000.0
2025-02-24,16,720656219500000.0
2025-02-24,17,1363010225499999.8
2025-02-24,18,4654602786499999.0
2025-02-24,19,5215061635000000.0
2025-02-24,20,3704551686499999.5
2025-02-24,21,970505663500000.0
2025-02-24,22,647624282499999.9
2025-02-24,23,-33.8726608577767
2025-02-25,0,650193265500000.0
2025-02-25,1,-80.35983145905746
2025-02-25,2,-78.23151465417301
2025-02-25,3,-77.96777133550358
2025-02-25,4,-58.411021664682956
2025-02-25,5,-63.78413751237369
2025-02-25,6,-6.909863723566334
2025-02-25,7,-1.50791465803931
2025-02-25,8,647965311499999.9
2025-02-25,9,653865714999999.9
2025-02-25,10,662028804499999.9
2025-02-25,11,649054573499999.9
2025-02-25,12,654826473000000.0
2025-02-25,13,661131254499999.9
2025-02-25,14,657883303499999.9
2025-02-25,15,1029998971499999.9
2025-02-25,16,2022937828999999.5
2025-02-25,17,59.2324052677239
2025-02-25,18,-27.32516213728632
2025-02-25,19,1.1167476183003922
2025-02-25,20,-29.36452442285959
2025-02-25,21,-37.1049865829303
2025-02-25,22,-50.63953662302031
2025-02-25,23,-53.39603395850269
2025-02-26,0,-48.58469781472949
2025-02-26,1,-48.46581787792433
2025-02-26,2,-48.540719167624644
2025-02-26,3,-36.74216564751103
2025-02-26,4,-48.593409121094915
2025-02-26,5,-42.6750526664173
2025-02-26,6,-34.92788482470083
2025-02-26,7,-48.13762000502248
2025-02-26,8,-32.84279441480958
2025-02-26,9,697021542500000.0
2025-02-26,10,649176175499999.9
2025-02-26,11,647220473000000.0
2025-02-26,12,652223598000000.0
2025-02-26,13,716755294499999.9
2025-02-26,14,991273998499999.8
2025-02-26,15,1348222578500000.0
2025-02-26,16,1796908417500000.2
2025-02-26,17,3586183425499999.0
2025-02-26,18,69.76477643751579
2025-02-26,19,62.536232183405225
2025-02-26,20,81.46216016034464
2025-02-26,21,3.029161441414458
2025-02-26,22,-19.797436795126497
2025-02-26,23,11.88489167143634
2025-02-27,0,-10.983668518960837
2025-02-27,1,-46.64862175779398
2025-02-27,2,-59.59609100282379
2025-02-27,3,-58.37337147161395
2025-02-27,4,-46.45639591457275
2025-02-27,5,-35.884064508303624
2025-02-27,6,36.4608042813844
2025-02-27,7,-20.778634571291352
2025-02-27,8,15.306383454596439
2025-02-27,9,3083841730500000.0
2025-02-27,10,1619708850000000.0
2025-02-27,11,1133081430499999.8
2025-02-27,12,1120414234499999.8
2025-02-27,13,1133522715499999.8
2025-02-27,14,1121011973499999.8
2025-02-27,15,1481680979499999.8
2025-02-27,16,29063.926995249283
2025-02-27,17,59.07712302517022
2025-02-27,18,14.127178080400887
2025-02-27,19,81.00948071880332
2025-02-27,20,43.11674702807598
2025-02-27,21,18.88868986440971
2025-02-27,22,42.25156318326889
2025-02-27,23,-30.49870269778818
2025-02-28,0,-54.59602114763925
2025-02-28,1,-64.95422038524582
2025-02-28,2,-61.37482279743276
2025-02-28,3,-62.05881938383817
2025-02-28,4,-63.425157034997035
2025-02-28,5,-60.03405187650789
2025-02-28,6,-32.904869489250785
2025-02-28,7,-43.14288676028495
2025-02-28,8,-41.44020834032197
2025-02-28,9,-16.597420295377916
2025-02-28,10,1219231455500000.0
2025-02-28,11,868377163499999.9
2025-02-28,12,775293709499999.9
2025-02-28,13,810110030500000.0
2025-02-28,14,941640111499999.9
2025-02-28,15,1130780068999999.8
2025-02-28,16,1226360448499999.8
2025-02-28,17,2578957580500000.0
2025-02-28,18,114.73004064397975
2025-02-28,19,37.32498844878394
2025-02-28,20,37.89640193314675
2025-02-28,21,10.17394917198092
2025-02-28,22,-5.976557973983933
2025-02-28,23,-36.34568340943112
2025-03-01,0,-37.98132618759748
2025-03-01,1,-36.85227362208393
2025-03-01,2,-38.654848964495855
2025-03-01,3,-54.41601951428564
2025-03-01,4,-45.79268472986609
2025-03-01,5,-39.27474515562282
2025-03-01,6,-28.349204041537977
2025-03-01,7,-49.474987542998214
2025-03-01,8,-62.82146027877702
2025-03-01,9,-18.067329967155707
2025-03-01,10,11545.583091396275
2025-03-01,11,769953025000000.0
2025-03-01,12,641858934499999.9
2025-03-01,13,693495980500000.0
2025-03-01,14,685604307500000.0
2025-03-01,15,661392118999999.9
2025-03-01,16,832540655500000.0
2025-03-01,17,1739674677000000.0
2025-03-01,18,435.04376770346613
2025-03-01,19,393.88494147825844
2025-03-01,20,8.319968128304923
2025-03-01,21,-28.061668432487732
2025-03-01,22,-45.78214763567506
2025-03-01,23,1501965765500000.0
2025-03-02,0,-21.289974134127622
2025-03-02,1,-41.04969120080494
2025-03-02,2,-40.826889514181055
2025-03-02,3,-41.3612333963498
2025-03-02,4,-41.334871653227346
2025-03-02,5,-41.56728112922907
2025-03-02,6,-41.9966715702523
2025-03-02,7,-48.0026021614208
2025-03-02,8,650127177000000.0
2025-03-02,9,652897138500000.0
2025-03-02,10,645517143500000.0
2025-03-02,11,641637128999999.9
2025-03-02,12,652084125499999.9
2025-03-02,13,652822400000000.0
2025-03-02,14,656346200000000.0
2025-03-02,15,653670204500000.0
2025-03-02,16,659887869500000.0
2025-03-02,17,651877330499999.9
2025-03-02,18,654456396000000.0
2025-03-02,19,649425269500000.0
2025-03-02,20,646419478499999.9
2025-03-02,21,648609265000000.0
2025-03-02,22,645810430500000.0
2025-03-02,23,653304002500000.0
2025-03-03,0,76.45518959272273
2025-03-03,1,78.10016597251342
2025-03-03,2,7.483858970062851
2025-03-03,3,42.22215035001164
2025-03-03,4,-18.741227256098963
2025-03-03,5,-1.9148185099917134
2025-03-03,6,116.82579632282487
2025-03-03,7,84.62338867104778
2025-03-03,8,651285063499999.9
2025-03-03,9,654445301500000.0
2025-03-03,10,654350545500000.0
2025-03-03,11,649487880499999.9
2025-03-03,12,655720473000000.0
2025-03-03,13,656802354500000.0
2025-03-03,14,652076196000000.1
2025-03-03,15,655817239500000.0
2025-03-03,16,661909803500000.0
2025-03-03,17,661056753999999.9
2025-03-03,18,652322953500000.0
2025-03-03,19,114.29244017593362
2025-03-03,20,236.87105849207933
2025-03-03,21,75.03784349728377
2025-03-03,22,77.14276730327916
2025-03-03,23,115.7029767823717
2025-03-04,0,-72.26159636473044
2025-03-04,1,-70.34567416477353
2025-03-04,2,-69.06115974513192
2025-03-04,3,647221334500000.0
2025-03-04,4,-68.45041415211378
2025-03-04,5,560.5926919651612
2025-03-04,6,13.767101783044511
2025-03-04,7,-21.245249127090265
2025-03-04,8,713409134499999.9
2025-03-04,9,660789931000000.0
2025-03-04,10,656085219500000.0
2025-03-04,11,663549973000000.0
2025-03-04,12,659467772999999.9
2025-03-04,13,651460464999999.9
2025-03-04,14,685605094500000.0
2025-03-04,15,897691079000000.0
2025-03-04,16,1886062646500000.0
2025-03-04,17,95.89185948781804
2025-03-04,18,38.77857510004006
2025-03-04,19,4.401072729245037
2025-03-04,20,21.32596473052163
2025-03-04,21,-22.059624078085065
2025-03-04,22,-29.48466043253968
2025-03-04,23,-28.177734013765626
2025-03-05,0,-47.96738583612654
2025-03-05,1,-61.30607913971245
2025-03-05,2,-69.09319814638874
2025-03-05,3,-68.77499936889018
2025-03-05,4,-70.79025075424404
2025-03-05,5,-60.92934725841269
2025-03-05,6,-35.252308786437105
2025-03-05,7,-64.36175794275103
2025-03-05,8,3358.0951218901237
2025-03-05,9,654468127000000.0
2025-03-05,10,648539348500000.0
2025-03-05,11,656757964999999.9
2025-03-05,12,650820084999999.9
2025-03-05,13,658525871500000.1
2025-03-05,14,658947696000000.0
2025-03-05,15,661610322999999.9
2025-03-05,16,663972131000000.0
2025-03-05,17,662715230500000.0
2025-03-05,18,1754640301999999.5
2025-03-05,19,2728953205999999.5
2025-03-05,20,2732579084500000.0
2025-03-05,21,2062302205500000.0
2025-03-05,22,644166078500000.0
2025-03-05,23,656335550499999.9
2025-03-07,0,652652609499999.9
2025-03-07,1,657296655999999.9
2025-03-07,2,650246419000000.0
2025-03-07,3,652087625000000.0
2025-03-07,4,651104219500000.0
2025-03-07,5,654149507499999.9
2025-03-07,6,647655205500000.0
2025-03-07,7,656718609500000.0
2025-03-07,8,652253478999999.9
2025-03-07,9,647696738499999.9
2025-03-07,10,656241461499999.9
2025-03-07,11,653492746500000.0
2025-03-07,12,654746209500000.0
2025-03-07,13,658888256000000.0
2025-03-07,14,645030786499999.9
2025-03-07,15,663810953499999.9
2025-03-07,16,656601553499999.9
2025-03-07,17,16.085803846396253
2025-03-07,18,-17.985221798989333
2025-03-07,19,-5.255928254033685
2025-03-07,20,-37.28062100414189
2025-03-07,21,-68.74216616793738
2025-03-07,22,-78.82422625386556
2025-03-07,23,-74.48314109555602
2025-03-08,0,640966750000000.0
2025-03-08,1,-74.66418911362072
2025-03-08,2,-65.24188849604508
2025-03-08,3,-59.06764706389214
2025-03-08,4,-54.925079194519576
2025-03-08,5,241.05537724725494
2025-03-08,6,-64.33211020217703
2025-03-08,7,32.78740081220225
2025-03-08,8,654229129499999.9
2025-03-08,9,650700715000000.0
2025-03-08,10,652649986500000.1
2025-03-08,11,643841465499999.9
2025-03-08,12,690038254500000.0
2025-03-08,13,965725526499999.9
2025-03-08,14,1817476146000000.0
2025-03-08,15,3295771300499999.5
2025-03-08,16,3276760680500000.0
2025-03-08,17,210.3275132917278
2025-03-08,18,-23.565421714115498
2025-03-08,19,-25.782121716920837
2025-03-08,20,-25.66137777007438
2025-03-08,21,-34.64496896960855
2025-03-08,22,-36.42922355638261
2025-03-08,23,-42.13346525797295
2025-03-09,0,-50.24471821004379
2025-03-09,1,-50.707667205734715
2025-03-09,2,-60.30470075628997
2025-03-09,3,-65.17921516294639
2025-03-09,4,-38.7729661938607
2025-03-09,5,-50.53159164437915
2025-03-09,6,-58.46177327114829
2025-03-09,7,-57.191213839117154
2025-03-09,8,-69.12178471125759
2025-03-09,9,653706535000000.0
2025-03-09,10,656009223000000.0
2025-03-09,11,651573622999999.9
2025-03-09,12,650375630499999.9
2025-03-09,13,696282005499999.9
2025-03-09,14,1518945753499999.8
2025-03-09,15,5653514238500000.0
2025-03-09,16,457.31946442558575
2025-03-09,17,49.223492281509905
2025-03-09,18,-17.744356114403978
2025-03-09,19,-12.884053020390008
2025-03-09,20,-30.858608286108765
2025-03-09,21,-44.09391373607162
2025-03-09,22,-53.42774183249616
2025-03-09,23,-55.4056900202261
2025-03-10,0,-39.319974592886936
2025-03-10,1,-65.66198236024223
2025-03-10,2,-68.00711512454873
2025-03-10,3,-63.60677809745985
2025-03-10,4,-62.45135951889317
2025-03-10,5,-66.5032755368084
2025-03-10,6,-61.8849301060009
2025-03-10,7,-70.77950095737395
2025-03-10,8,-19.969621853523712
2025-03-10,9,1103777699999999.6
2025-03-10,10,1118287668999999.9
2025-03-10,11,1154187955499999.5
2025-03-10,12,1668649125000000.0
2025-03-10,13,2194551200000000.0
2025-03-10,14,4913882500000000.0
2025-03-10,15,6760666490500001.0
2025-03-10,16,101.99846882012403
2025-03-10,17,26.97070590846248
2025-03-10,18,-11.732654555786919
2025-03-10,19,-19.754640906565836
2025-03-10,20,-29.823556137036196
2025-03-10,21,9.37083156794603
2025-03-10,22,-32.887963167648586
2025-03-10,23,-60.368952703660376
2025-03-11,0,-75.32998090753026
2025-03-11,1,-80.54335344379118
2025-03-11,2,-67.20962799051927
2025-03-11,3,-69.60183599418488
2025-03-11,4,-64.75704081720768
2025-03-11,5,-55.63898734314435
2025-03-11,6,-42.20880142329656
2025-03-11,7,4.866862922525918
2025-03-11,8,-30.262798524102525
2025-03-11,9,-14.817295666090244
2025-03-11,10,29.866393488205357
2025-03-11,11,29.64012910012548
2025-03-11,12,42.206294612051444
2025-03-11,13,161.90966554525542
2025-03-11,14,3107237617500000.0
2025-03-11,15,-1.422923380294064
2025-03-11,16,264.4826362426584
2025-03-11,17,34.78973904839887
2025-03-11,18,45.435231797107754
2025-03-11,19,39.05218088471741
2025-03-11,20,11.093100612955347
2025-03-11,21,-18.32257698659875
2025-03-11,22,-34.25599616043616
2025-03-11,23,-50.80675555612657
2025-03-12,0,-30.88988816976087
2025-03-12,1,-45.85837888816277
2025-03-12,2,-54.773188052541165
2025-03-12,3,-47.83696855086575
2025-03-12,4,-58.64311453453699
2025-03-12,5,-66.38394859856065
2025-03-12,6,-43.95752433657221
2025-03-12,7,-53.77003559502527
2025-03-12,8,-32.214745439902295
2025-03-12,9,62.9346193919411
2025-03-12,10,2035699843500000.0
2025-03-12,11,1106131486499999.9
2025-03-12,12,1130037203999999.8
2025-03-12,13,1128048330999999.8
2025-03-12,14,1165100955499999.8
2025-03-12,15,1557146350000000.0
2025-03-12,16,3833609713500000.5
2025-03-12,17,375.6676182768337
2025-03-12,18,55.37457025039743
2025-03-12,19,31.36205095547943
2025-03-12,20,55.89466591200607
2025-03-12,21,-34.05269178858538
2025-03-12,22,-5.7098879033549395
2025-03-12,23,-33.215488539618924
2025-03-13,0,-60.964083156356004
2025-03-13,1,-63.77067074955066
2025-03-13,2,-46.82110485992419
2025-03-13,3,-47.40396312039237
2025-03-13,4,-38.66974671067386
2025-03-13,5,-48.81559303504913
2025-03-13,6,-33.005744673597995
2025-03-13,7,-34.81776593177164
2025-03-13,8,2.924944082290296
2025-03-13,9,1268126850499999.8
2025-03-13,10,1093239730999999.9
2025-03-13,11,1008609519499999.9
2025-03-13,12,997690644499999.8
2025-03-13,13,1005323078999999.9
2025-03-13,14,1416792015499999.8
2025-03-13,15,2186153286499999.8
2025-03-13,16,3978127285000000.0
2025-03-13,17,70.81425883049661
2025-03-13,18,45.49200559234774
2025-03-13,19,52.662976549697305
2025-03-13,20,-21.00493994576378
2025-03-13,21,-35.959910296143406
2025-03-13,22,-45.52021075816914
2025-03-13,23,-43.559746682849784
2025-03-14,0,-54.45469338310988
2025-03-14,1,-54.79231328099688
2025-03-14,2,-50.67271343268406
2025-03-14,3,-43.85806347505562
2025-03-14,4,-52.690193940610655
2025-03-14,5,-38.123902326268734
2025-03-14,6,25.636805963013135
2025-03-14,7,-35.77717261595727
2025-03-14,8,-31.635136310155723
2025-03-14,9,1182516925000000.0
2025-03-14,10,1117738726499999.8
2025-03-14,11,1115692907499999.6
2025-03-14,12,1121164734500000.0
2025-03-14,13,1117194740500000.0
2025-03-14,14,1979004861499999.8
2025-03-14,15,4843778197500000.0
2025-03-14,16,125.17461105235678
2025-03-14,17,34.53994211948965
2025-03-14,18,-7.192555593506404
2025-03-14,19,51.56139401441766
2025-03-14,20,-0.4665543530999637
2025-03-14,21,-15.742346816577248
2025-03-14,22,-19.987698758708305
2025-03-14,23,13.733744685428492
2025-03-15,0,122.61092701197444
2025-03-15,1,11.762855608294101
2025-03-15,2,-7.61495857222866
2025-03-15,3,-18.155475482458826
2025-03-15,4,-17.939376789809895
2025-03-15,5,-10.573954361785566
2025-03-15,6,-12.856536057873992
2025-03-15,7,-46.001622419093046
2025-03-15,8,1301714136500000.0
2025-03-15,9,1015031154499999.8
2025-03-15,10,1009031530499999.9
2025-03-15,11,998990999500000.0
2025-03-15,12,1025977642499999.9
2025-03-15,13,1053804854000000.0
2025-03-15,14,1299219434500000.0
2025-03-15,15,3400863700000000.0
2025-03-15,16,135.08982041642005
2025-03-15,17,-0.5552300697646562
2025-03-15,18,-16.91041074770629
2025-03-15,19,1.8580220322226213
2025-03-15,20,-26.339265586665856
2025-03-15,21,-26.782795384518504
2025-03-15,22,-48.10907015900422
2025-03-15,23,-45.22608396054981
2025-03-16,0,-17.61424845731389
2025-03-16,1,-55.23424391561005
2025-03-16,2,-83.67734692138254
2025-03-16,3,-86.96501319230178
2025-03-16,4,-90.71335377178244
2025-03-16,5,-90.78478299664624
2025-03-16,6,-60.915853842639194
2025-03-16,7,-72.33878099661703
2025-03-16,8,-79.15220110566825
2025-03-16,9,641907329000000.0
2025-03-16,10,646762828999999.9
2025-03-16,11,651684755499999.9
2025-03-16,12,645317948499999.9
2025-03-16,13,642667250000000.0
2025-03-16,14,638785524999999.9
2025-03-16,15,641665255499999.9
2025-03-16,16,651716148500000.0
2025-03-16,17,635200423499999.9
2025-03-16,18,640392861500000.0
2025-03-16,19,635308478999999.9
2025-03-16,20,638450275000000.0
2025-03-16,21,646875655500000.1
2025-03-16,22,644647654000000.0
2025-03-16,23,644508419500000.0
2025-03-17,0,639309180500000.0
2025-03-17,1,644808225000000.0
2025-03-17,2,640308674999999.9
2025-03-17,3,646424324500000.1
2025-03-17,4,643132325500000.0
2025-03-17,5,650922650500000.0
2025-03-17,6,647369990499999.9
2025-03-17,7,649655449500000.0
2025-03-17,8,650772313500000.0
2025-03-17,9,648498011500000.0
2025-03-17,10,647408450500000.0
2025-03-17,11,643800080500000.0
2025-03-17,12,645608225000000.0
2025-03-17,13,648549324500000.1
2025-03-17,14,639689323499999.9
2025-03-17,15,658265275500000.0
2025-03-17,16,655559225000000.0
2025-03-17,17,978211709499999.9
2025-03-17,18,37.504930523390826
2025-03-17,19,-3.2535721142965026
2025-03-17,20,51.35631808043679
2025-03-17,21,-10.217862338270127
2025-03-17,22,-77.51180682638724
2025-03-17,23,-54.17096789654336
2025-03-18,0,-69.66190614150837
2025-03-18,1,-75.72820843366287
2025-03-18,2,-76.0704632397228
2025-03-18,3,-73.59422531279634
2025-03-18,4,-19.93718653853661
2025-03-18,5,-8.421076372795051
2025-03-18,6,58.97227525520486
2025-03-18,7,39.26617230116627
2025-03-18,8,678.062038891164
2025-03-18,9,650846749500000.0
2025-03-18,10,652039505999999.9
2025-03-18,11,880695590999999.9
2025-03-18,12,647780330500000.0
2025-03-18,13,651503669000000.0
2025-03-18,14,648524004499999.9
2025-03-18,15,663242521500000.0
2025-03-18,16,1302056040000000.0
2025-03-18,17,182.15675070021507
2025-03-18,18,-20.35007345072798
2025-03-18,19,-19.846875582439118
2025-03-18,20,-34.691652656828275
2025-03-18,21,-27.92564120745799
2025-03-18,22,-55.50923881096737
2025-03-18,23,-67.1746235345307
2025-03-19,0,-40.798077097767845
2025-03-19,1,-41.57781637813274
2025-03-19,2,-58.38604432113318
2025-03-19,3,-74.10816823259238
2025-03-19,4,-76.16286600748835
2025-03-19,5,-39.77776508038729
2025-03-19,6,-29.249829850731942
2025-03-19,7,-39.38627903083192
2025-03-19,8,63.26559417386782
2025-03-19,9,798051555999999.9
2025-03-19,10,665796425000000.0
2025-03-19,11,656662880499999.9
2025-03-19,12,666234530999999.9
2025-03-19,13,656931403499999.9
2025-03-19,14,662438350000000.0
2025-03-19,15,731082425000000.0
2025-03-19,16,2784298434500000.0
2025-03-19,17,146.02074917887893
2025-03-19,18,75.65808889469841
2025-03-19,19,-18.41040518967079
2025-03-19,20,-30.014365606729484
2025-03-19,21,-25.263434129280913
2025-03-19,22,-41.223875624244904
2025-03-19,23,-27.99498317540116
2025-03-20,0,-35.81376923495034
2025-03-20,1,-78.07814999841354
2025-03-20,2,-73.63779718433287
2025-03-20,3,-68.36097761560286
2025-03-20,4,-69.75330592811416
2025-03-20,5,-82.00358598097183
2025-03-20,6,-76.67022104816719
2025-03-20,7,-75.11685041814121
2025-03-20,8,-69.7278499349398
2025-03-20,9,-80.290931135214
2025-03-20,10,-81.52114597823414
2025-03-20,11,-51.14733921038195
2025-03-20,12,1026842114999999.9
2025-03-20,13,359.4274416111046
2025-03-20,14,1062776304000000.1
2025-03-20,15,2540326839499999.5
2025-03-20,16,23.336115479655497
2025-03-20,17,36.672832184033595
2025-03-20,18,19.825632147285113
2025-03-20,19,43.44718682894971
2025-03-20,20,28.425021553380294
2025-03-20,21,-19.786875213114143
2025-03-20,22,-34.16475374240069
2025-03-20,23,-54.83326725925591
2025-03-21,0,-58.14091930518923
2025-03-21,1,-52.67311957546087
2025-03-21,2,-53.690974615400954
2025-03-21,3,-46.22001067499671
2025-03-21,4,-61.37193814729939
2025-03-21,5,-43.70168734266138
2025-03-21,6,-13.845884880971315
2025-03-21,7,32.9764106973673
2025-03-21,8,-3.5900016892849895
2025-03-21,9,3991726751499999.5
2025-03-21,10,2322552346500000.0
2025-03-21,11,1799252436500000.0
2025-03-21,12,1754536719000000.5
2025-03-21,13,1743203000000000.0
2025-03-21,14,1763250904000000.5
2025-03-21,15,1770743715000000.0
2025-03-21,16,1930232946499999.8
2025-03-21,17,5419976616999999.0
2025-03-21,18,31.83327102315435
2025-03-21,19,116.43378666620089
2025-03-21,20,55.829425246860616
2025-03-21,21,39.959372284307605
2025-03-21,22,-8.032801515153581
2025-03-21,23,-6.712414864724775
2025-03-22,0,-32.14818282076055
2025-03-22,1,-39.67537942893474
2025-03-22,2,-48.42388463842346
2025-03-22,3,-52.24315787860032
2025-03-22,4,-54.0176049303289
2025-03-22,5,-26.897191335444607
2025-03-22,6,-19.596590202501677
2025-03-22,7,-12.691891738647454
2025-03-22,8,-33.6020527891385
2025-03-22,9,647181542500000.0
2025-03-22,10,665665524499999.9
2025-03-22,11,651246503999999.9
2025-03-22,12,640631500000000.0
2025-03-22,13,909815846000000.0
2025-03-22,14,658683478999999.9
2025-03-22,15,646716429000000.0
2025-03-22,16,827364080999999.9
2025-03-22,17,3394012193999999.5
2025-03-22,18,4195282540499999.0
2025-03-22,19,6.206962407881036
2025-03-22,20,-32.488464499538054
2025-03-22,21,-47.110283492866145
2025-03-22,22,-76.78933247686112
2025-03-22,23,-71.38712375723706
2025-03-23,0,-78.76036686179857
2025-03-23,1,-84.1234051234094
2025-03-23,2,-85.28572120331937
2025-03-23,3,-85.64120529066605
2025-03-23,4,-81.54596503821652
2025-03-23,5,-74.80736702292461
2025-03-23,6,-38.54394040895221
2025-03-23,7,-54.096148009351246
2025-03-23,8,-10.927947754056266
2025-03-23,9,650063799499999.9
2025-03-23,10,657855350000000.0
2025-03-23,11,651163725500000.0
2025-03-23,12,648181044000000.0
2025-03-23,13,653147654000000.0
2025-03-23,14,648273930500000.0
2025-03-23,15,649755223499999.9
2025-03-23,16,754800890499999.9
2025-03-23,17,1440849196499999.8
2025-03-23,18,28.78523518832459
2025-03-23,19,54.55996581512596
2025-03-23,20,-5.332708218810718
2025-03-23,21,-60.18608384722619
2025-03-23,22,-58.49760773605095
2025-03-23,23,-31.790963298175996
2025-03-24,0,-36.40976857462287
2025-03-24,1,777978024500000.0
2025-03-24,2,773362361500000.0
2025-03-24,3,777245250499999.9
2025-03-24,4,-0.8019293833848364
2025-03-24,5,89.51381287116634
2025-03-24,6,299.69577129974266
2025-03-24,7,211.54074604988367
2025-03-24,8,976394751500000.0
2025-03-24,9,681544929499999.9
2025-03-24,10,654705330500000.0
2025-03-24,11,652160823499999.9
2025-03-24,12,661460507500000.0
2025-03-24,13,641339830499999.9
2025-03-24,14,654229192500000.0
2025-03-24,15,653997000000000.0
2025-03-24,16,657930088499999.9
2025-03-24,17,907555326500000.0
2025-03-24,18,2307140469000000.0
2025-03-24,19,2258317972500000.0
2025-03-24,20,816168384499999.9
2025-03-24,21,649399500499999.9
2025-03-24,22,646540461500000.0
2025-03-24,23,646148930500000.0
2025-03-25,0,638882269499999.9
2025-03-25,1,645207117500000.0
2025-03-25,2,645565419000000.0
2025-03-25,3,643590994000000.0
2025-03-25,4,790339492499999.9
2025-03-25,5,1061827071500000.0
2025-03-25,6,2612458019500000.0
2025-03-25,7,2531531469000000.0
2025-03-25,8,952287359500000.1
2025-03-25,9,675664111999999.9
2025-03-25,10,655328997999999.9
2025-03-25,11,649505059999999.9
2025-03-25,12,649314063500000.0
2025-03-25,13,652104192500000.0
2025-03-25,14,656364188500000.0
2025-03-25,15,643856480500000.0
2025-03-25,16,651052500500000.0
2025-03-25,17,1534404976999999.8
2025-03-25,18,955.7035270783854
2025-03-25,19,846.4351538962733
2025-03-25,20,550.6894328610778
2025-03-25,21,895.8036905385878
2025-03-25,22,75.45172854832003
2025-03-25,23,646897473000000.0
2025-03-26,0,25.00771552432934
2025-03-26,1,-60.44162095639413
2025-03-26,2,-60.45491195739031
2025-03-26,3,-59.997588245853095
2025-03-26,4,-79.16752748419786
2025-03-26,5,-3.5927310775655346
2025-03-26,6,-30.364944992824505
2025-03-26,7,39.469420690441474
2025-03-26,8,-1.725581898715858
2025-03-26,9,649270909500000.0
2025-03-26,10,650737659499999.9
2025-03-26,11,644397138500000.0
2025-03-26,12,648572456000000.0
2025-03-26,13,654620604499999.9
2025-03-26,14,649989125499999.9
2025-03-26,15,650846861500000.1
2025-03-26,16,650362618999999.9
2025-03-26,17,653097980499999.9
2025-03-26,18,647802934499999.9
2025-03-26,19,649299200000000.0
2025-03-26,20,657457057500000.1
2025-03-26,21,650072078999999.9
2025-03-26,22,639158605500000.0
2025-03-26,23,641432844500000.0
2025-03-27,0,645049181000000.0
2025-03-27,1,646422988499999.9
2025-03-27,2,648115011500000.0
2025-03-27,3,814789886500000.0
2025-03-27,4,964031680999999.8
2025-03-27,5,848003378500000.0
2025-03-27,6,854981455999999.9
2025-03-27,7,810963129499999.9
2025-03-27,8,696314786500000.0
2025-03-27,9,711014800000000.0
2025-03-27,10,699404817500000.0
2025-03-27,11,700389800000000.0
2025-03-27,12,696848130499999.9
2025-03-27,13,713848130499999.9
2025-03-27,14,703398125499999.9
2025-03-27,15,701806469500000.0
2025-03-27,16,771293884499999.9
2025-03-27,17,2078916025000000.0
2025-03-27,18,85.42956833396183
2025-03-27,19,96.94065597748066
2025-03-27,20,102.74976021110598
2025-03-27,21,37.8993717669487
2025-03-27,22,17.162656250374244
2025-03-27,23,83.03898003287539
2025-03-28,0,209.32631102759058
2025-03-28,1,74.24417426456375
2025-03-28,2,29.74718176150666
2025-03-28,3,-0.9258769163821079
2025-03-28,4,0.574160615936799
2025-03-28,5,4.945026086820442
2025-03-28,6,-9.79931862363713
2025-03-28,7,-25.165042458704068
2025-03-28,8,107.36914946363622
2025-03-28,9,1999004935000000.0
2025-03-28,10,1982140634499999.8
2025-03-28,11,1664319959500000.0
2025-03-28,12,1613118171500000.0
2025-03-28,13,1612011045500000.0
2025-03-28,14,1649977529000000.0
2025-03-28,15,2551164344000000.0
2025-03-28,16,3633627896500000.5
2025-03-28,17,493.93521679677735
2025-03-28,18,69.16313052447643
2025-03-28,19,42.50527674330302
2025-03-28,20,149.05786946581966
2025-03-28,21,36.74691613389127
2025-03-28,22,15.128828851444366
2025-03-28,23,61.22084152189686
2025-03-29,0,20.90986594271118
2025-03-29,1,-32.42964507912282
2025-03-29,2,3.527425430005262
2025-03-29,3,-48.08846169532705
2025-03-29,4,-21.887239589815724
2025-03-29,5,-6.45319802699049
2025-03-29,6,-9.57648969237907
2025-03-29,7,58.27574912129929
2025-03-29,8,2612449594499999.5
2025-03-29,9,640426044500000.0
2025-03-29,10,642582849500000.0
2025-03-29,11,645039128999999.9
2025-03-29,12,649299125000000.0
2025-03-29,13,650398930500000.0
2025-03-29,14,640482325500000.0
2025-03-29,15,642924125000000.0
2025-03-29,16,657011040499999.9
2025-03-29,17,654759828500000.0
2025-03-29,18,1186376994500000.0
2025-03-29,19,1220332125000000.0
2025-03-29,20,865598288500000.1
2025-03-29,21,642700275000000.0
2025-03-29,22,642423986500000.0
2025-03-29,23,637333419500000.0
2025-04-01,0,89.43358221967657
2025-04-01,1,-54.804762542969485
2025-04-01,2,-42.405603180572434
2025-04-01,3,-32.498060199156946
2025-04-01,4,-30.12818734315058
2025-04-01,5,-57.01321412267796
2025-04-01,6,-56.918841285469696
2025-04-01,7,-57.52498510380031
2025-04-01,8,645048599500000.0
2025-04-01,9,658030567500000.0
2025-04-01,10,644778673499999.9
2025-04-01,11,652160763499999.9
2025-04-01,12,651506473499999.8
2025-04-01,13,655501334500000.0
2025-04-01,14,647657550000000.0
2025-04-01,15,643141270500000.0
2025-04-01,16,807831490500000.0
2025-04-01,17,-0.6533806592964646
2025-04-01,18,47.16296215129218
2025-04-01,19,-28.889200819506794
2025-04-01,20,-64.2275488983417
2025-04-01,21,-66.73264923001332
2025-04-01,22,-79.08478161962425
2025-04-01,23,-75.4055201372602
2025-04-02,0,-79.52447196235593
2025-04-02,1,-82.90306468787392
2025-04-02,2,-81.36241755521067
2025-04-02,3,-81.53415939364163
2025-04-02,4,-65.18687865448976
2025-04-02,5,-51.264565795649006
2025-04-02,6,-16.66880090757553
2025-04-02,7,-2.497782959446013
2025-04-02,8,63.718279861790464
2025-04-02,9,1515635488500000.0
2025-04-02,10,642897135000000.0
2025-04-02,11,649373744500000.0
2025-04-02,12,665097779000000.0
2025-04-02,13,686835150000000.0
2025-04-02,14,649384521000000.0
2025-04-02,15,649507069500000.0
2025-04-02,16,651759340500000.0
2025-04-02,17,2236091700499999.8
2025-04-02,18,237.41185455448456
2025-04-02,19,176.92046931305163
2025-04-02,20,69.05810974054445
2025-04-02,21,24.178292488348212
2025-04-02,22,-14.110335734458317
2025-04-02,23,5.423068513002489
2025-04-03,0,-76.89064255475672
2025-04-03,1,-77.65689685307643
2025-04-03,2,-75.79349238834622
2025-04-03,3,-77.15495858546652
2025-04-03,4,-76.79553636715077
2025-04-03,5,-54.62167789665116
2025-04-03,6,-18.181094241449212
2025-04-03,7,-31.878019308654512
2025-04-03,8,-56.320738133339155
2025-04-03,9,645180200500000.0
2025-04-03,10,648665461500000.0
2025-04-03,11,649690599999999.9
2025-04-03,12,645807663500000.0
2025-04-03,13,649066932500000.0
2025-04-03,14,647046703499999.9
2025-04-03,15,647236158000000.0
2025-04-03,16,661695949500000.0
2025-04-03,17,743883969500000.0
2025-04-03,18,-21.233962421802477
2025-04-03,19,-24.094344777005084
2025-04-03,20,45.17559684693128
2025-04-03,21,-29.574745765705515
2025-04-03,22,-68.2050481705593
2025-04-03,23,-19.865507641485227
2025-04-04,0,-82.39556757943839
2025-04-04,1,-82.15311903808279
2025-04-04,2,-81.21219928446075
2025-04-04,3,-82.99682015242611
2025-04-04,4,-82.83962781554476
2025-04-04,5,-64.16258862213814
2025-04-04,6,-21.149315348398314
2025-04-04,7,-20.85423179461232
2025-04-04,8,-50.70911022999853
2025-04-04,9,-34.49482541697575
2025-04-04,10,1194602670500000.0
2025-04-04,11,890012254499999.8
2025-04-04,12,645412384500000.0
2025-04-04,13,655062341999999.9
2025-04-04,14,649793456000000.0
2025-04-04,15,653492449999999.9
2025-04-04,16,663316336499999.9
2025-04-04,17,643134860500000.0
2025-04-04,18,-70.37460866440489
2025-04-04,19,-44.79837387222172
2025-04-04,20,26.43994108071741
2025-04-04,21,-79.42111435594019
2025-04-04,22,-65.22054917874145
2025-04-04,23,-68.63050554291195
2025-04-05,0,-86.62436326106464
2025-04-05,1,-88.88350717643893
2025-04-05,2,-81.4602888676274
2025-04-05,3,-84.24259513289016
2025-04-05,4,-82.70471836791661
2025-04-05,5,-34.47705494693833
2025-04-05,6,-47.17024460735542
2025-04-05,7,-64.40797568413821
2025-04-05,8,-27.74785916812422
2025-04-05,9,1256272190500000.0
2025-04-05,10,658428275000000.0
2025-04-05,11,659378913000000.0
2025-04-05,12,650138531000000.0
2025-04-05,13,653413544499999.9
2025-04-05,14,648078273499999.9
2025-04-05,15,648194128999999.9
2025-04-05,16,962773182499999.9
2025-04-05,17,188.97429515529538
2025-04-05,18,62.57957599563882
2025-04-05,19,36.01182556677677
2025-04-05,20,-16.893151250639722
2025-04-05,21,-35.839502798316445
2025-04-05,22,-38.604758123342414
2025-04-05,23,10.053844532792754
2025-04-06,0,-27.69401490286076
2025-04-06,1,-44.36970345442239
2025-04-06,2,-49.10159021778315
2025-04-06,3,-52.145535705106376
2025-04-06,4,-73.94331836749026
2025-04-06,5,-69.65940447534174
2025-04-06,6,-67.60401600893871
2025-04-06,7,-73.44925406435813
2025-04-06,8,-55.631311889896395
2025-04-06,9,651712598499999.9
2025-04-06,10,652253598000000.0
2025-04-06,11,647237442000000.0
2025-04-06,12,944185851999999.9
2025-04-06,13,644451569500000.0
2025-04-06,14,650015404000000.0
2025-04-06,15,646562793500000.0
2025-04-06,16,658664634499999.9
2025-04-06,17,996394484999999.9
2025-04-06,18,-4.324877788544969
2025-04-06,19,-20.439403927431414
2025-04-06,20,-37.679254938006565
2025-04-06,21,-37.362809952371904
2025-04-06,22,-37.04898581912677
2025-04-06,23,-16.365301465977623
2025-04-07,0,-58.17436419224946
2025-04-07,1,-63.96916308415201
2025-04-07,2,-63.11752831587817
2025-04-07,3,-59.614149359765086
2025-04-07,4,-69.68612200037755
2025-04-07,5,-64.06800189135804
2025-04-07,6,-34.44435620197433
2025-04-07,7,-40.72127358611101
2025-04-07,8,-36.28458435097166
2025-04-07,9,-64.81297172865166
2025-04-07,10,-35.97505630711469
2025-04-07,11,1011910969499999.9
2025-04-07,12,1003094049499999.8
2025-04-07,13,1014501880499999.9
2025-04-07,14,1008085475000000.0
2025-04-07,15,1021119299999999.9
2025-04-07,16,1422280361499999.8
2025-04-07,17,205.33169333130198
2025-04-07,18,166.37337283376087
2025-04-07,19,40.45168998393122
2025-04-07,20,44.2706451839512
2025-04-07,21,51.97465840359666
2025-04-07,22,39.037764065752285
2025-04-07,23,101.35790359803276
2025-04-08,0,20.383726035787255
2025-04-08,1,-4.8369997422902
2025-04-08,2,-27.204389857660182
2025-04-08,3,-24.004150898032677
2025-04-08,4,-18.820063799545395
2025-04-08,5,-12.95937251921658
2025-04-08,6,8.884482757849462
2025-04-08,7,5.598642293497314
2025-04-08,8,4.264342308861725
2025-04-08,9,34.524452490639895
2025-04-08,10,1145973007499999.8
2025-04-08,11,1121114624999999.9
2025-04-08,12,1110731869500000.0
2025-04-08,13,1129297944500000.0
2025-04-08,14,1116473324999999.9
2025-04-08,15,1128906413499999.8
2025-04-08,16,2544975369000000.0
2025-04-08,17,172.85337499251327
2025-04-08,18,130.63494097462183
2025-04-08,19,31.674992965321593
2025-04-08,20,35.69553886978953
2025-04-08,21,6.474923159691373
2025-04-08,22,96.33002469832866
2025-04-08,23,16.242828559614214
2025-04-09,0,-11.04229607772335
2025-04-09,1,-48.132977468913026
2025-04-09,2,-36.47409795185818
2025-04-09,3,-46.748456874104335
2025-04-09,4,-32.42955670179164
2025-04-09,5,-9.802852158457627
2025-04-09,6,19.67709903919951
2025-04-09,7,30.90151488401857
2025-04-09,8,13.581128248037592
2025-04-09,9,-29.914275149313774
2025-04-09,10,-37.170934796722456
2025-04-09,11,-28.71411443100848
2025-04-09,12,-66.73493756433089
2025-04-09,13,-25.366072835646857
2025-04-09,14,-20.974670898283467
2025-04-09,15,-7.231037891167892
2025-04-09,16,129.9296480816098
2025-04-09,17,59.827975229957374
2025-04-09,18,102.03827663407941
2025-04-09,19,16.71542938514183
2025-04-09,20,58.54416887026915
2025-04-09,21,43.623609265943486
2025-04-09,22,51.35804745369792
2025-04-09,23,33.21274432871122
2025-04-10,0,48.4686916038131
2025-04-10,1,36.252220682117056
2025-04-10,2,5.675684500826227
2025-04-10,3,-42.053854807255895
2025-04-10,4,-44.56286018102484
2025-04-10,5,-14.1641530958353
2025-04-10,6,802.4256457285278
2025-04-10,7,37.83809105438317
2025-04-10,8,35.63777416462423
2025-04-10,9,3015227925499999.5
2025-04-10,10,1687612326499999.8
2025-04-10,11,1437344200000000.0
2025-04-10,12,1130149377500000.0
2025-04-10,13,869366530499999.9
2025-04-10,14,800321530500000.0
2025-04-10,15,774478477500000.0
2025-04-10,16,2444778469500000.0
2025-04-10,17,-10.756553078833738
2025-04-10,18,-16.815058727622283
2025-04-10,19,-22.505620091039688
2025-04-10,20,6.67767349397666
2025-04-10,21,-58.61439282092687
2025-04-10,22,-52.19828267187336
2025-04-10,23,-51.09639996503151
2025-04-11,0,-57.90747284628541
2025-04-11,1,-46.4869837573512
2025-04-11,2,-52.43511269293941
2025-04-11,3,-30.525610360876705
2025-04-11,4,-50.269326664009796
2025-04-11,5,-45.244159403175914
2025-04-11,6,-17.16217013370951
2025-04-11,7,-30.82575357350648
2025-04-11,8,-19.266980774141146
2025-04-11,9,2179806557500000.0
2025-04-11,10,751479799999999.9
2025-04-11,11,713312473500000.0
2025-04-11,12,1013050534500000.1
2025-04-11,13,947213230499999.9
2025-04-11,14,1369063899999999.8
2025-04-11,15,1179738861500000.0
2025-04-11,16,1857143005499999.8
2025-04-11,17,-29.989152518917223
2025-04-11,18,21.29788835919399
2025-04-11,19,72.62170789184563
2025-04-11,20,-19.237613337511316
2025-04-11,21,-33.47901408031573
2025-04-11,22,-24.907945747165144
2025-04-11,23,-18.950147885823224
2025-04-12,0,-22.4125867888997
2025-04-12,1,-59.14025097185496
2025-04-12,2,-64.2477836986033
2025-04-12,3,-63.63844953365489
2025-04-12,4,-47.045125987051804
2025-04-12,5,-26.952662530111933
2025-04-12,6,-27.98639066304923
2025-04-12,7,-29.369229624387085
2025-04-12,8,860365726499999.9
2025-04-12,9,855861403500000.0
2025-04-12,10,1090852257499999.8
2025-04-12,11,1290647004000000.0
2025-04-12,12,864131099500000.0
2025-04-12,13,739534804500000.0
2025-04-12,14,740737428500000.0
2025-04-12,15,891433574499999.9
2025-04-12,16,1217.7662096444762
2025-04-12,17,-10.451233010018322
2025-04-12,18,-16.943473407188723
2025-04-12,19,-22.395138728071387
2025-04-12,20,-32.28474974266067
2025-04-12,21,-47.72855370202613
2025-04-12,22,-57.146854678477744
2025-04-12,23,-66.74159108618794
2025-04-13,0,-75.89614950491855
2025-04-13,1,-76.55568946663314
2025-04-13,2,-77.52061228001646
2025-04-13,3,-31.499525562016235
2025-04-13,4,-74.43005360850476
2025-04-13,5,-62.795553839241514
2025-04-13,6,-56.29846108377545
2025-04-13,7,-34.840865718091656
2025-04-13,8,1274169049500000.0
2025-04-13,9,1228646873499999.8
2025-04-13,10,1474091349500000.0
2025-04-13,11,1215558414999999.8
2025-04-13,12,1274041680999999.8
2025-04-13,13,1236445944500000.0
2025-04-13,14,1309825504500000.0
2025-04-13,15,1569377249499999.8
2025-04-13,16,-12.159359338752413
2025-04-13,17,-26.98843173112734
2025-04-13,18,-16.824089804098765
2025-04-13,19,14.684862554601105
2025-04-13,20,-34.77753609649089
2025-04-13,21,-36.94684626342235
2025-04-13,22,-50.74082688712973
2025-04-13,23,-52.05798864557448
2025-04-14,0,-57.03782152663336
2025-04-14,1,-57.85346630875413
2025-04-14,2,-58.69298641218827
2025-04-14,3,-58.45960705700639
2025-04-14,4,-34.25014440101294
2025-04-14,5,-36.07538425024459
2025-04-14,6,-56.03796370459412
2025-04-14,7,-61.77394489646124
2025-04-14,8,-61.35032935132074
2025-04-14,9,329.04976631765584
2025-04-14,10,1206634703499999.8
2025-04-14,11,1100783935000000.0
2025-04-14,12,1124882350499999.9
2025-04-14,13,1049788461499999.9
2025-04-14,14,786365385000000.0
2025-04-14,15,860029992499999.9
2025-04-14,16,29.43149190165229
2025-04-14,17,11.38921258587966
2025-04-14,18,10.250847309363069
2025-04-14,19,-39.78921896227242
2025-04-14,20,-57.92588560269629
2025-04-14,21,-58.400744278254415
2025-04-14,22,-61.80264430097995
2025-04-14,23,-66.31321527832795
2025-04-15,0,-37.42557119402555
2025-04-15,1,-69.67166271486258
2025-04-15,2,-80.20768338699563
2025-04-15,3,-78.78878840482345
2025-04-15,4,-81.79174851172537
2025-04-15,5,-68.56930985429148
2025-04-15,6,-33.77849985282662
2025-04-15,7,-34.85967794661205
2025-04-15,8,-17.183435665452212
2025-04-15,9,1112588776999999.9
2025-04-15,10,1036697080500000.0
2025-04-15,11,1265555355999999.8
2025-04-15,12,1183011807500000.0
2025-04-15,13,1185834954000000.0
2025-04-15,14,1498627613499999.8
2025-04-15,15,117.69178587590739
2025-04-15,16,63.31831297818905
2025-04-15,17,29.950326682567333
2025-04-15,18,19.081469537918345
2025-04-15,19,-29.277986328718214
2025-04-15,20,-35.720257044136204
2025-04-15,21,-37.66808988631091
2025-04-15,22,-36.572410603911855
2025-04-15,23,-43.17457555773208
2025-04-16,0,-42.214919773493946
2025-04-16,1,-41.28990931860264
2025-04-16,2,-47.90140094501331
2025-04-16,3,-62.88570396733706
2025-04-16,4,-68.10897246843406
2025-04-16,5,-68.7373724084499
2025-04-16,6,-45.00259030492832
2025-04-16,7,-45.40395153474192
2025-04-16,8,-51.78072225506415
2025-04-16,9,389.7714261496588
2025-04-16,10,1112622692499999.9
2025-04-16,11,1120581978499999.6
2025-04-16,12,1118541530999999.9
2025-04-16,13,1123073204000000.1
2025-04-16,14,2069743203500000.0
2025-04-16,15,3226593729499999.5
2025-04-16,16,61.52639760380203
2025-04-16,17,-2.9462185170300876
2025-04-16,18,-18.67795774046618
2025-04-16,19,-32.12629958478961
2025-04-16,20,-38.11987617604962
2025-04-16,21,14.837534121448767
2025-04-16,22,-38.21360802429018
2025-04-16,23,-23.691204315356252
2025-04-17,0,-45.09842817781999
2025-04-17,1,-42.12800346514898
2025-04-17,2,-42.70847776559455
2025-04-17,3,-36.32647037767736
2025-04-17,4,-38.94141352557818
2025-04-17,5,-35.00677048567581
2025-04-17,6,-8.863355696671604
2025-04-17,7,-43.02761017018545
2025-04-17,8,-62.38474592208639
2025-04-17,9,-51.16316359756217
2025-04-17,10,1119213768999999.8
2025-04-17,11,1552179172999999.8
2025-04-17,12,1413887892499999.8
2025-04-17,13,1119455950500000.0
2025-04-17,14,1306127652000000.0
2025-04-17,15,2013286875000000.0
2025-04-17,16,140.63023129944662
2025-04-17,17,59.82275393729013
2025-04-17,18,55.95659993344911
2025-04-17,19,27.22517001216458
2025-04-17,20,-15.553668637971759
2025-04-17,21,19.89533756640217
2025-04-17,22,3.7286279733784067
2025-04-17,23,-28.119965752168568
2025-04-18,0,-29.697811232446973
2025-04-18,1,-38.89707166776975
2025-04-18,2,-52.31136189275101
2025-04-18,3,-65.60874467348131
2025-04-18,4,-68.40240206959501
2025-04-18,5,-60.46076185306447
2025-04-18,6,-52.037675106339705
2025-04-18,7,-58.532759013829605
2025-04-18,8,12.411461602558031
2025-04-18,9,694014800000000.0
2025-04-18,10,697546473499999.9
2025-04-18,11,685504804000000.0
2025-04-18,12,693306469500000.0
2025-04-18,13,698264800000000.0
2025-04-18,14,701330130499999.9
2025-04-18,15,714293226500000.0
2025-04-18,16,2546015454000000.0
2025-04-18,17,15.293444356055186
2025-04-18,18,26.517459483354248
2025-04-18,19,38.77810466140029
2025-04-18,20,204.4276603704141
2025-04-18,21,18.031916591897616
2025-04-18,22,16.836370000944115
2025-04-18,23,13.656678656292828
2025-04-19,0,84.52574862909579
2025-04-19,1,2734789663999999.5
2025-04-19,2,-28.01418003657683
2025-04-19,3,281.9181458741889
2025-04-19,4,1309759924999999.8
2025-04-19,5,1308033470999999.8
2025-04-19,6,1205552960000000.0
2025-04-19,7,1185387731000000.0
2025-04-19,8,1206794673000000.0
2025-04-19,9,1196315965000000.0
2025-04-19,10,1198731599999999.8
2025-04-19,11,1190983710000000.0
2025-04-19,12,1189733469000000.0
2025-04-19,13,1198257081000000.0
2025-04-19,14,1218194744000000.0
2025-04-19,15,1203515860000000.0
2025-04-19,16,1193130127000000.0
2025-04-19,17,1491676026999999.8
2025-04-19,18,3027224673000000.0
2025-04-19,19,3046821369000000.0
2025-04-19,20,2440128650000000.0
2025-04-19,21,2131876999999999.8
2025-04-19,22,1823408479000000.0
2025-04-19,23,1183230001999999.8
2025-04-21,0,659514165000000.0
2025-04-21,1,659442499500000.0
2025-04-21,2,656680540500000.0
2025-04-21,3,659449925500000.0
2025-04-21,4,660074755500000.0
2025-04-21,5,659998735499999.9
2025-04-21,6,655740148499999.9
2025-04-21,7,660357322500000.0
2025-04-21,8,672588327500000.1
2025-04-21,9,656551361500000.1
2025-04-21,10,662443288500000.0
2025-04-21,11,660371734500000.0
2025-04-21,12,659039748500000.0
2025-04-21,13,671715010000000.0
2025-04-21,14,664649275000000.0
2025-04-21,15,663057619000000.0
2025-04-21,16,675303190500000.0
2025-04-21,17,659570502000000.0
2025-04-21,18,-24.41155637563483
2025-04-21,19,-23.9383505268475
2025-04-21,20,-23.347746887574644
2025-04-21,21,-23.56582802015078
2025-04-21,22,-24.048591130223137
2025-04-21,23,-24.340502485018465
2025-04-22,0,-76.97652199636734
2025-04-22,1,-76.91693548687886
2025-04-22,2,-76.73404217918203
2025-04-22,3,-76.49724009596405
2025-04-22,4,-76.58975724157499
2025-04-22,5,-76.93276789937691
2025-04-22,6,-76.58155626507548
2025-04-22,7,-76.82986643933822
2025-04-22,8,-76.69171680700533
2025-04-22,9,662040297500000.0
2025-04-22,10,669022805500000.0
2025-04-22,11,666496334500000.0
2025-04-22,12,673895740499999.9
2025-04-22,13,663513773500000.0
2025-04-22,14,660932675000000.0
2025-04-22,15,663998197999999.9
2025-04-22,16,665890886500000.0
2025-04-22,17,-65.55177929805357
2025-04-22,18,-18.36367461910994
2025-04-22,19,-22.947888300137485
2025-04-22,20,-68.65743761397859
2025-04-22,21,-76.79629436892033
2025-04-22,22,-76.80181716571246
2025-04-22,23,-76.79070740941476
2025-04-23,0,-77.99588325933908
2025-04-23,1,-1.093099846658243
2025-04-23,2,-9.552341727483746
2025-04-23,3,-56.72455199040359
2025-04-23,4,-56.61960775385341
2025-04-23,5,-73.7373227237516
2025-04-23,6,-78.19709268389538
2025-04-23,7,-66.24439616629444
2025-04-23,8,-67.88586866387705
2025-04-23,9,785212074999999.9
2025-04-23,10,661204940000000.0
2025-04-23,11,673607880499999.9
2025-04-23,12,669373696499999.9
2025-04-23,13,673383736500000.0
2025-04-23,14,658224042500000.0
2025-04-23,15,670700749500000.0
2025-04-23,16,1394805829500000.0
2025-04-23,17,31.023596612173936
2025-04-23,18,47.01545759506296
2025-04-23,19,-28.731123449092564
2025-04-23,20,-48.20067917493593
2025-04-23,21,-57.98485934450474
2025-04-23,22,-58.107258760515364
2025-04-23,23,-59.707937465351804
2025-04-24,0,-66.39157569921315
2025-04-24,1,-76.79744831770851
2025-04-24,2,-76.49114375622209
2025-04-24,3,-57.372116237216204
2025-04-24,4,-72.8893881002795
2025-04-24,5,-69.60361136430839
2025-04-24,6,-56.98605434285609
2025-04-24,7,-53.71221966373311
2025-04-24,8,-57.29316593299583
2025-04-24,9,924563873499999.9
2025-04-24,10,654277131000000.0
2025-04-24,11,653665214999999.9
2025-04-24,12,655768299499999.9
2025-04-24,13,667632523000000.0
2025-04-24,14,664779069500000.0
2025-04-24,15,694141423000000.0
2025-04-24,16,1057244148499999.9
2025-04-24,17,-22.78750135661266
2025-04-24,18,-31.80703803745602
2025-04-24,19,-30.912146639838024
2025-04-24,20,-29.717810933230574
2025-04-24,21,-37.58795034410129
2025-04-24,22,-43.93370045609414
2025-04-24,23,-46.677657266860635
2025-04-25,0,-5.815214213213455
2025-04-25,1,-51.662370309054644
2025-04-25,2,-55.74433342079517
2025-04-25,3,-55.7966054840227
2025-04-25,4,-56.834567065239554
2025-04-25,5,-56.480870180514586
2025-04-25,6,-55.701457895896226
2025-04-25,7,-54.7743346640311
2025-04-25,8,-62.01012448225419
2025-04-25,9,-55.561828298708335
2025-04-25,10,-59.93781461645154
2025-04-25,11,-53.96025433891092
2025-04-25,12,-60.19190709223101
2025-04-25,13,-43.86930447700019
2025-04-25,14,-44.098328499484865
2025-04-25,15,-49.98143003641882
2025-04-25,16,-47.004334279993586
2025-04-25,17,20.98543072376016
2025-04-25,18,-25.010226002620435
2025-04-25,19,-38.54253568302123
2025-04-25,20,-42.58348665596197
2025-04-25,21,-57.01667184321004
2025-04-25,22,-56.501496705376326
2025-04-25,23,-63.24881268217098
2025-04-26,0,-34.12813039185168
2025-04-26,1,-43.96462078607087
2025-04-26,2,-64.04149010524638
2025-04-26,3,-70.60967926314714
2025-04-26,4,-71.59203606181609
2025-04-26,5,-71.98401011352917
2025-04-26,6,-71.955225005784
2025-04-26,7,-72.73649581618517
2025-04-26,8,-42.50725283793064
2025-04-26,9,671752784499999.9
2025-04-26,10,665768265500000.0
2025-04-26,11,649868254499999.9
2025-04-26,12,656569819000000.0
2025-04-26,13,662469134499999.9
2025-04-26,14,656045223500000.0
2025-04-26,15,702790496000000.0
2025-04-26,16,1262714264999999.8
2025-04-26,17,3788439047499999.0
2025-04-26,18,95.189123893366
2025-04-26,19,91.11716275415695
2025-04-26,20,-31.74532225823996
2025-04-26,21,-50.46843376918224
2025-04-26,22,13.886980768673432
2025-04-26,23,45.290853349030094
2025-04-27,0,-58.12885270943479
2025-04-27,1,-60.860681944040316
2025-04-27,2,-68.99208470227012
2025-04-27,3,-70.5430848593434
2025-04-27,4,-81.70831522218536
2025-04-27,5,-83.04022806988775
2025-04-27,6,-60.17858155972277
2025-04-27,7,-81.2519218897926
2025-04-27,8,-84.41516911423601
2025-04-27,9,659367538499999.9
2025-04-27,10,664789121500000.0
2025-04-27,11,659766123500000.0
2025-04-27,12,661751999499999.9
2025-04-27,13,656392022999999.9
2025-04-27,14,664482265500000.0
2025-04-27,15,663876880500000.0
2025-04-27,16,1019541865499999.9
2025-04-27,17,-1.6305476542153712
2025-04-27,18,-17.316435670088644
2025-04-27,19,-28.694931876193596
2025-04-27,20,-53.01409044493866
2025-04-27,21,-51.005762895812886
2025-04-27,22,-56.25781627700566
2025-04-27,23,-56.180106849628274
2025-04-28,0,-64.12287257911994
2025-04-28,1,-63.34544426284715
2025-04-28,2,-64.60746459327567
2025-04-28,3,-60.141577598217175
2025-04-28,4,-60.01147685202466
2025-04-28,5,-43.99745202993973
2025-04-28,6,-47.8225040713673
2025-04-28,7,-41.699043244628506
2025-04-28,8,-43.664095948815465
2025-04-28,9,-12.907389873929493
2025-04-28,10,114.37292391121584
2025-04-28,11,1231604807499999.8
2025-04-28,12,988674028500000.1
2025-04-28,13,954359168999999.9
2025-04-28,14,927479050499999.9
2025-04-28,15,1069346975499999.6
2025-04-28,16,498.26458896575235
2025-04-28,17,2.198642452372541
2025-04-28,18,-17.090627318250924
2025-04-28,19,-19.764401697658275
2025-04-28,20,-26.866748890572907
2025-04-28,21,-45.27026632151593
2025-04-28,22,-51.38003129097481
2025-04-28,23,-50.48335838031911
2025-04-29,0,-55.684420456989876
2025-04-29,1,-54.28664465158396
2025-04-29,2,-0.9560166822807923
2025-04-29,3,-54.47606017199261
2025-04-29,4,-45.40924745930792
2025-04-29,5,-26.320599081811853
2025-04-29,6,-29.914472353532123
2025-04-29,7,-25.34834094210336
2025-04-29,8,-18.53129680051561
2025-04-29,9,183.73815312368026
2025-04-29,10,1544534767499999.8
2025-04-29,11,1417393322500000.0
2025-04-29,12,1789104362999999.8
2025-04-29,13,1750363515499999.8
2025-04-29,14,2093281629000000.0
2025-04-29,15,2313564204000000.0
2025-04-29,16,107.24735827760553
2025-04-29,17,69.65268238552032
2025-04-29,18,-31.342693433571487
2025-04-29,19,-36.81254307452543
2025-04-29,20,-0.9338135617341311
2025-04-29,21,-19.95453017350433
2025-04-29,22,-68.92380200265252
2025-04-29,23,-69.12176830038423
2025-04-30,0,-62.938927438146735
2025-04-30,1,-65.58514136346557
2025-04-30,2,-68.06128459000796
2025-04-30,3,-68.07413728314687
2025-04-30,4,-65.50588120981327
2025-04-30,5,-64.52744133404887
2025-04-30,6,-54.73636305447361
2025-04-30,7,-30.707241967823872
2025-04-30,8,-66.43442626782269
2025-04-30,9,1223863898499999.8
2025-04-30,10,1076591223500000.0
2025-04-30,11,1129792940500000.0
2025-04-30,12,1148311215499999.8
2025-04-30,13,976015319499999.8
2025-04-30,14,1079181366999999.8
2025-04-30,15,969528222499999.9
2025-04-30,16,922265460499999.9
2025-04-30,17,1620.3347143395633
2025-04-30,18,2531874423500000.0
2025-04-30,19,107.30821048163752
2025-04-30,20,137.9546413190212
2025-04-30,21,108.26958918247297
2025-04-30,22,450.566638563133
2025-04-30,23,3036742945499999.5
2025-05-01,0,44.35498823897928
2025-05-01,1,-44.042532694862174
2025-05-01,2,-67.42191378880871
2025-05-01,3,-69.48121987741997
2025-05-01,4,-72.080990338528
2025-05-01,5,-72.79206858862645
2025-05-01,6,-31.675706499299178
2025-05-01,7,13.222183468997514
2025-05-01,8,11.417016555406066
2025-05-01,9,1320993792000000.0
2025-05-01,10,1273316278500000.0
2025-05-01,11,1286632904499999.8
2025-05-01,12,1105814496000000.0
2025-05-01,13,1020499153999999.8
2025-05-01,14,865269850000000.0
2025-05-01,15,876645201999999.9
2025-05-01,16,2627374061499999.5
2025-05-01,17,55.7291112362256
2025-05-01,18,71.15612046591805
2025-05-01,19,38.748869145693334
2025-05-01,20,53.37583634730588
2025-05-01,21,12.2953923979473
2025-05-01,22,42.45249106628023
2025-05-01,23,75.24547419518049
2025-05-02,0,27.178140390768487
2025-05-02,1,4038258623500000.0
2025-05-02,2,80.53288764084641
2025-05-02,3,250.5825586383201
2025-05-02,4,160.77644861690612
2025-05-02,5,112.80769484280775
2025-05-02,6,70.79034332983578
2025-05-02,7,61.308406095337695
2025-05-02,8,114.45863319303702
2025-05-02,9,2018136947500000.0
2025-05-02,10,666930963500000.0
2025-05-02,11,664974749500000.0
2025-05-02,12,662274550000000.0
2025-05-02,13,665667036500000.0
2025-05-02,14,661249530500000.0
2025-05-02,15,775961950499999.9
2025-05-02,16,2882642775500000.0
2025-05-02,17,35.398045664666135
2025-05-02,18,63.21257352954215
2025-05-02,19,94.31641926799949
2025-05-02,20,10.874047972883657
2025-05-02,21,21.548917436976897
2025-05-02,22,0.48026539711126137
2025-05-02,23,-38.98599855379884
2025-05-05,0,662656084999999.9
2025-05-05,1,666040244500000.0
2025-05-05,2,663523713500000.0
2025-05-05,3,661780248499999.9
2025-05-05,4,661641005499999.9
2025-05-05,5,662578827500000.0
2025-05-05,6,665674469500000.0
2025-05-05,7,656682619000000.0
2025-05-05,8,671398699999999.9
2025-05-05,9,663549406500000.0
2025-05-05,10,666970759500000.0
2025-05-05,11,665564034999999.9
2025-05-05,12,661547944000000.0
2025-05-05,13,663577164999999.9
2025-05-05,14,667511399500000.0
2025-05-05,15,673410142499999.9
2025-05-05,16,667426673499999.9
2025-05-05,17,33.03583806584431
2025-05-05,18,-11.607121422943145
2025-05-05,19,-52.52770677781785
2025-05-05,20,-18.262722421999634
2025-05-05,21,-60.656536427283626
2025-05-05,22,-60.848090178908855
2025-05-05,23,-61.06010555073363
2025-05-06,0,-82.62031685694762
2025-05-06,1,-82.81303611330986
2025-05-06,2,-82.75757999795036
2025-05-06,3,-82.80179107271867
2025-05-06,4,-81.54952119163583
2025-05-06,5,-71.18849383665713
2025-05-06,6,-51.609748083593004
2025-05-06,7,-82.48224833988236
2025-05-06,8,-71.83207450882416
2025-05-06,9,664556269500000.0
2025-05-06,10,668707175500000.0
2025-05-06,11,668798899500000.0
2025-05-06,12,664207688499999.9
2025-05-06,13,663532419499999.9
2025-05-06,14,670899425000000.0
2025-05-06,15,669548475000000.0
2025-05-06,16,666756494000000.0
2025-05-06,17,-68.93201806801095
2025-05-06,18,-34.45424563081987
2025-05-06,19,-25.64169404774372
2025-05-06,20,-39.29091773934189
2025-05-06,21,-37.07162167602793
2025-05-06,22,-67.72951132061922
2025-05-06,23,-81.84629071481523
2025-05-07,0,-66.32434888589684
2025-05-07,1,-31.88866472893541
2025-05-07,2,-32.00910517099782
2025-05-07,3,-31.4171676453821
2025-05-07,4,-32.16409069885909
2025-05-07,5,-31.71570753296606
2025-05-07,6,-32.1527975642523
2025-05-07,7,-31.721715507885857
2025-05-07,8,-31.732791864655276
2025-05-07,9,664257800000000.0
2025-05-07,10,664651963000000.0
2025-05-07,11,666982300500000.0
2025-05-07,12,808265830500000.0
2025-05-07,13,696498574999999.9
2025-05-07,14,664495288500000.0
2025-05-07,15,681008074999999.9
2025-05-07,16,671273912999999.9
2025-05-07,17,-59.593546297286224
2025-05-07,18,-61.45337705098264
2025-05-07,19,-36.507641755888564
2025-05-07,20,-50.793734892059796
2025-05-07,21,-71.393114376489
2025-05-07,22,-53.50711331615871
2025-05-07,23,-38.43751777335638
2025-05-08,0,-58.99146873566709
2025-05-08,1,-79.17810526687627
2025-05-08,2,-77.1335496426893
2025-05-08,3,-67.26930318288734
2025-05-08,4,-64.35219010661316
2025-05-08,5,-48.6634709737812
2025-05-08,6,-37.21743261722077
2025-05-08,7,-20.593087732488605
2025-05-08,8,-51.79030310148203
2025-05-08,9,684718812999999.9
2025-05-08,10,662015374500000.0
2025-05-08,11,671206663500000.0
2025-05-08,12,659539475000000.0
2025-05-08,13,660990188500000.0
2025-05-08,14,665240244500000.0
2025-05-08,15,835676013499999.9
2025-05-08,16,2849307698000000.0
2025-05-08,17,157.24370606938027
2025-05-08,18,57.320857923953824
2025-05-08,19,81.21455390579546
2025-05-08,20,107.51362267943942
2025-05-08,21,70.23882971864003
2025-05-08,22,162.19741767226716
2025-05-08,23,156.6286183636303
2025-05-09,0,51.702334889609354
2025-05-09,1,2122488399500000.2
2025-05-09,2,106.05559244882406
2025-05-09,3,1817042519000000.0
2025-05-09,4,6.920579576135325
2025-05-09,5,-8.56702734406211
2025-05-09,6,26.912306328756767
2025-05-09,7,44.05547711482529
2025-05-09,8,93.74041110225762
2025-05-09,9,1998814817499999.8
2025-05-09,10,691772744499999.9
2025-05-09,11,828853588499999.9
2025-05-09,12,708882763000000.0
2025-05-09,13,662773912999999.9
2025-05-09,14,829768321500000.0
2025-05-09,15,1424565160500000.0
2025-05-09,16,250.42754712636165
2025-05-09,17,48.781543425064804
2025-05-09,18,117.15543410222058
2025-05-09,19,112.52433572538936
2025-05-09,20,49.85275187154956
2025-05-09,21,31.224845653224904
2025-05-09,22,89.00429039256738
2025-05-09,23,149.7350350626001
2025-05-10,0,4775060107500001.0
2025-05-10,1,352.462988464453
2025-05-10,2,2138756650499999.8
2025-05-10,3,1995706436500000.2
2025-05-10,4,250.39452673866214
2025-05-10,5,2662101461500000.0
2025-05-10,6,191.54838258485347
2025-05-10,7,76.93159238338187
2025-05-10,8,328.293287132838
2025-05-10,9,674964813000000.0
2025-05-10,10,671398699999999.9
2025-05-10,11,666332688499999.9
2025-05-10,12,659983150500000.0
2025-05-10,13,730515445500000.0
2025-05-10,14,714360010000000.0
2025-05-10,15,785737694499999.9
2025-05-10,16,3530.8227704256133
2025-05-10,17,32.621505816131496
2025-05-10,18,44.12112405387021
2025-05-10,19,37.571118026132716
2025-05-10,20,19.80895940192648
2025-05-10,21,12.554037470911663
2025-05-10,22,13.845794617537939
2025-05-10,23,12.668580884460747
2025-05-11,0,16.367500870377064
2025-05-11,1,-41.638045371998686
2025-05-11,2,-55.11299218173784
2025-05-11,3,-66.41069752159055
2025-05-11,4,-81.29852297876496
2025-05-11,5,-85.21850577633926
2025-05-11,6,-86.24789424943633
2025-05-11,7,-81.66945884630196
2025-05-11,8,-77.9715623936638
2025-05-11,9,292.7329728157817
2025-05-11,10,662621665500000.0
2025-05-11,11,662624563500000.0
2025-05-11,12,659174563500000.0
2025-05-11,13,661007238500000.0
2025-05-11,14,659822873500000.0
2025-05-11,15,847894580499999.9
2025-05-11,16,742.6239949697577
2025-05-11,17,-3.425930158930029
2025-05-11,18,13.470719902316869
2025-05-11,19,51.18743781600321
2025-05-11,20,-11.323012548115432
2025-05-11,21,19.310063381175656
2025-05-11,22,17.607344156458993
2025-05-11,23,-20.04383996826452
2025-05-12,0,-41.99678494474928
2025-05-12,1,-50.428151062745485
2025-05-12,2,-34.825346553570306
2025-05-12,3,-47.71724310879993
2025-05-12,4,-36.74129661269617
2025-05-12,5,-1.6346868774352188
2025-05-12,6,-21.952540853768305
2025-05-12,7,-19.6517673757374
2025-05-12,8,-14.187756449221213
2025-05-12,9,76.58327048270985
2025-05-12,10,2073414023499999.8
2025-05-12,11,1830377242500000.0
2025-05-12,12,1767391931000000.0
2025-05-12,13,1774534906000000.2
2025-05-12,14,1998799711500000.0
2025-05-12,15,2571816630500000.5
2025-05-12,16,238.44050506447778
2025-05-12,17,45.48795829889899
2025-05-12,18,-32.7916723075056
2025-05-12,19,9.090233143188247
2025-05-12,20,45.36660984069669
2025-05-12,21,37.37211439058751
2025-05-12,22,12.198989093271603
2025-05-12,23,5.420974852070708
2025-05-13,0,-4.260113398079909
2025-05-13,1,-5.851259828459385
2025-05-13,2,-19.573108895414208
2025-05-13,3,-50.8845060491686
2025-05-13,4,-52.819918346526464
2025-05-13,5,-36.1770241396181
2025-05-13,6,5.681262631606704
2025-05-13,7,33.27266749421003
2025-05-13,8,-1.74729905422718
2025-05-13,9,33.59698796095901
2025-05-13,10,1819982269000000.0
2025-05-13,11,1774299044500000.2
2025-05-13,12,1765068881500000.0
2025-05-13,13,1748404300499999.8
2025-05-13,14,1746242674499999.8
2025-05-13,15,2179842969000000.2
2025-05-13,16,142.55781070145014
2025-05-13,17,17.117989076846335
2025-05-13,18,-14.548634593942522
2025-05-13,19,-14.775785864855536
2025-05-13,20,25.21993532964836
2025-05-13,21,27.24814137308714
2025-05-13,22,-8.580277700734491
2025-05-13,23,-32.111126578986536
2025-05-14,0,-38.83777817881048
2025-05-14,1,-56.80928568377464
2025-05-14,2,-51.011500672761144
2025-05-14,3,-58.38697189441643
2025-05-14,4,-60.43835895855126
2025-05-14,5,-52.67523997543928
2025-05-14,6,-17.65988908441696
2025-05-14,7,-9.648251111207948
2025-05-14,8,-3.2027997947511175
2025-05-14,9,40.61202017120765
2025-05-14,10,2148500069500000.0
2025-05-14,11,2136984886500000.0
2025-05-14,12,2133616649999999.8
2025-05-14,13,2138652499999999.8
2025-05-14,14,2406134187000000.0
2025-05-14,15,3029769655500000.0
2025-05-14,16,1180.0246500833855
2025-05-14,17,76.2594958983937
2025-05-14,18,136.90327618890618
2025-05-14,19,133.192440080778
2025-05-14,20,73.47949448580214
2025-05-14,21,28.360655415270397
2025-05-14,22,21.555839138651468
2025-05-14,23,-8.373645867291062
2025-05-15,0,-38.30195156597679
2025-05-15,1,-49.26659119632289
2025-05-15,2,-51.06662613404269
2025-05-15,3,-51.17999694575738
2025-05-15,4,-53.916881628942846
2025-05-15,5,-52.820088647799295
2025-05-15,6,-31.435195463994077
2025-05-15,7,-22.720788168851662
2025-05-15,8,-32.61281282958296
2025-05-15,9,-37.929733028596985
2025-05-15,10,-35.07574385029736
2025-05-15,11,-15.669833530447479
2025-05-15,12,-42.12794265323696
2025-05-15,13,127.95517957983208
2025-05-15,14,-7.675801733253625
2025-05-15,15,-36.12113631433209
2025-05-15,16,-11.240609868673218
2025-05-15,17,-1.3264742748804097
2025-05-15,18,32.688228903404344
2025-05-15,19,38.1450896827492
2025-05-15,20,26.431453113005162
2025-05-15,21,9.404006274592374
2025-05-15,22,13.995276338581343
2025-05-15,23,-23.631689442156215
2025-05-16,0,-11.919958481308099
2025-05-16,1,-41.483955637782444
2025-05-16,2,-43.120530691166685
2025-05-16,3,-41.33234476381469
2025-05-16,4,-44.196907755605686
2025-05-16,5,-44.250401902575724
2025-05-16,6,-4.820170204174071
2025-05-16,7,-31.4102564580302
2025-05-16,8,-31.17113223846013
2025-05-16,9,-39.743306873973054
2025-05-16,10,-40.215407290265546
2025-05-16,11,11.780902408355049
2025-05-16,12,-43.968052779604626
2025-05-16,13,170.06589637370593
2025-05-16,14,69.12695204329691
2025-05-16,15,-45.56505176508506
2025-05-16,16,-20.89614234618958
2025-05-16,17,-8.406166895691086
2025-05-16,18,16.476190745612573
2025-05-16,19,27.961730609936133
2025-05-16,20,32.22391280626942
2025-05-16,21,12.20510081950573
2025-05-16,22,20.192208615869742
2025-05-16,23,-15.714073357665967
2025-05-17,0,-24.036919263802936
2025-05-17,1,-38.08890477781644
2025-05-17,2,-36.57787462559142
2025-05-17,3,-37.03078408299737
2025-05-17,4,-49.81693794428852
2025-05-17,5,-51.5515101608416
2025-05-17,6,-46.37585917929727
2025-05-17,7,-40.79183529523434
2025-05-17,8,-57.95001422970479
2025-05-17,9,-39.31324898000566
2025-05-17,10,-45.153822116757254
2025-05-17,11,909410949999999.8
2025-05-17,12,660905025000000.0
2025-05-17,13,669072399500000.0
2025-05-17,14,665531488500000.0
2025-05-17,15,849159279000000.0
2025-05-17,16,803898588499999.9
2025-05-17,17,-65.28739136796658
2025-05-17,18,68.63846436077071
2025-05-17,19,-25.418318240666267
2025-05-17,20,-25.586480912397054
2025-05-17,21,-32.032302418865214
2025-05-17,22,-16.080518485212874
2025-05-17,23,1576423518999999.8
2025-05-18,0,806657999500000.0
2025-05-18,1,702787525000000.0
2025-05-18,2,3339.983980363782
2025-05-18,3,662890050000000.0
2025-05-18,4,322.60981862833876
2025-05-18,5,-45.15861946934318
2025-05-18,6,-53.42393646179221
2025-05-18,7,655322624500000.0
2025-05-18,8,-46.80349138071988
2025-05-18,9,666287813500000.0
2025-05-18,10,667594254500000.0
2025-05-18,11,668753370500000.0
2025-05-18,12,666738279499999.9
2025-05-18,13,679193549999999.9
2025-05-18,14,671459512999999.9
2025-05-18,15,679709931000000.0
2025-05-18,16,830299573000000.0
2025-05-18,17,33.19290019759178
2025-05-18,18,3.84449793696788
2025-05-18,19,-21.010854759191076
2025-05-18,20,67.77262685495323
2025-05-18,21,-29.81169590607035
2025-05-18,22,-3.0806233711202173
2025-05-18,23,10.797393045678781
2025-05-19,0,23.96909241079835
2025-05-19,1,-13.726250302723319
2025-05-19,2,-42.948240966679855
2025-05-19,3,-28.713192160093822
2025-05-19,4,-36.01711548128383
2025-05-19,5,-5.255450119845823
2025-05-19,6,49.08980718778165
2025-05-19,7,98.43847486717357
2025-05-19,8,125.57934961262738
2025-05-19,9,6991727179499999.0
2025-05-19,10,2964351934499999.5
2025-05-19,11,1358767821000000.0
2025-05-19,12,837095349999999.9
2025-05-19,13,834743865499999.9
2025-05-19,14,823559765499999.9
2025-05-19,15,1027205344500000.0
2025-05-19,16,2719052805499999.5
2025-05-19,17,-10.665830758134302
2025-05-19,18,-16.986469860076586
2025-05-19,19,45.301531599451714
2025-05-19,20,-27.776618562531247
2025-05-19,21,10.738963034396017
2025-05-19,22,14.890569269404242
2025-05-19,23,36.52691119654256
2025-05-20,0,22.544674741606293
2025-05-20,1,-43.34635360779419
2025-05-20,2,2068687082500000.0
2025-05-20,3,73.30996447317257
2025-05-20,4,649.4711096920281
2025-05-20,5,2331413356500000.0
2025-05-20,6,224.64775669224122
2025-05-20,7,85.86726457988665
2025-05-20,8,213.46216477304924
2025-05-20,9,4927854930499999.0
2025-05-20,10,845290384500000.0
2025-05-20,11,832964669499999.9
2025-05-20,12,837973199499999.9
2025-05-20,13,839948912999999.9
2025-05-20,14,834855823499999.8
2025-05-20,15,1285742004500000.0
2025-05-20,16,128.73368272408746
2025-05-20,17,0.7455244687860173
2025-05-20,18,-3.013172523947518
2025-05-20,19,-14.85613249455017
2025-05-20,20,-21.140972393185326
2025-05-20,21,10.581434226916983
2025-05-20,22,-34.77536352231755
2025-05-20,23,-32.65095008677708
2025-05-21,0,11.369088052757666
2025-05-21,1,-45.93780587394337
2025-05-21,2,-41.928555879280545
2025-05-21,3,-39.62764194065118
2025-05-21,4,-39.19013576291836
2025-05-21,5,-35.640555568975344
2025-05-21,6,-36.16403192431621
2025-05-21,7,-12.465649418821592
2025-05-21,8,-2.0212280787538046
2025-05-21,9,59.16851025327164
2025-05-21,10,112.29817452150444
2025-05-21,11,360.4539179184796
2025-05-21,12,1269.8506873730792
2025-05-21,13,2772369850500000.0
2025-05-21,14,3040118600000000.0
2025-05-21,15,-34.84275273051378
2025-05-21,16,84.41064838601461
2025-05-21,17,35.89956808911615
2025-05-21,18,29.218654198682167
2025-05-21,19,-34.97506651709458
2025-05-21,20,-33.42277137616805
2025-05-21,21,-33.69924084531416
2025-05-21,22,-15.708536698215772
2025-05-21,23,-35.82487416858057
2025-05-22,0,-45.44105583902098
2025-05-22,1,-43.00021836878854
2025-05-22,2,-35.48029767670777
2025-05-22,3,-42.659398833169035
2025-05-22,4,-39.00300986313523
2025-05-22,5,-25.720488546206134
2025-05-22,6,40.65774786462728
2025-05-22,7,-19.198721488248786
2025-05-22,8,-16.079933820519237
2025-05-22,9,121.5240667991235
2025-05-22,10,4920649571499999.0
2025-05-22,11,3148015093500000.0
2025-05-22,12,2360679148500000.0
2025-05-22,13,2534025996499999.5
2025-05-22,14,2631023275500000.0
2025-05-22,15,2698384169499999.5
2025-05-22,16,86.5052077596618
2025-05-22,17,27.935202250135358
2025-05-22,18,-22.55921506628868
2025-05-22,19,-25.753631195573682
2025-05-22,20,-37.09948986245811
2025-05-22,21,-40.784097890446176
2025-05-22,22,-44.463382340068236
2025-05-22,23,-48.20294881300611
2025-05-23,0,-48.93097873124869
2025-05-23,1,-49.43572363506003
2025-05-23,2,-47.09404815118519
2025-05-23,3,-46.53021251395867
2025-05-23,4,-50.57276391539842
2025-05-23,5,-51.84837590048016
2025-05-23,6,-16.88018333750626
2025-05-23,7,-39.47988802856917
2025-05-23,8,-36.8764477193405
2025-05-23,9,76.29855082753637
2025-05-23,10,5763430956000000.0
2025-05-23,11,3894060155500000.0
2025-05-23,12,3783991869500000.0
2025-05-23,13,3220402743500000.0
2025-05-23,14,3378317941999999.5
2025-05-23,15,3451256274500000.0
2025-05-23,16,743.0455422557227
2025-05-23,17,0.9558432459009062
2025-05-23,18,41.82153095815681
2025-05-23,19,-8.174592713983499
2025-05-23,20,-28.192170788894817
2025-05-23,21,4.233990186087244
2025-05-23,22,0.5322739569797209
2025-05-23,23,7.482797256770749
2025-05-24,0,703495997499999.9
2025-05-24,1,665852105500000.0
2025-05-24,2,660771838000000.0
2025-05-24,3,660247888500000.0
2025-05-24,4,653931794000000.0
2025-05-24,5,655190717500000.0
2025-05-24,6,661745550500000.0
2025-05-24,7,662640186500000.0
2025-05-24,8,736317305500000.0
2025-05-24,9,935812958000000.0
2025-05-24,10,691028426500000.0
2025-05-24,11,663133455500000.0
2025-05-24,12,658763084500000.1
2025-05-24,13,668482044000000.0
2025-05-24,14,662115165500000.0
2025-05-24,15,668126724500000.0
2025-05-24,16,677227253500000.0
2025-05-24,17,660950594000000.0
2025-05-24,18,-50.4685641307333
2025-05-24,19,-69.22642546765175
2025-05-24,20,-85.00593717876693
2025-05-24,21,-84.89079633258346
2025-05-24,22,-69.8984328681028
2025-05-24,23,-19.800468556835234
2025-05-25,0,-24.632965357448228
2025-05-25,1,-17.96156582997799
2025-05-25,2,-20.164093077739256
2025-05-25,3,-23.804507859433876
2025-05-25,4,-36.31980884687413
2025-05-25,5,-46.00577022632094
2025-05-25,6,-42.27612534056853
2025-05-25,7,-56.41493666059449
2025-05-25,8,-82.78020383691687
2025-05-25,9,664271219000000.0
2025-05-25,10,663805180500000.0
2025-05-25,11,663932521500000.0
2025-05-25,12,660222250000000.1
2025-05-25,13,674803694000000.1
2025-05-25,14,684031396000000.0
2025-05-25,15,670714813000000.0
2025-05-25,16,668685867499999.9
2025-05-25,17,664309679000000.0
2025-05-25,18,698745230999999.9
2025-05-25,19,658205769000000.0
2025-05-25,20,658423505499999.9
2025-05-25,21,661081905500000.0
2025-05-25,22,671098831499999.9
2025-05-25,23,662082569500000.0
2025-05-27,0,665695700000000.0
2025-05-27,1,661247244000000.0
2025-05-27,2,657922425000000.0
2025-05-27,3,665620686500000.0
2025-05-27,4,661280305500000.0
2025-05-27,5,661088324999999.9
2025-05-27,6,664094034000000.0
2025-05-27,7,660386444500000.0
2025-05-27,8,685490490000000.0
2025-05-27,9,800797479000000.1
2025-05-27,10,673658755500000.0
2025-05-27,11,681073949999999.9
2025-05-27,12,676377652000000.0
2025-05-27,13,676157985000000.0
2025-05-27,14,797961799500000.0
2025-05-27,15,1003690313499999.8
2025-05-27,16,1663350546499999.8
2025-05-27,17,3.077086817117071
2025-05-27,18,-23.226572184467106
2025-05-27,19,-24.109745324206493
2025-05-27,20,-21.64124354181702
2025-05-27,21,-38.42269034408753
2025-05-27,22,-57.272024028454105
2025-05-27,23,-60.86378706791447
2025-05-28,0,-50.73241216862297
2025-05-28,1,-68.18364684169794
2025-05-28,2,-74.70703778932365
2025-05-28,3,-72.65600587694016
2025-05-28,4,-73.65182141095191
2025-05-28,5,-70.57467139511999
2025-05-28,6,-67.90164472307787
2025-05-28,7,-58.97595360372563
2025-05-28,8,-52.15501282735648
2025-05-28,9,-46.00563488561692
2025-05-28,10,-44.65185431111588
2025-05-28,11,-42.12626841594147
2025-05-28,12,-50.84551921228849
2025-05-28,13,-37.776363266819715
2025-05-28,14,-32.84779551558703
2025-05-28,15,-13.213983063408717
2025-05-28,16,-20.926651484254624
2025-05-28,17,65.86095085012835
2025-05-28,18,35.489241264131934
2025-05-28,19,-22.42936128275449
2025-05-28,20,-27.197375841031526
2025-05-28,21,-32.21534569559815
2025-05-28,22,-23.81052283011827
2025-05-28,23,-43.18574933473566
2025-05-29,0,-49.266065863959504
2025-05-29,1,-55.45435214080166
2025-05-29,2,-60.23732470229136
2025-05-29,3,-50.92158383734026
2025-05-29,4,-47.80428496800534
2025-05-29,5,-35.97433449682819
2025-05-29,6,-9.219620302652364
2025-05-29,7,30.93629421433374
2025-05-29,8,67.43883356140934
2025-05-29,9,45.0373508706262
2025-05-29,10,2809074955499999.5
2025-05-29,11,1970334256000000.0
2025-05-29,12,1857277850000000.0
2025-05-29,13,1795927098000000.0
2025-05-29,14,1784322048000000.2
2025-05-29,15,1782873899500000.0
2025-05-29,16,3031035365499999.5
2025-05-29,17,42.27058716228979
2025-05-29,18,75.4937522787596
2025-05-29,19,67.5195815921812
2025-05-29,20,46.519586771404725
2025-05-29,21,93.85253896525379
2025-05-29,22,290.63533010256396
2025-05-29,23,427.4061944727058
2025-05-30,0,169.1770549646367
2025-05-30,1,55.22801752609454
2025-05-30,2,139.88857356359037
2025-05-30,3,2058699030499999.8
2025-05-30,4,173.0690553617657
2025-05-30,5,258.6678118164555
2025-05-30,6,198.4206848009727
2025-05-30,7,112.90761949029479
2025-05-30,8,276.13686071754597
2025-05-30,9,233.22204335662758
2025-05-30,10,3921199223499999.5
2025-05-30,11,2779648183500000.0
2025-05-30,12,2408789903999999.5
2025-05-30,13,2003159188500000.0
2025-05-30,14,2319398174500000.0
2025-05-30,15,2700931944500000.0
2025-05-30,16,1739.1309100800574
2025-05-30,17,60.742243274939234
2025-05-30,18,17.34190453369576
2025-05-30,19,69.1304431134332
2025-05-30,20,-2.5970698184324945
2025-05-30,21,60.5485864521095
2025-05-30,22,37.13025185208365
2025-05-30,23,91.10143727732535
2025-05-31,0,36.52383634849466
2025-05-31,1,-0.35108355299645566
2025-05-31,2,-7.618664616698176
2025-05-31,3,-7.032917006831331
2025-05-31,4,-15.186429019733945
2025-05-31,5,-19.013327849391537
2025-05-31,6,8.14290501147522
2025-05-31,7,-7.278496565679194
2025-05-31,8,21.004696623197855
2025-05-31,9,88.70388948370221
2025-05-31,10,2208063687000000.2
2025-05-31,11,1833911979000000.0
2025-05-31,12,1802024222499999.8
2025-05-31,13,1804067234500000.2
2025-05-31,14,1800875130500000.0
2025-05-31,15,2116095323499999.8
2025-05-31,16,116.8125418996278
2025-05-31,17,48.02339122200552
2025-05-31,18,-16.768523084352985
2025-05-31,19,-21.60433530405436
2025-05-31,20,-18.59685018721905
2025-05-31,21,80.06642512058187
2025-05-31,22,-3.85429748997631
2025-05-31,23,42.97067852535535
2025-06-01,0,11.415607201545194
2025-06-01,1,-37.976324862454426
2025-06-01,2,641405194500000.0
2025-06-01,3,644953965500000.0
2025-06-01,4,32.13040072635322
2025-06-01,5,638596002000000.0
2025-06-01,6,642498974500000.0
2025-06-01,7,-74.30048008615223
2025-06-01,8,-58.18247829096422
2025-06-01,9,154.87299035433583
2025-06-01,10,640190715499999.9
2025-06-01,11,643006950000000.0
2025-06-01,12,648022849999999.9
2025-06-01,13,642783099999999.9
2025-06-01,14,735398398500000.0
2025-06-01,15,1402415919499999.8
2025-06-01,16,36.51747997492993
2025-06-01,17,-19.979393592396075
2025-06-01,18,-17.13902939606493
2025-06-01,19,-16.872482273079566
2025-06-01,20,-21.405537212797
2025-06-01,21,31.15069321909268
2025-06-01,22,-30.660739775638685
2025-06-01,23,-28.017765571114367
2025-06-02,0,-36.13468274818678
2025-06-02,1,-42.181646349972766
2025-06-02,2,-40.39028796208337
2025-06-02,3,-55.843077594229264
2025-06-02,4,-55.38564647756086
2025-06-02,5,-52.07108450678869
2025-06-02,6,-39.537225757976515
2025-06-02,7,-26.246256543660017
2025-06-02,8,-23.03413912124627
2025-06-02,9,-27.180090310535956
2025-06-02,10,-9.278305137394014
2025-06-02,11,2431.454607389328
2025-06-02,12,2916601953499999.0
2025-06-02,13,2278189825499999.5
2025-06-02,14,3306110948499999.5
2025-06-02,15,5995395073000000.0
2025-06-02,16,218.2739599990628
2025-06-02,17,-17.56193665234541
2025-06-02,18,-22.368368286474368
2025-06-02,19,-21.719735942860968
2025-06-02,20,-16.95958393286514
2025-06-02,21,-20.567887456350174
2025-06-02,22,-32.06008617671872
2025-06-02,23,-46.72444959707423
2025-06-03,0,-11.74802045218711
2025-06-03,1,-49.687904533150835
2025-06-03,2,-35.62526560559466
2025-06-03,3,-45.544804047940836
2025-06-03,4,-36.23748613548022
2025-06-03,5,-38.90338156983165
2025-06-03,6,10.645432609947747
2025-06-03,7,-10.024865640412656
2025-06-03,8,-1.5210499145117624
2025-06-03,9,39.780008641493446
2025-06-03,10,45.8441986981199
2025-06-03,11,2189610532500000.0
2025-06-03,12,1947594969500000.2
2025-06-03,13,1940212107500000.2
2025-06-03,14,1948147092499999.8
2025-06-03,15,2145602099500000.0
2025-06-03,16,72.01996341841942
2025-06-03,17,52.83858060630189
2025-06-03,18,178.9547403463419
2025-06-03,19,62.90825813168098
2025-06-03,20,57.591347590074676
2025-06-03,21,95.8650604089337
2025-06-03,22,24.383414307342896
2025-06-03,23,-5.104190178960324
2025-06-04,0,2788388044500000.0
2025-06-04,1,10.280359542595265
2025-06-04,2,1985611456000000.0
2025-06-04,3,1826523832500000.2
2025-06-04,4,1822356700500000.0
2025-06-04,5,2078496469500000.0
2025-06-04,6,214.4133231033706
2025-06-04,7,796.489515088212
2025-06-04,8,144.06439546261328
2025-06-04,9,4410106284500000.5
2025-06-04,10,1517944724999999.8
2025-06-04,11,875689276999999.9
2025-06-04,12,693714984500000.0
2025-06-04,13,749851275500000.0
2025-06-04,14,1413618688499999.8
2025-06-04,15,1939777378999999.8
2025-06-04,16,544.6746974130338
2025-06-04,17,133.97722844767782
2025-06-04,18,147.63795693701695
2025-06-04,19,70.77199130177243
2025-06-04,20,82.96256480540222
2025-06-04,21,80.55458365980424
2025-06-04,22,209.30752624926308
2025-06-04,23,6151635820500000.0
2025-06-05,0,4860025753999999.0
2025-06-05,1,3026247359500000.0
2025-06-05,2,2357692139499999.5
2025-06-05,3,2260527498000000.0
2025-06-05,4,2099134219000000.0
2025-06-05,5,2066382394499999.5
2025-06-05,6,4503780707499999.0
2025-06-05,7,6866715004499999.0
2025-06-05,8,6456254436499999.0
2025-06-05,9,4409264769499999.0
2025-06-05,10,1683611530499999.8
2025-06-05,11,1547772544500000.0
2025-06-05,12,1401375229499999.8
2025-06-05,13,1375645804000000.0
2025-06-05,14,-29.96713509398864
2025-06-05,15,-13.255002759302073
2025-06-05,16,38.45337269312874
2025-06-05,17,85.79057588146958
2025-06-05,18,133.1975844859325
2025-06-05,19,122.02260733352294
2025-06-05,20,64.39633632604797
2025-06-05,21,163.11864192462122
2025-06-05,22,2800250714000000.0
2025-06-05,23,804257542499999.9
2025-06-08,0,665720561499999.9
2025-06-08,1,663479480500000.0
2025-06-08,2,667904475499999.9
2025-06-08,3,680088005500000.0
2025-06-08,4,674671471000000.0
2025-06-08,5,677888805500000.0
2025-06-08,6,677238044499999.9
2025-06-08,7,670979125499999.9
2025-06-08,8,674837650499999.9
2025-06-08,9,985800207500000.0
2025-06-08,10,934897646500000.0
2025-06-08,11,711108184499999.9
2025-06-08,12,677105338500000.0
2025-06-08,13,681162474500000.0
2025-06-08,14,750279169000000.0
2025-06-08,15,843117858999999.9
2025-06-08,16,1791267804500000.0
2025-06-08,17,86.47098160468087
2025-06-08,18,-16.41404538231439
2025-06-08,19,90.65234918325328
2025-06-08,20,-17.246658404776706
2025-06-08,21,0.34535865542449673
2025-06-08,22,-49.942977084727055
2025-06-08,23,-58.385151836964106
2025-06-09,0,-11.972776028430973
2025-06-09,1,-53.854883688535374
2025-06-09,2,-63.56008016885538
2025-06-09,3,-61.381228227262746
2025-06-09,4,-63.55809554426302
2025-06-09,5,-62.72185548793777
2025-06-09,6,-63.163253665280955
2025-06-09,7,-61.50096342610359
2025-06-09,8,-61.88712563553544
2025-06-09,9,-50.20838371893153
2025-06-09,10,1824119986499999.8
2025-06-09,11,2071801138499999.8
2025-06-09,12,2142890249499999.8
2025-06-09,13,2149976794499999.2
2025-06-09,14,3268501907500000.0
2025-06-09,15,5238453806000000.0
2025-06-09,16,206.93186077555802
2025-06-09,17,57.37528879314505
2025-06-09,18,57.11397884915247
2025-06-09,19,-19.064131472119755
2025-06-09,20,-6.573810430476774
2025-06-09,21,32.70221356961717
2025-06-09,22,50.028971304003775
2025-06-09,23,40.52843329539999
2025-06-10,0,39.88682809238239
2025-06-10,1,28.561449638661887
2025-06-10,2,50.300269940989544
2025-06-10,3,72.77182776114307
2025-06-10,4,47.813618413403915
2025-06-10,5,56.13875147086783
2025-06-10,6,68.96040954395163
2025-06-10,7,104.56764642405906
2025-06-10,8,56.28506163675532
2025-06-10,9,105.7919679736837
2025-06-10,10,279.50291779348595
2025-06-10,11,8014708735499999.0
2025-06-10,12,7300475173499999.0
2025-06-10,13,7085632364499999.0
2025-06-10,14,7188820650000000.0
2025-06-10,15,8028266901999999.0
2025-06-10,16,371.690214286346
2025-06-10,17,72.94684206425995
2025-06-10,18,84.50157521952698
2025-06-10,19,-0.5038783699465152
2025-06-10,20,-8.818912644820177
2025-06-10,21,-18.245376701986796
2025-06-10,22,37.59516890666755
2025-06-10,23,-25.72284476006061
2025-06-11,0,28.08484570052611
2025-06-11,1,-29.491036976719606
2025-06-11,2,-32.76377989782073
2025-06-11,3,-30.7006901040166
2025-06-11,4,-29.287169774383443
2025-06-11,5,-28.94176547234654
2025-06-11,6,-12.861492635729158
2025-06-11,7,-11.215311561398773
2025-06-11,8,-17.69633371928632
2025-06-11,9,-7.339807103628634
2025-06-11,10,48.25041245137772
2025-06-11,11,235.18611992610377
2025-06-11,12,42.74485491242636
2025-06-11,13,71.78715395551681
2025-06-11,14,36.63529469976838
2025-06-11,15,50.53959798173354
2025-06-11,16,69.35058054562606
2025-06-11,17,101.38210251831477
2025-06-11,18,99.73278069215331
2025-06-11,19,16.236649836507045
2025-06-11,20,61.75629422831585
2025-06-11,21,46.25013856565287
2025-06-11,22,77.98793050650559
2025-06-11,23,108.78655183469583
2025-06-12,0,978.714601975407
2025-06-12,1,88.86404247560233
2025-06-12,2,142.1577726808895
2025-06-12,3,334.54616774742175
2025-06-12,4,3513.634588844295
2025-06-12,5,718.8593084837439
2025-06-12,6,245.880148709559
2025-06-12,7,112.5862690762416
2025-06-12,8,100.48235480354532
2025-06-12,9,224.43844381570267
2025-06-12,10,8134612279499999.0
2025-06-12,11,6817904719499999.0
2025-06-12,12,4649363250000000.0
2025-06-12,13,4682303371499999.0
2025-06-12,14,4732047696499999.0
2025-06-12,15,6858580630500000.0
2025-06-12,16,247.16009719270195
2025-06-12,17,100.31519834864395
2025-06-12,18,117.72147368151333
2025-06-12,19,13.223063321728812
2025-06-12,20,23.92762369072275
2025-06-12,21,48.762779506681426
2025-06-12,22,67.56674640437241
2025-06-12,23,27.35280962075407
2025-06-13,0,1.16213525400101
2025-06-13,1,1.3323728093022624
2025-06-13,2,-18.292163475832716
2025-06-13,3,-14.851757687093917
2025-06-13,4,-19.046279947253925
2025-06-13,5,5.464149276222812
2025-06-13,6,-3.5984401608824523
2025-06-13,7,0.3118104979104274
2025-06-13,8,-0.2707170248526502
2025-06-13,9,107.85114639731961
2025-06-13,10,551.0309031414595
2025-06-13,11,3181776694499999.5
2025-06-13,12,2961241290000000.0
2025-06-13,13,2703940944499999.5
2025-06-13,14,2512396848000000.0
2025-06-13,15,2651014484999999.5
2025-06-13,16,82.25639944953762
2025-06-13,17,-4.575984402102488
2025-06-13,18,32.42396898349324
2025-06-13,19,-9.277439766905907
2025-06-13,20,-9.190212435692588
2025-06-13,21,54.327047175847575
2025-06-13,22,30.190404443935353
2025-06-13,23,25.17886063709158
2025-06-14,0,637.0770712349699
2025-06-14,1,-53.24325869362836
2025-06-14,2,642340613500000.0
2025-06-14,3,642383419500000.0
2025-06-14,4,641166244500000.0
2025-06-14,5,641413334999999.9
2025-06-14,6,642273474500000.0
2025-06-14,7,640806542500000.0
2025-06-14,8,637181950000000.0
2025-06-14,9,647584050500000.0
2025-06-14,10,647923094000000.0
2025-06-14,11,645606057500000.0
2025-06-14,12,642856931499999.9
2025-06-14,13,642915780999999.9
2025-06-14,14,646914830499999.9
2025-06-14,15,-15.697033298323255
2025-06-14,16,252.7604123749421
2025-06-14,17,115.73940053520509
2025-06-14,18,-5.5815215192134255
2025-06-14,19,-3.0773878293096617
2025-06-14,20,-3.156764168619152
2025-06-14,21,55.674965957272185
2025-06-14,22,-29.62774473966234
2025-06-14,23,-48.56269756032313
2025-06-15,0,-67.03080212585898
2025-06-15,1,-52.34045081237767
2025-06-15,2,-69.01815777496296
2025-06-15,3,-74.21588785144601
2025-06-15,4,-73.15030317877704
2025-06-15,5,-42.82428395305096
2025-06-15,6,-59.298538230493804
2025-06-15,7,-34.32541325073448
2025-06-15,8,-35.06371118525
2025-06-15,9,22.041368970732318
2025-06-15,10,127.47641754575208
2025-06-15,11,1277780781500000.0
2025-06-15,12,843398536499999.8
2025-06-15,13,1233791615500000.0
2025-06-15,14,1945416573499999.8
2025-06-15,15,4345287799499999.5
2025-06-15,16,138.99743034162967
2025-06-15,17,-17.397842751125467
2025-06-15,18,-10.037766800084263
2025-06-15,19,-19.33323434545117
2025-06-15,20,-17.853913364612026
2025-06-15,21,86.22298947585291
2025-06-15,22,173.1862350272606
2025-06-15,23,798867559499999.9
2025-06-16,0,664138143999999.9
2025-06-16,1,662729786500000.0
2025-06-16,2,663605750499999.9
2025-06-16,3,664463311499999.9
2025-06-16,4,665879980999999.9
2025-06-16,5,663313338499999.9
2025-06-16,6,658931511500000.0
2025-06-16,7,664463311499999.9
2025-06-16,8,663828342499999.9
2025-06-16,9,669272411500000.0
2025-06-16,10,665538705500000.0
2025-06-16,11,664638338499999.9
2025-06-16,12,664362944500000.0
2025-06-16,13,679586613499999.9
2025-06-16,14,679962374500000.0
2025-06-16,15,841897061500000.0
2025-06-16,16,1950328629499999.8
2025-06-16,17,60.74722084891362
2025-06-16,18,19.038040738640284
2025-06-16,19,97.78055685865654
2025-06-16,20,97.9709197215303
2025-06-16,21,35.57009839439054
2025-06-16,22,-9.816397565787309
2025-06-16,23,-37.808982337828695
2025-06-17,0,-21.03378780884213
2025-06-17,1,-30.245993616859145
2025-06-17,2,-65.67516749912416
2025-06-17,3,-62.71464452726018
2025-06-17,4,-64.45490183612296
2025-06-17,5,-53.27389706703484
2025-06-17,6,-11.56717947972936
2025-06-17,7,-11.298114082014655
2025-06-17,8,4.083083887362132
2025-06-17,9,-31.34592612924734
2025-06-17,10,-33.83846480158485
2025-06-17,11,43.758005407222875
2025-06-17,12,-41.9473899251333
2025-06-17,13,133.1645563045806
2025-06-17,14,192.032006188495
2025-06-17,15,-8.68482056532628
2025-06-17,16,36.76648496979844
2025-06-17,17,0.24940834083365035
2025-06-17,18,-17.05558777928233
2025-06-17,19,-17.44861142715699
2025-06-17,20,-16.674715949907892
2025-06-17,21,-25.629653108494306
2025-06-17,22,-30.940792825945895
2025-06-17,23,-28.333192259984088
2025-06-18,0,5.279589764283628
2025-06-18,1,-26.66733718989405
2025-06-18,2,-11.276023268437115
2025-06-18,3,-22.877475640101824
2025-06-18,4,-20.754731516909267
2025-06-18,5,-18.196775833430753
2025-06-18,6,17.695048975620473
2025-06-18,7,52.57172801925717
2025-06-18,8,84.41805159343667
2025-06-18,9,311.43868246348495
2025-06-18,10,7752590757999999.0
2025-06-18,11,5157352070999999.0
2025-06-18,12,4784997680499999.0
2025-06-18,13,4789125759500000.0
2025-06-18,14,543.0889848434609
2025-06-18,15,197.15114945067333
2025-06-18,16,86.89413334525406
2025-06-18,17,67.17884270790037
2025-06-18,18,99.4618508772538
2025-06-18,19,50.56276235452984
2025-06-18,20,12.794143442489748
2025-06-18,21,21.28533386720069
2025-06-18,22,30.982205032370388
2025-06-18,23,24.697568176391623
2025-06-19,0,51.901771734664344
2025-06-19,1,57.483019155769284
2025-06-19,2,-21.796554185960424
2025-06-19,3,-21.494293462068775
2025-06-19,4,-34.41373284718076
2025-06-19,5,-32.95594522661656
2025-06-19,6,13.089926810090644
2025-06-19,7,11.430682813943916
2025-06-19,8,-8.379304368928587
2025-06-19,9,69.03838544602833
2025-06-19,10,3556.9032908479844
2025-06-19,11,3573626019000000.0
2025-06-19,12,2624607900500000.0
2025-06-19,13,2758705459500000.0
2025-06-19,14,4090994963500000.5
2025-06-19,15,4301540038499999.5
2025-06-19,16,36.51403946877895
2025-06-19,17,65.36531390175548
2025-06-19,18,-17.692382639686258
2025-06-19,19,-24.709677005707647
2025-06-19,20,-30.020211364733054
2025-06-19,21,-29.790280457206762
2025-06-19,22,-35.814962227748126
2025-06-19,23,-32.25630477723442
2025-06-20,0,-45.047639102840286
2025-06-20,1,-51.75406177131548
2025-06-20,2,-54.61783817015084
2025-06-20,3,-56.91723838950851
2025-06-20,4,-54.83128673623608
2025-06-20,5,-38.7351234438078
2025-06-20,6,16.7593839024937
2025-06-20,7,27.028776257494936
2025-06-20,8,17.509343500479368
2025-06-20,9,67.41322043187397
2025-06-20,10,3045450227000000.0
2025-06-20,11,2343377556000000.0
2025-06-20,12,2319229882500000.0
2025-06-20,13,2334155111500000.0
2025-06-20,14,2330934410000000.0
2025-06-20,15,2663701311500000.0
2025-06-20,16,88.47977332952513
2025-06-20,17,-10.050998525981683
2025-06-20,18,47.714879050865925
2025-06-20,19,-14.55934163444498
2025-06-20,20,-9.950304727546062
2025-06-20,21,46.24215113991717
2025-06-20,22,32.105387394127334
2025-06-20,23,18.34913661110116
2025-06-21,0,94.45340091594687
2025-06-21,1,14.576573415613742
2025-06-21,2,-43.41352769119691
2025-06-21,3,-22.977585492000372
2025-06-21,4,-19.637972049487455
2025-06-21,5,-14.499026727352488
2025-06-21,6,-21.13197954034976
2025-06-21,7,-33.92947794399667
2025-06-21,8,-22.1977590250005
2025-06-21,9,61.34434123344885
2025-06-21,10,676511038500000.0
2025-06-21,11,676002106000000.0
2025-06-21,12,674791929000000.0
2025-06-21,13,675144536500000.0
2025-06-21,14,674261219500000.0
2025-06-21,15,681320138499999.9
2025-06-21,16,3717710185499999.0
2025-06-21,17,142.90758956285808
2025-06-21,18,719.983838623793
2025-06-21,19,250.3445490377914
2025-06-21,20,6924798283499999.0
2025-06-21,21,4232024657499999.5
2025-06-21,22,2290468451500000.0
2025-06-21,23,815952740499999.8
2025-06-24,0,639948925500000.0
2025-06-24,1,642458849500000.0
2025-06-24,2,639840206000000.0
2025-06-24,3,641415794499999.9
2025-06-24,4,637758044000000.1
2025-06-24,5,638942384499999.9
2025-06-24,6,649039281000000.0
2025-06-24,7,638930575000000.0
2025-06-24,8,639102833000000.0
2025-06-24,9,651182274500000.0
2025-06-24,10,654920804000000.0
2025-06-24,11,651370459500000.0
2025-06-24,12,645821738499999.9
2025-06-24,13,651121944500000.0
2025-06-24,14,663944415499999.9
2025-06-24,15,660447013500000.0
2025-06-24,16,658455200500000.0
2025-06-24,17,306.52202466331653
2025-06-24,18,586.0337535098954
2025-06-24,19,531.062411612695
2025-06-24,20,235.65549145263668
2025-06-24,21,135.17855798530564
2025-06-24,22,643436138500000.0
2025-06-24,23,645052413000000.0
2025-06-25,0,645936724500000.0
2025-06-25,1,646844668500000.0
2025-06-25,2,652752413000000.0
2025-06-25,3,647309410000000.0
2025-06-25,4,649350015000000.0
2025-06-25,5,650821467500000.0
2025-06-25,6,647371467500000.0
2025-06-25,7,644244672999999.9
2025-06-25,8,646046586499999.9
2025-06-25,9,655094529499999.9
2025-06-25,10,658371186500000.0
2025-06-25,11,658016971000000.1
2025-06-25,12,655129025000000.0
2025-06-25,13,651528755999999.9
2025-06-25,14,786643800500000.0
2025-06-25,15,934567393999999.8
2025-06-25,16,1181381475499999.8
2025-06-25,17,94.36228996197256
2025-06-25,18,81.89846220757573
2025-06-25,19,39.65309984229775
2025-06-25,20,46.309364181571134
2025-06-25,21,52.66269329065609
2025-06-25,22,49.01000975474809
2025-06-25,23,47.66010334418586
2025-06-26,0,-11.957514907689134
2025-06-26,1,-5.526692040520274
2025-06-26,2,-13.568361098519288
2025-06-26,3,-9.300428555009939
2025-06-26,4,-16.8816804219586
2025-06-26,5,-12.413309504945722
2025-06-26,6,30.346196833985154
2025-06-26,7,14.64445706913302
2025-06-26,8,13.865909317397442
2025-06-26,9,48.60396486654771
2025-06-26,10,91.66090063051199
2025-06-26,11,105.38005355875944
2025-06-26,12,17.280750934080253
2025-06-26,13,49.14328618565874
2025-06-26,14,114.71147892534428
2025-06-26,15,47.923149226806544
2025-06-26,16,62.27357516274239
2025-06-26,17,76.51239021458872
2025-06-26,18,41.221313640060316
2025-06-26,19,2.753184797236529
2025-06-26,20,7.277313828011233
2025-06-26,21,5.5094468243694035
2025-06-26,22,-3.8573331852996473
2025-06-26,23,-14.77522483797924
2025-06-27,0,23.86045341744593
2025-06-27,1,30.52258968005954
2025-06-27,2,14.686368071893263
2025-06-27,3,-12.488812079666213
2025-06-27,4,-22.93118308668628
2025-06-27,5,-7.614756883308448
2025-06-27,6,27.1590923904048
2025-06-27,7,-2.267962754319618
2025-06-27,8,-12.043578671080931
2025-06-27,9,22.39064797343685
2025-06-27,10,67.65584147269712
2025-06-27,11,73.54753620498636
2025-06-27,12,31.296241601363658
2025-06-27,13,77.01361141534484
2025-06-27,14,77.33568117576522
2025-06-27,15,85.29854555067267
2025-06-27,16,66.05629840958095
2025-06-27,17,78.41369260533014
2025-06-27,18,75.6128875537965
2025-06-27,19,-5.67575062017754
2025-06-27,20,0.03927237654048349
2025-06-27,21,-6.586376443478492
2025-06-27,22,26.626964097318638
2025-06-27,23,15.248705363784403
2025-06-28,0,23.88384848500632
2025-06-28,1,5.091661014566948
2025-06-28,2,-11.806318734941605
2025-06-28,3,-29.08307999862697
2025-06-28,4,-28.85919138686009
2025-06-28,5,-20.930472648770277
2025-06-28,6,7.722265762464108
2025-06-28,7,-4.344143497246226
2025-06-28,8,-12.352325129379539
2025-06-28,9,32.39469291191262
2025-06-28,10,14.554696475145429
2025-06-28,11,52.17536047240269
2025-06-28,12,30.391794477599937
2025-06-28,13,164.07715060166348
2025-06-28,14,-8.78496675289026
2025-06-28,15,-29.94481816991537
2025-06-28,16,76.88431083995964
2025-06-28,17,49.22307971316623
2025-06-28,18,55.5065252703955
2025-06-28,19,-20.180822827705384
2025-06-28,20,-20.01408669819087
2025-06-28,21,-17.813932737839647
2025-06-28,22,19.860541996463283
2025-06-28,23,-21.565607371180363
2025-06-29,0,5.412640420700063
2025-06-29,1,-33.69409183359681
2025-06-29,2,-33.02301711013641
2025-06-29,3,-44.7280177267103
2025-06-29,4,-52.23009365054014
2025-06-29,5,-47.098732308611766
2025-06-29,6,-23.927599468665015
2025-06-29,7,28.122683611946304
2025-06-29,8,35.14763185905356
2025-06-29,9,70.23247476709281
2025-06-29,10,96.18555308320371
2025-06-29,11,4627497307499999.0
2025-06-29,12,3867057274499999.5
2025-06-29,13,4195343588000000.0
2025-06-29,14,4317951298500000.0
2025-06-29,15,375.95977438839554
2025-06-29,16,129.254391462334
2025-06-29,17,40.430989166556074
2025-06-29,18,98.07562722993865
2025-06-29,19,52.45190586867696
2025-06-29,20,44.162192341884214
2025-06-29,21,70.45497790838229
2025-06-29,22,55.20542842530633
2025-06-29,23,39.575645843253554
2025-06-30,0,21.888051486813048
2025-06-30,1,27.681270650517042
2025-06-30,2,18.257420872270604
2025-06-30,3,-16.172079461038308
2025-06-30,4,-49.217328144625775
2025-06-30,5,-42.058725372428064
2025-06-30,6,-0.6590856987168112
2025-06-30,7,45.00910237500713
2025-06-30,8,57.86658355213498
2025-06-30,9,44.0936125557632
2025-06-30,10,170.6212418068164
2025-06-30,11,5432285268500000.0
2025-06-30,12,5661039950499999.0
2025-06-30,13,4732864734500000.0
2025-06-30,14,3827233251500000.0
2025-06-30,15,3457984033499999.0
2025-06-30,16,609.7259505518145
2025-06-30,17,33.60165243332918
2025-06-30,18,29.58722536820339
2025-06-30,19,-10.69223483138379
2025-06-30,20,34.74484884256177
2025-06-30,21,40.3188601970606
2025-06-30,22,37.88011668760767
2025-06-30,23,41.788254375842364
2025-07-01,0,-3.4717025631887157
2025-07-01,1,-8.78537694290166
2025-07-01,2,-5.662243262256981
2025-07-01,3,-9.764190061718327
2025-07-01,4,-5.85861569101853
2025-07-01,5,7.639377167433027
2025-07-01,6,27.08287632212082
2025-07-01,7,-21.810482753408156
2025-07-01,8,6.726219260189868
2025-07-01,9,38.244359472836344
2025-07-01,10,70.63757755655064
2025-07-01,11,6966808075500000.0
2025-07-01,12,378.0985375663629
2025-07-01,13,5698876052500000.0
2025-07-01,14,238.9166835390137
2025-07-01,15,55.853728858912326
2025-07-01,16,53.302177479856034
2025-07-01,17,107.32377550422297
2025-07-01,18,28.953131314180048
2025-07-01,19,0.43593044238475726
2025-07-01,20,-0.8788852710432182
2025-07-01,21,3.935290017206876
2025-07-01,22,4.140954090449371
2025-07-01,23,11.21166580483992
2025-07-02,0,68.56059425402266
2025-07-02,1,13.667978605227255
2025-07-02,2,15.479166386888307
2025-07-02,3,19.33063143547624
2025-07-02,4,25.862103078599734
2025-07-02,5,17.247429419963197
2025-07-02,6,23.931688353192804
2025-07-02,7,-4.167144026507923
2025-07-02,8,-5.2288991985214395
2025-07-02,9,18.967151683275695
2025-07-02,10,53.715488399428224
2025-07-02,11,40.71289555067273
2025-07-02,12,45.31445903126213
2025-07-02,13,94.90703289461432
2025-07-02,14,53.5593355587255
2025-07-02,15,11.254288430707929
2025-07-02,16,82.44564005327847
2025-07-02,17,90.06472987400637
2025-07-02,18,43.13773515408417
2025-07-02,19,-3.5913118332296436
2025-07-02,20,-4.615345695181326
2025-07-02,21,0.7228176552715161
2025-07-02,22,6.306507398305865
2025-07-02,23,17.683512054136223
2025-07-03,0,15.511333009522826
2025-07-03,1,41.243231120024625
2025-07-03,2,18.464958950913914
2025-07-03,3,35.18630297379696
2025-07-03,4,35.00180414814415
2025-07-03,5,33.046708547370244
2025-07-03,6,38.697108982661945
2025-07-03,7,11.936613552136132
2025-07-03,8,-2.71857261493146
2025-07-03,9,68.34704056908504
2025-07-03,10,5412768928999999.0
2025-07-03,11,3690684015499999.5
2025-07-03,12,3447542724500000.0
2025-07-03,13,3372786449500000.0
2025-07-03,14,3400205555499999.5
2025-07-03,15,3459450375499999.5
2025-07-03,16,122.4827894671184
2025-07-03,17,30.589452556715244
2025-07-03,18,55.21488493796754
2025-07-03,19,31.757079969490892
2025-07-03,20,14.744355484689407
2025-07-03,21,23.43677376246614
2025-07-03,22,42.591987607936986
2025-07-03,23,69.93788645448102
2025-07-06,0,647663911500000.0
2025-07-06,1,650046861500000.1
2025-07-06,2,648339036500000.0
2025-07-06,3,645872650500000.0
2025-07-06,4,644947831500000.0
2025-07-06,5,647097394000000.0
2025-07-06,6,755851500000000.0
2025-07-06,7,1071185900000000.1
2025-07-06,8,1659945898500000.0
2025-07-06,9,1006905739500000.0
2025-07-06,10,794147619500000.0
2025-07-06,11,804554786499999.9
2025-07-06,12,794013143999999.9
2025-07-06,13,790331900500000.0
2025-07-06,14,825214605999999.9
2025-07-06,15,1181915968500000.0
2025-07-06,16,3981045534500000.0
2025-07-06,17,34.10894481712129
2025-07-06,18,-20.851009988863332
2025-07-06,19,42.460875634553865
2025-07-06,20,-17.961269218384675
2025-07-06,21,16.029078670897007
2025-07-06,22,-15.318722375500807
2025-07-06,23,-8.211879215784117
2025-07-07,0,-19.3549863179232
2025-07-07,1,-27.49661451016108
2025-07-07,2,-32.38755120590656
2025-07-07,3,-42.08103774100115
2025-07-07,4,-44.68949092903117
2025-07-07,5,-42.06849707761738
2025-07-07,6,19.285742617507395
2025-07-07,7,41.73438837925874
2025-07-07,8,-16.676534020677547
2025-07-07,9,38.427013212861546
2025-07-07,10,39.36035173647972
2025-07-07,11,2830313909500000.0
2025-07-07,12,824197424999999.9
2025-07-07,13,781356149500000.0
2025-07-07,14,788958069000000.0
2025-07-07,15,861389474999999.9
2025-07-07,16,1667929086500000.0
2025-07-07,17,3023943518999999.5
2025-07-07,18,2696455296000000.0
2025-07-07,19,2243571993499999.8
2025-07-07,20,1977133630999999.8
2025-07-07,21,1960995249500000.0
2025-07-07,22,1029578699499999.9
2025-07-07,23,642458030500000.0
2025-07-08,0,644174505500000.0
2025-07-08,1,640733211499999.9
2025-07-08,2,639074306000000.0
2025-07-08,3,641281375000000.0
2025-07-08,4,644306694500000.0
2025-07-08,5,646213980499999.9
2025-07-08,6,648606893999999.9
2025-07-08,7,641322780500000.0
2025-07-08,8,1041423044500000.0
2025-07-08,9,928922655500000.0
2025-07-08,10,649447532500000.0
2025-07-08,11,650081243500000.0
2025-07-08,12,656496819000000.0
2025-07-08,13,644014306499999.9
2025-07-08,14,645613594000000.0
2025-07-08,15,653939705500000.0
2025-07-08,16,894593730999999.9
2025-07-08,17,707.3553436408896
2025-07-08,18,21.016794078113637
2025-07-08,19,55.30162040652398
2025-07-08,20,35.647777633071655
2025-07-08,21,36.13573307047503
2025-07-08,22,-18.883099245701047
2025-07-08,23,1877695878999999.5
2025-07-09,0,1438388093999999.8
2025-07-09,1,792692824999999.9
2025-07-09,2,669734469000000.0
2025-07-09,3,639397329500000.0
2025-07-09,4,635941247999999.9
2025-07-09,5,643692705500000.1
2025-07-09,6,641733994500000.0
2025-07-09,7,2650110543999999.5
2025-07-09,8,3019477150000000.0
2025-07-09,9,1839542606500000.0
2025-07-09,10,1851162275000000.0
2025-07-09,11,1930122050000000.2
2025-07-09,12,689.0468495966578
2025-07-09,13,3047288817499999.5
2025-07-09,14,3012397932500000.0
2025-07-09,15,1048.206371975272
2025-07-09,16,390.1956518092819
2025-07-09,17,97.06096045481046
2025-07-09,18,129.32370889687968
2025-07-09,19,96.7199989021064
2025-07-09,20,64.19429184757168
2025-07-09,21,63.267028384137134
2025-07-09,22,55.42959921301116
2025-07-09,23,1633790647500000.0
2025-07-10,0,940495084499999.9
2025-07-10,1,643408605500000.0
2025-07-10,2,633776044500000.0
2025-07-10,3,638057849500000.0
2025-07-10,4,640298986500000.0
2025-07-10,5,635289142499999.9
2025-07-10,6,636158994500000.0
2025-07-10,7,1984033443999999.8
2025-07-10,8,2899835356000000.0
2025-07-10,9,1987498950499999.8
2025-07-10,10,992562121499999.9
2025-07-10,11,752898549999999.9
2025-07-10,12,655015011500000.0
2025-07-10,13,689214569000000.0
2025-07-10,14,895631554499999.9
2025-07-10,15,859171255499999.9
2025-07-10,16,1544992773499999.8
2025-07-10,17,38.37946358614999
2025-07-10,18,105.58571894664348
2025-07-10,19,104.88301826664265
2025-07-10,20,3706169410500000.0
2025-07-10,21,226.34062307542365
2025-07-10,22,315.87250915177475
2025-07-10,23,991515894499999.9
2025-07-11,0,779596836499999.9
2025-07-11,1,793784286499999.9
2025-07-11,2,789670138499999.9
2025-07-11,3,790762550500000.1
2025-07-11,4,788071080499999.9
2025-07-11,5,924803830999999.8
2025-07-11,6,2013350994000000.2
2025-07-11,7,126.25804979260599
2025-07-11,8,4356877238499999.5
2025-07-11,9,3730085925499999.0
2025-07-11,10,1610451209500000.0
2025-07-11,11,1077453213499999.8
2025-07-11,12,972580970999999.9
2025-07-11,13,948081144499999.9
2025-07-11,14,978200319499999.9
2025-07-11,15,1880693063500000.0
2025-07-11,16,258.664707488697
2025-07-11,17,25.9633342868594
2025-07-11,18,-13.644996559778646
2025-07-11,19,-16.624424596005216
2025-07-11,20,-19.805965275357124
2025-07-11,21,62.25411803925412
2025-07-11,22,25.854367257798398
2025-07-11,23,38.40279403432703
2025-07-12,0,-14.289555781858086
2025-07-12,1,-16.16773137008473
2025-07-12,2,-14.991921547814227
2025-07-12,3,-11.617242121594792
2025-07-12,4,27.47948303062399
2025-07-12,5,-18.598271149711294
2025-07-12,6,-11.872621120374912
2025-07-12,7,51.74567608702344
2025-07-12,8,-3.4130804076309538
2025-07-12,9,67.866750119751
2025-07-12,10,1725825003500000.0
2025-07-12,11,677471875499999.9
2025-07-12,12,925856044000000.0
2025-07-12,13,931380728500000.0
2025-07-12,14,924496238499999.8
2025-07-12,15,1005583534499999.9
2025-07-12,16,1589820869500000.0
2025-07-12,17,41.90462365690751
2025-07-12,18,194.7106565925773
2025-07-12,19,1568.9487286897004
2025-07-12,20,90.98585142148515
2025-07-12,21,453.0119413618811
2025-07-12,22,929764713499999.9
2025-07-12,23,642647836499999.9
2025-07-13,0,645331880499999.9
2025-07-13,1,644933044000000.1
2025-07-13,2,645416188499999.9
2025-07-13,3,646965038500000.0
2025-07-13,4,648487784499999.9
2025-07-13,5,647948730999999.9
2025-07-13,6,642723428499999.9
2025-07-13,7,639374111500000.0
2025-07-13,8,651606569500000.0
2025-07-13,9,860707831000000.1
2025-07-13,10,927991746000000.0
2025-07-13,11,924129134499999.9
2025-07-13,12,649598930500000.0
2025-07-13,13,650998549999999.9
2025-07-13,14,657889900000000.0
2025-07-13,15,660856305500000.0
2025-07-13,16,776699973499999.9
2025-07-13,17,21.38929656234333
2025-07-13,18,15.869412898245278
2025-07-13,19,3612569110500000.0
2025-07-13,20,27.09713667381984
2025-07-13,21,43.83415947337231
2025-07-13,22,42.89555757642004
2025-07-13,23,2.404452276363397
2025-07-14,0,-62.14159090776056
2025-07-14,1,-53.51169293765861
2025-07-14,2,-56.213428079288654
2025-07-14,3,-55.979789021928475
2025-07-14,4,-55.30038798642135
2025-07-14,5,-49.149532499136534
2025-07-14,6,-31.983942580246694
2025-07-14,7,-26.01017839821352
2025-07-14,8,-22.66012038748345
2025-07-14,9,-30.028439260895933
2025-07-14,10,25.335749866137586
2025-07-14,11,87.43273116143122
2025-07-14,12,8.00682142218364
2025-07-14,13,4931997394500000.0
2025-07-14,14,29.922388765661506
2025-07-14,15,17.279411404631617
2025-07-14,16,16.723052008634284
2025-07-14,17,57.113499455970675
2025-07-14,18,69.39819734544608
2025-07-14,19,29.767228901507735
2025-07-14,20,31.553873917935537
2025-07-14,21,28.723674586527622
2025-07-14,22,6.374563906879441
2025-07-14,23,-13.501855518341205
2025-07-15,0,-2.8498347398433457
2025-07-15,1,-32.56419494184729
2025-07-15,2,-31.48841816158496
2025-07-15,3,-35.450277333644486
2025-07-15,4,-31.70296780835467
2025-07-15,5,-32.16446060272526
2025-07-15,6,19.416481667501614
2025-07-15,7,-25.655353487909807
2025-07-15,8,-26.999526679095062
2025-07-15,9,40.135978177633035
2025-07-15,10,799.5656407911084
2025-07-15,11,3979444002000000.0
2025-07-15,12,3771536860000000.0
2025-07-15,13,3597170181000000.5
2025-07-15,14,3314343324500000.0
2025-07-15,15,3275714726499999.5
2025-07-15,16,132.12005967697255
2025-07-15,17,68.56525675346911
2025-07-15,18,46.56463684906202
2025-07-15,19,-21.01849215048131
2025-07-15,20,-25.18240060802121
2025-07-15,21,-36.72035311053407
2025-07-15,22,-44.07590622562286
2025-07-15,23,-56.92117293090478
2025-07-16,0,-57.65260360435827
2025-07-16,1,-51.39053469202823
2025-07-16,2,-54.26322334842766
2025-07-16,3,-51.116902366523384
2025-07-16,4,-50.85621000077304
2025-07-16,5,-42.35202131249542
2025-07-16,6,-17.75241191670463
2025-07-16,7,-16.909124723068253
2025-07-16,8,-14.00141797704851
2025-07-16,9,45.5749459078588
2025-07-16,10,122.36427089551158
2025-07-16,11,4503695060000000.0
2025-07-16,12,1904987875000000.2
2025-07-16,13,1847902417499999.8
2025-07-16,14,2204927555499999.8
2025-07-16,15,2498716285500000.0
2025-07-16,16,2931063330500000.0
2025-07-16,17,29.806721718639277
2025-07-16,18,94.52751418240257
2025-07-16,19,56.32567914990561
2025-07-16,20,30.10673968471114
2025-07-16,21,-0.5064733967600146
2025-07-16,22,-58.01902131855397
2025-07-16,23,-62.13803364049443
2025-07-17,0,-60.15883209904117
2025-07-17,1,-52.32568479515449
2025-07-17,2,-57.44475534630686
2025-07-17,3,22.614434567991843
2025-07-17,4,-71.89833129534837
2025-07-17,5,-67.98375734303791
2025-07-17,6,996457995999999.9
2025-07-17,7,-4.360724935333515
2025-07-17,8,8.372994356649674
2025-07-17,9,12.9462615156878
2025-07-17,10,3248891288499999.5
2025-07-17,11,3160812083000000.5
2025-07-17,12,3160376005500000.0
2025-07-17,13,3069293209499999.5
2025-07-17,14,3069626413000000.0
2025-07-17,15,3489205504500000.0
2025-07-17,16,5959721359500000.0
2025-07-17,17,56.21659908310756
2025-07-17,18,-9.77767072330846
2025-07-17,19,1.2077114605613863
2025-07-17,20,-9.150437257509132
2025-07-17,21,76.39268516847662
2025-07-17,22,-17.388088719716198
2025-07-17,23,15.92991573587321
2025-07-18,0,-44.00226582656366
2025-07-18,1,-45.441562322558354
2025-07-18,2,-45.70317722921115
2025-07-18,3,-43.4136794136481
2025-07-18,4,-20.39050279798922
2025-07-18,5,-51.20654774236616
2025-07-18,6,-35.536658632038865
2025-07-18,7,-23.18764722968339
2025-07-18,8,-18.02990484713725
2025-07-18,9,45.10788111912771
2025-07-18,10,618.7696769860557
2025-07-18,11,2444579409500000.5
2025-07-18,12,1819368589500000.0
2025-07-18,13,1814701813500000.0
2025-07-18,14,1808644608999999.5
2025-07-18,15,1803473459500000.0
2025-07-18,16,1094.1060400951067
2025-07-18,17,19.335489814384715
2025-07-18,18,62.229966595940326
2025-07-18,19,29.400915670684068
2025-07-18,20,14.853500130563779
2025-07-18,21,24.925230738363126
2025-07-18,22,-44.46071054454286
2025-07-18,23,74.21045791016901
2025-07-19,0,641454696000000.1
2025-07-19,1,642071365500000.0
2025-07-19,2,639457129499999.9
2025-07-19,3,637244560000000.0
2025-07-19,4,638454768999999.9
2025-07-19,5,640182510000000.0
2025-07-19,6,641852917500000.0
2025-07-19,7,635723095500000.0
2025-07-19,8,634715279000000.0
2025-07-19,9,643343169499999.9
2025-07-19,10,651626373500000.0
2025-07-19,11,643702887000000.0
2025-07-19,12,647067186499999.9
2025-07-19,13,649384374500000.0
2025-07-19,14,725764401500000.0
2025-07-19,15,1035590763499999.9
2025-07-19,16,19.695067354136064
2025-07-19,17,7.090661029123666
2025-07-19,18,25.999827714710335
2025-07-19,19,44.55101227708214
2025-07-19,20,-25.463774094552228
2025-07-19,21,-33.38816445660856
2025-07-19,22,-41.53496577246501
2025-07-19,23,-42.83050210779866
2025-07-20,0,-42.91294302431712
2025-07-20,1,-48.278389986814254
2025-07-20,2,-49.26899116055542
2025-07-20,3,-52.48806671637235
2025-07-20,4,-56.75349120554785
2025-07-20,5,-49.728289992974176
2025-07-20,6,-32.89787518346436
2025-07-20,7,-19.010375676261084
2025-07-20,8,-9.119153355296591
2025-07-20,9,71.83504112169456
2025-07-20,10,661596036500000.0
2025-07-20,11,646919365499999.9
2025-07-20,12,651752790000000.0
2025-07-20,13,646958216000000.0
2025-07-20,14,640407650000000.0
2025-07-20,15,1075255871000000.0
2025-07-20,16,87.3412745845689
2025-07-20,17,34.38170605528621
2025-07-20,18,53.2171351766759
2025-07-20,19,77.77465988228752
2025-07-20,20,19.196216489990547
2025-07-20,21,86.17296776284485
2025-07-20,22,1528546309500000.0
2025-07-20,23,916010785000000.0
2025-07-22,0,633657951500000.0
2025-07-22,1,632400528999999.9
2025-07-22,2,633892013499999.9
2025-07-22,3,634540326499999.9
2025-07-22,4,637636035000000.0
2025-07-22,5,756741990499999.8
2025-07-22,6,810820669000000.0
2025-07-22,7,814463461999999.9
2025-07-22,8,1872275140499999.8
2025-07-22,9,1936390344000000.2
2025-07-22,10,935189570500000.0
2025-07-22,11,1102744686500000.0
2025-07-22,12,1121812125500000.0
2025-07-22,13,1493550998000000.0
2025-07-22,14,1708979592500000.2
2025-07-22,15,2437188998500000.0
2025-07-22,16,3225702339499999.5
2025-07-22,17,3034874895999999.5
2025-07-22,18,454.3203896089462
2025-07-22,19,84.05092875373948
2025-07-22,20,77.9343138683597
2025-07-22,21,45.389184153652
2025-07-22,22,10.879498732032523
2025-07-22,23,36.20211359623353
2025-07-23,0,2073194074999999.5
2025-07-23,1,372.0872402813326
2025-07-23,2,282.91594751969444
2025-07-23,3,489.4821988983521
2025-07-23,4,139.28118582766848
2025-07-23,5,13.469636726252448
2025-07-23,6,-15.399163417645722
2025-07-23,7,5.666473951829974
2025-07-23,8,76.36623762546006
2025-07-23,9,107.90506559080437
2025-07-23,10,1856329819000000.0
2025-07-23,11,1714573931000000.0
2025-07-23,12,1673169699999999.8
2025-07-23,13,1676045413500000.0
2025-07-23,14,1671999197500000.0
2025-07-23,15,2236947516000000.2
2025-07-23,16,200.31310340187162
2025-07-23,17,37.03869695843018
2025-07-23,18,22.176759544861504
2025-07-23,19,-13.67387589040636
2025-07-23,20,-20.468323639736212
2025-07-23,21,-19.62655133706247
2025-07-23,22,-26.534554456381663
2025-07-23,23,-42.334534273541756
2025-07-24,0,-54.70950642559451
2025-07-24,1,-46.19896202465024
2025-07-24,2,-48.25295461180584
2025-07-24,3,-54.71260979313339
2025-07-24,4,-55.017606757982314
2025-07-24,5,-54.84347759728948
2025-07-24,6,-26.31806685306259
2025-07-24,7,12.698030508424056
2025-07-24,8,4.263572912006058
2025-07-24,9,5.465495718217603
2025-07-24,10,1122702660000000.1
2025-07-24,11,1373719973499999.8
2025-07-24,12,704798996499999.9
2025-07-24,13,651311234500000.0
2025-07-24,14,658721365499999.9
2025-07-24,15,654048425000000.0
2025-07-24,16,1026467459499999.9
2025-07-24,17,3433539609999999.5
2025-07-24,18,7381332701999999.0
2025-07-24,19,6683795040499999.0
2025-07-24,20,4879782892000000.0
2025-07-24,21,3220976589500000.0
2025-07-24,22,1099363562999999.8
2025-07-24,23,642053921500000.0
2025-07-25,0,642271746000000.0
2025-07-25,1,638328605500000.0
2025-07-25,2,638638415500000.1
2025-07-25,3,645678940000000.0
2025-07-25,4,646069125000000.0
2025-07-25,5,647383605500000.0
2025-07-25,6,647841048500000.0
2025-07-25,7,921323815500000.1
2025-07-25,8,1849971775499999.8
2025-07-25,9,2819326961999999.5
2025-07-25,10,3650181979000000.0
2025-07-25,11,908.7907584857651
2025-07-25,12,3906009216999999.5
2025-07-25,13,3580966200000000.0
2025-07-25,14,1764.0773199869225
2025-07-25,15,3910141271000000.5
2025-07-25,16,1199.1826996485972
2025-07-25,17,26.89962857404352
2025-07-25,18,3109601400000000.0
2025-07-25,19,31.685906594702427
2025-07-25,20,72.58258148009432
2025-07-25,21,88.1983714246498
2025-07-25,22,716364358000000.0
2025-07-25,23,649375604000000.0
2025-07-27,0,646588021500000.0
2025-07-27,1,644604890500000.0
2025-07-27,2,644756767499999.9
2025-07-27,3,644094701500000.0
2025-07-27,4,637576179000000.0
2025-07-27,5,641013655500000.0
2025-07-27,6,644033160000000.0
2025-07-27,7,639527790000000.0
2025-07-27,8,651454648499999.9
2025-07-27,9,643473536500000.0
2025-07-27,10,654717138500000.0
2025-07-27,11,648687703999999.9
2025-07-27,12,653444821500000.0
2025-07-27,13,652630409499999.9
2025-07-27,14,648621365499999.9
2025-07-27,15,650968913500000.0
2025-07-27,16,657762446499999.9
2025-07-27,17,706616768500000.0
2025-07-27,18,-20.994905054666948
2025-07-27,19,-30.751485308769983
2025-07-27,20,-50.081585100437266
2025-07-27,21,-50.10525935642736
2025-07-27,22,-50.373482530278345
2025-07-27,23,-50.48923805856144
2025-07-28,0,-87.27883028564503
2025-07-28,1,-89.01260485138678
2025-07-28,2,-87.61802916683848
2025-07-28,3,-88.51014021768344
2025-07-28,4,-85.29077588476008
2025-07-28,5,-83.51695941188287
2025-07-28,6,-46.106494054734505
2025-07-28,7,5.811580540507596
2025-07-28,8,29.640140820712155
2025-07-28,9,8.54583484271464
2025-07-28,10,172.26416384742222
2025-07-28,11,3192024230999999.5
2025-07-28,12,3081256094000000.5
2025-07-28,13,3057864343500000.0
2025-07-28,14,3453678555500000.0
2025-07-28,15,689.9345409850691
2025-07-28,16,99.92762842024014
2025-07-28,17,49.38004864189572
2025-07-28,18,-1.9896007428126081
2025-07-28,19,-13.427361956856826
2025-07-28,20,-17.717861599674695
2025-07-28,21,-18.018452567900173
2025-07-28,22,-11.202799807833047
2025-07-28,23,12.038236576971773
2025-07-29,0,-22.073054989595438
2025-07-29,1,-24.82776332093001
2025-07-29,2,-33.539650027251106
2025-07-29,3,-29.49855498316192
2025-07-29,4,-18.5439415936004
2025-07-29,5,-16.215822806858377
2025-07-29,6,19.688522973612795
2025-07-29,7,37.87345184445021
2025-07-29,8,72.45455417032173
2025-07-29,9,71.13369968469298
2025-07-29,10,28.063332643825465
2025-07-29,11,212.56957169860698
2025-07-29,12,-33.3465434279511
2025-07-29,13,11.455319143236595
2025-07-29,14,4.003478262220373
2025-07-29,15,41.012938821804696
2025-07-29,16,64.56768584495285
2025-07-29,17,114.69046285327093
2025-07-29,18,17.91512795435406
2025-07-29,19,-19.780056001674144
2025-07-29,20,-12.206838445623278
2025-07-29,21,-18.270551946752818
2025-07-29,22,-20.194237502820698
2025-07-29,23,-23.090278402436542
2025-07-30,0,-0.47123479606391244
2025-07-30,1,-21.294248570652456
2025-07-30,2,-15.147454245929962
2025-07-30,3,-14.980432982182768
2025-07-30,4,-10.752654010070804
2025-07-30,5,2.138144715231914
2025-07-30,6,26.392738879252956
2025-07-30,7,-8.370459939958607
2025-07-30,8,3.5615698117442065
2025-07-30,9,102.760743303815
2025-07-30,10,3613402668999999.5
2025-07-30,11,3170392715499999.5
2025-07-30,12,3266959199999999.5
2025-07-30,13,3637125340500000.0
2025-07-30,14,3683120101499999.5
2025-07-30,15,898.7403467388089
2025-07-30,16,233.0335167441847
2025-07-30,17,44.604296480714865
2025-07-30,18,15.690002392173158
2025-07-30,19,-17.245386231700405
2025-07-30,20,-19.47518843800289
2025-07-30,21,-24.833022190583108
2025-07-30,22,-22.81081250294562
2025-07-30,23,-21.965177510078508
2025-07-31,0,-28.498374500793044
2025-07-31,1,-34.331743984988094
2025-07-31,2,-21.607566315755644
2025-07-31,3,-38.6014405251563
2025-07-31,4,-35.763762061173296
2025-07-31,5,-37.2741541323319
2025-07-31,6,16.17486628475953
2025-07-31,7,-23.25737485415732
2025-07-31,8,-32.016340336320646
2025-07-31,9,13.277174411043713
2025-07-31,10,1012.4178997016545
2025-07-31,11,3189076901999999.5
2025-07-31,12,3076971028499999.5
2025-07-31,13,3171303515000000.0
2025-07-31,14,3179894156000000.0
2025-07-31,15,3520777681500000.0
2025-07-31,16,116.4343955254022
2025-07-31,17,60.96314894927985
2025-07-31,18,-17.659548227151586
2025-07-31,19,-17.27581866500628
2025-07-31,20,-4.732635868862229
2025-07-31,21,28.375158320227847
2025-07-31,22,-12.394902905959341
2025-07-31,23,-19.110256774262034
2025-08-01,0,-35.95811582587392
2025-08-01,1,-35.510897856688445
2025-08-01,2,-33.225892048936736
2025-08-01,3,-25.2873455142769
2025-08-01,4,-3.5917729151862923
2025-08-01,5,4.103491126146351
2025-08-01,6,18.50526518472985
2025-08-01,7,-3.5453818816002536
2025-08-01,8,-12.570670660888972
2025-08-01,9,47.6522340204116
2025-08-01,10,4334881865499999.0
2025-08-01,11,3078687615499999.5
2025-08-01,12,3061085134000000.0
2025-08-01,13,3072201790000000.0
2025-08-01,14,3068589155500000.0
2025-08-01,15,3086225847999999.5
2025-08-01,16,5333837730500000.0
2025-08-01,17,83.89986130126047
2025-08-01,18,63.01985734736473
2025-08-01,19,-25.026254744720077
2025-08-01,20,-24.62400323930481
2025-08-01,21,-22.2422546394098
2025-08-01,22,40.83180566064105
2025-08-01,23,-29.817013710192498
2025-08-02,0,-29.944180528234746
2025-08-02,1,-31.52268871898623
2025-08-02,2,-11.039936757955742
2025-08-02,3,-29.818926968523407
2025-08-02,4,-21.675515827192886
2025-08-02,5,-27.79249435866916
2025-08-02,6,-36.18613583820932
2025-08-02,7,-25.98993848701562
2025-08-02,8,-36.873840571297386
2025-08-02,9,-8.110436241278832
2025-08-02,10,90.12191414971797
2025-08-02,11,749.7602870751916
2025-08-02,12,3836094695499999.5
2025-08-02,13,3243536440500000.0
2025-08-02,14,2388593653999999.5
2025-08-02,15,2575335501499999.5
2025-08-02,16,4071619686000000.0
2025-08-02,17,41.159718364573
2025-08-02,18,32.80702703615974
2025-08-02,19,-9.42311034740563
2025-08-02,20,-19.11820401741511
2025-08-02,21,-19.241557454627106
2025-08-02,22,-11.637928177730883
2025-08-02,23,7.791576667856726
2025-08-03,0,140.28547178596463
2025-08-03,1,94.65269814657589
2025-08-03,2,13255.92498535151
2025-08-03,3,-12.29823731511602
2025-08-03,4,-21.617830424564037
2025-08-03,5,780539313500000.0
2025-08-03,6,802561899499999.9
2025-08-03,7,798139311499999.9
2025-08-03,8,788220047999999.9
2025-08-03,9,662710277000000.0
2025-08-03,10,650421955500000.0
2025-08-03,11,656319592000000.0
2025-08-03,12,659088188499999.9
2025-08-03,13,656695361500000.0
2025-08-03,14,649805294500000.0
2025-08-03,15,655663944500000.0
2025-08-03,16,669104111500000.0
2025-08-03,17,1217506721500000.0
2025-08-03,18,3753487466999999.5
2025-08-03,19,3545442145999999.5
2025-08-03,20,1775039384499999.8
2025-08-03,21,1297425121500000.0
2025-08-03,22,653837113499999.9
2025-08-03,23,647879281499999.9
2025-08-05,0,645728416999999.9
2025-08-05,1,646771856500000.0
2025-08-05,2,656754824999999.9
2025-08-05,3,646846467500000.0
2025-08-05,4,647650580499999.9
2025-08-05,5,653077799500000.0
2025-08-05,6,1724067663000000.0
2025-08-05,7,2685953426500000.0
2025-08-05,8,332.88329218652115
2025-08-05,9,528.5265399048114
2025-08-05,10,766853302000000.0
2025-08-05,11,656511482499999.9
2025-08-05,12,656261956499999.9
2025-08-05,13,660344015500000.0
2025-08-05,14,732505986500000.0
2025-08-05,15,972846599499999.9
2025-08-05,16,1776808125500000.0
2025-08-05,17,70.69585114378116
2025-08-05,18,60.00437267424553
2025-08-05,19,59.81822150675785
2025-08-05,20,-7.677172061490357
2025-08-05,21,10.142371500340882
2025-08-05,22,-11.923084423128426
2025-08-05,23,-11.125475993226154
2025-08-06,0,-47.412502328230744
2025-08-06,1,-30.47931423372167
2025-08-06,2,-24.959668222988665
2025-08-06,3,-33.99643902354773
2025-08-06,4,-39.87688360125593
2025-08-06,5,-27.625426297481667
2025-08-06,6,11.110648873685562
2025-08-06,7,55.89129066209282
2025-08-06,8,34.9547223248217
2025-08-06,9,14.310713140319239
2025-08-06,10,145.98226085639655
2025-08-06,11,3167358648000000.0
2025-08-06,12,3160360065500000.0
2025-08-06,13,3320652300500000.0
2025-08-06,14,3585704615499999.5
2025-08-06,15,3891849407499999.5
2025-08-06,16,539.8698535415457
2025-08-06,17,33.25002702200135
2025-08-06,18,19.891083167401817
2025-08-06,19,-4.549536541177738
2025-08-06,20,0.8683467226677614
2025-08-06,21,72.21243321867719
2025-08-06,22,55.74843990564672
2025-08-06,23,35.03070073418278
2025-08-07,0,9.648588331799635
2025-08-07,1,-2.8788751303338054
2025-08-07,2,8.28264053049828
2025-08-07,3,59.19618238738585
2025-08-07,4,10.60759397668651
2025-08-07,5,41.67357057718186
2025-08-07,6,46.08888353421686
2025-08-07,7,38.84765276136383
2025-08-07,8,119.16346410432794
2025-08-07,9,342.4188997311587
2025-08-07,10,4164261946499999.5
2025-08-07,11,3463257717000000.0
2025-08-07,12,3435024338499999.5
2025-08-07,13,3462347757999999.5
2025-08-07,14,3643931390499999.5
2025-08-07,15,4454987278499999.5
2025-08-07,16,100.39504872817312
2025-08-07,17,34.46669376470174
2025-08-07,18,81.31763109005998
2025-08-07,19,65.95787433323514
2025-08-07,20,50.68026113799126
2025-08-07,21,56.06774606806244
2025-08-07,22,58.42965185929067
2025-08-07,23,55.74947457344501
2025-08-08,0,75.54227759790574
2025-08-08,1,55.404684523397066
2025-08-08,2,35.696071099470394
2025-08-08,3,44.05818414801283
2025-08-08,4,40.37784748346704
2025-08-08,5,38.93976881525815
2025-08-08,6,100.52852733920955
2025-08-08,7,98.51593364562756
2025-08-08,8,118.46689457802613
2025-08-08,9,323.820443934022
2025-08-08,10,2601069489000000.0
2025-08-08,11,1156765217500000.0
2025-08-08,12,1160561460000000.0
2025-08-08,13,1160175955999999.8
2025-08-08,14,1127518399999999.8
2025-08-08,15,1219292500000000.0
2025-08-08,16,2506283123499999.5
2025-08-08,17,376.9256564738904
2025-08-08,18,153.68736991940798
2025-08-08,19,38.62411996657845
2025-08-08,20,52.639739098921844
2025-08-08,21,18.92879890755051
2025-08-08,22,51.05144270134352
2025-08-08,23,29.353958113383648
2025-08-09,0,15.805474152518027
2025-08-09,1,16.2563386569934
2025-08-09,2,-4.661689485878968
2025-08-09,3,-27.04184624183338
2025-08-09,4,-15.769178733593945
2025-08-09,5,-8.929965087779946
2025-08-09,6,37.14701007655609
2025-08-09,7,57.98255238598493
2025-08-09,8,79.07034325115534
2025-08-09,9,29.514326420634564
2025-08-09,10,829.9939975495879
2025-08-09,11,3432244540499999.5
2025-08-09,12,3423243075500000.0
2025-08-09,13,3419337941000000.0
2025-08-09,14,3511542504499999.5
2025-08-09,15,220.4783569366079
2025-08-09,16,11.249142116912003
2025-08-09,17,41.70680750922528
2025-08-09,18,74.67018975661581
2025-08-09,19,28.720808002607924
2025-08-09,20,31.98968287250883
2025-08-09,21,27.928871196158273
2025-08-09,22,5.470803778087263
2025-08-09,23,-9.137191476756628
2025-08-10,0,-14.598550362604637
2025-08-10,1,-20.779340101660818
2025-08-10,2,-36.22402422844998
2025-08-10,3,-24.55509911885019
2025-08-10,4,-41.09406111681402
2025-08-10,5,-32.95073868324323
2025-08-10,6,-13.591951709418213
2025-08-10,7,6.418987520549968
2025-08-10,8,1.5103553357040582
2025-08-10,9,2.8502279783193583
2025-08-10,10,72.39746254602682
2025-08-10,11,2453079295500000.0
2025-08-10,12,730905680999999.9
2025-08-10,13,646045929000000.0
2025-08-10,14,892361311500000.0
2025-08-10,15,1292955091999999.8
2025-08-10,16,2615994853499999.5
2025-08-10,17,45.520618510933126
2025-08-10,18,88.5205629059561
2025-08-10,19,81.35600606327363
2025-08-10,20,292.9149254702363
2025-08-10,21,261.51943741527805
2025-08-10,22,2532699661500000.0
2025-08-10,23,814226748499999.9
2025-08-11,0,650681378500000.0
2025-08-11,1,645812071000000.0
2025-08-11,2,647313359499999.9
2025-08-11,3,640410799500000.0
2025-08-11,4,647947135000000.0
2025-08-11,5,962165206000000.0
2025-08-11,6,3379788745500000.0
2025-08-11,7,4543531551499999.0
2025-08-11,8,3856846547999999.5
2025-08-11,9,1878218417000000.0
2025-08-11,10,649922848499999.9
2025-08-11,11,647773428499999.9
2025-08-11,12,640575275000000.0
2025-08-11,13,647405071500000.0
2025-08-11,14,643520790500000.0
2025-08-11,15,966228961499999.9
2025-08-11,16,2553727805999999.5
2025-08-11,17,58.784012306647
2025-08-11,18,54.88489034741782
2025-08-11,19,51.03777681623116
2025-08-11,20,135.84207289038102
2025-08-11,21,-8.59891882724438
2025-08-11,22,-27.942917945815505
2025-08-11,23,-45.94450143526406
2025-08-12,0,-44.48584680090293
2025-08-12,1,-25.278503210446004
2025-08-12,2,-56.081197894070826
2025-08-12,3,-54.989043944155775
2025-08-12,4,-59.59713173161166
2025-08-12,5,-48.43118484773811
2025-08-12,6,3.7382353417138137
2025-08-12,7,14.278423481148351
2025-08-12,8,17.518625226649636
2025-08-12,9,14.696502464444595
2025-08-12,10,1398996611499999.8
2025-08-12,11,1748989673499999.8
2025-08-12,12,1304378271500000.0
2025-08-12,13,1269014276500000.0
2025-08-12,14,2978018338500000.0
2025-08-12,15,4733847821499999.0
2025-08-12,16,6424708057500000.0
2025-08-12,17,203.91510385747173
2025-08-12,18,51.071453402874546
2025-08-12,19,46.92612079567814
2025-08-12,20,43.230582490390056
2025-08-12,21,39.8436679502706
2025-08-12,22,29.137792033039744
2025-08-12,23,17.972145808088133
2025-08-13,0,12.320384842590025
2025-08-13,1,-10.358104413753145
2025-08-13,2,-15.92005680734641
2025-08-13,3,-25.276936372119902
2025-08-13,4,-22.29636079799869
2025-08-13,5,-3.5500600091719177
2025-08-13,6,9.200221589137858
2025-08-13,7,-5.126950221546505
2025-08-13,8,40.69469838470154
2025-08-13,9,99.36870767362957
2025-08-13,10,5377570704500000.0
2025-08-13,11,3842929469000000.0
2025-08-13,12,3427011911499999.5
2025-08-13,13,3412523825500000.0
2025-08-13,14,3424655449500000.5
2025-08-13,15,3432344146499999.5
2025-08-13,16,4675287102500000.0
2025-08-13,17,90.78418889766493
2025-08-13,18,51.15376317528436
2025-08-13,19,-14.405401013042972
2025-08-13,20,-6.475463701439655
2025-08-13,21,59.894190480639516
2025-08-13,22,47.28437841825249
2025-08-13,23,29.450534618862285
2025-08-14,0,127.1807818778414
2025-08-14,1,78.07711352511012
2025-08-14,2,75.22093215276044
2025-08-14,3,117.39576615056717
2025-08-14,4,86.99175128647396
2025-08-14,5,78.5976501396723
2025-08-14,6,143.8268364071046
2025-08-14,7,126.11146001242703
2025-08-14,8,321.8960063892823
2025-08-14,9,3326826830999999.5
2025-08-14,10,658655909999999.9
2025-08-14,11,631948585000000.0
2025-08-14,12,632814368999999.9
2025-08-14,13,631020648499999.9
2025-08-14,14,637647880499999.9
2025-08-14,15,631298636500000.0
2025-08-14,16,796576409499999.9
2025-08-14,17,2212018577000000.5
2025-08-14,18,4710408427000000.0
2025-08-14,19,3196284503500000.0
2025-08-14,20,1476074309499999.8
2025-08-14,21,1110203006000000.0
2025-08-14,22,1354554684500000.0
2025-08-14,23,1382626345999999.8
2025-08-16,0,782890713499999.9
2025-08-16,1,786497360000000.0
2025-08-16,2,784839428500000.0
2025-08-16,3,785148834500000.0
2025-08-16,4,788204809499999.9
2025-08-16,5,795585115500000.0
2025-08-16,6,-43.554127116641396
2025-08-16,7,103.40748091523301
2025-08-16,8,68.86291686524858
2025-08-16,9,3324252293999999.5
2025-08-16,10,762181109999999.9
2025-08-16,11,658532946000000.1
2025-08-16,12,652265836499999.9
2025-08-16,13,640955452000000.0
2025-08-16,14,635850836500000.0
2025-08-16,15,836703316000000.0
2025-08-16,16,1487793929000000.0
2025-08-16,17,136.52973645326017
2025-08-16,18,76.80562978857823
2025-08-16,19,79.32698600826637
2025-08-16,20,73.28439962876007
2025-08-16,21,113.07853070690362
2025-08-16,22,266.45163580209265
2025-08-16,23,1627358326499999.8
2025-08-17,0,956886533999999.9
2025-08-17,1,768218030500000.0
2025-08-17,2,631908721000000.0
2025-08-17,3,627057898000000.0
2025-08-17,4,632592959500000.0
2025-08-17,5,630822073000000.0
2025-08-17,6,636842300500000.0
2025-08-17,7,2120488465499999.8
2025-08-17,8,2616546403500000.5
2025-08-17,9,959307195499999.9
2025-08-17,10,638778678500000.0
2025-08-17,11,638374100499999.9
2025-08-17,12,737787719000000.1
2025-08-17,13,971967592499999.9
2025-08-17,14,993799963500000.0
2025-08-17,15,1304827436499999.8
2025-08-17,16,2991789586500000.0
2025-08-17,17,95.47245233846876
2025-08-17,18,42.099292721856386
2025-08-17,19,36.54548499539487
2025-08-17,20,43.43866084070295
2025-08-17,21,38.7357502782586
2025-08-17,22,34.1626594508531
2025-08-17,23,16.35670130968127
2025-08-18,0,0.016213211713917264
2025-08-18,1,31.77911975163333
2025-08-18,2,14.306509909852771
2025-08-18,3,17.88599031961844
2025-08-18,4,28.54969487571835
2025-08-18,5,54.22342614010951
2025-08-18,6,63.87493437175138
2025-08-18,7,64.23856847455649
2025-08-18,8,94.4509761850389
2025-08-18,9,1592.5198922920633
2025-08-18,10,2735353757999999.5
2025-08-18,11,1164387609999999.8
2025-08-18,12,1135449673500000.0
2025-08-18,13,1168950725499999.8
2025-08-18,14,1137700073499999.8
2025-08-18,15,1351275615500000.0
2025-08-18,16,3416565944000000.0
2025-08-18,17,214.08920720193743
2025-08-18,18,79.81299864476672
2025-08-18,19,81.442157376423
2025-08-18,20,35.596062400177765
2025-08-18,21,61.02675569392897
2025-08-18,22,32.65289251800167
2025-08-18,23,13.499487265810767
2025-08-19,0,1.8520529365350538
2025-08-19,1,52.033548288685544
2025-08-19,2,42.755691799963145
2025-08-19,3,43.45636112205926
2025-08-19,4,36.1481484987207
2025-08-19,5,67.74969717793167
2025-08-19,6,82.60963456982236
2025-08-19,7,69.68026619428714
2025-08-19,8,96.82700697913967
2025-08-19,9,2856368176500000.0
2025-08-19,10,1132784221000000.0
2025-08-19,11,1169169500499999.8
2025-08-19,12,1570389042500000.0
2025-08-19,13,1167843561500000.0
2025-08-19,14,1148748561500000.0
2025-08-19,15,1269518048000000.0
2025-08-19,16,3097430126500000.0
2025-08-19,17,125.24742248923064
2025-08-19,18,75.45630062683269
2025-08-19,19,57.29112132778201
2025-08-19,20,76.6084928728602
2025-08-19,21,54.964495034901816
2025-08-19,22,67.22088156722884
2025-08-19,23,60.26689377445372
2025-08-20,0,156.8759673934159
2025-08-20,1,68.77526848497845
2025-08-20,2,69.98112043761526
2025-08-20,3,1000.2069037725935
2025-08-20,4,1903363157500000.0
2025-08-20,5,2676367929000000.0
2025-08-20,6,396.40655521239677
2025-08-20,7,8110938025000000.0
2025-08-20,8,587.571640343913
2025-08-20,9,2614343567499999.5
2025-08-20,10,826760780999999.9
2025-08-20,11,643929635000000.0
2025-08-20,12,652148915500000.0
2025-08-20,13,650620764500000.0
2025-08-20,14,642905730500000.0
2025-08-20,15,757940699500000.0
2025-08-20,16,1600332010500000.0
2025-08-20,17,6295229548500000.0
2025-08-20,18,249.5115040357792
2025-08-20,19,8270703701499999.0
2025-08-20,20,179.8883971613794
2025-08-20,21,5076269494500000.0
2025-08-20,22,2544855549500000.0
2025-08-20,23,679785980500000.0
2025-08-21,0,663872715000000.0
2025-08-21,1,660296945500000.0
2025-08-21,2,660858865499999.9
2025-08-21,3,646000709999999.9
2025-08-21,4,642232236500000.0
2025-08-21,5,836608518500000.0
2025-08-21,6,1978014786499999.8
2025-08-21,7,3642973126500000.0
2025-08-21,8,2637859796000000.0
2025-08-21,9,1234124813499999.8
2025-08-21,10,1234556465499999.8
2025-08-21,11,1250109800000000.0
2025-08-21,12,1245984796000000.0
2025-08-21,13,1033446773500000.0
2025-08-21,14,1059040438499999.9
2025-08-21,15,1683263111999999.8
2025-08-21,16,3002825298000000.0
2025-08-21,17,122.81052019458134
2025-08-21,18,307.8525406530987
2025-08-21,19,275.95118397132165
2025-08-21,20,180.53143939750524
2025-08-21,21,258.17341745221313
2025-08-21,22,390.3423709999413
2025-08-21,23,2572775018500000.0
2025-08-22,0,849049748000000.0
2025-08-22,1,781485954500000.0
2025-08-22,2,773799162999999.9
2025-08-22,3,779039615000000.0
2025-08-22,4,778801917499999.9
2025-08-22,5,786048144500000.0
2025-08-22,6,2232178044499999.8
2025-08-22,7,3340272424500000.5
2025-08-22,8,2779723371000000.0
2025-08-22,9,871252713500000.0
2025-08-22,10,673211651499999.9
2025-08-22,11,677706651499999.9
2025-08-22,12,653088466000000.0
2025-08-22,13,650453602000000.0
2025-08-22,14,648952325500000.0
2025-08-22,15,708430897999999.9
2025-08-22,16,3025499654499999.5
2025-08-22,17,80.1441661598423
2025-08-22,18,60.2026573229059
2025-08-22,19,-23.659498056992884
2025-08-22,20,36.7638861429938
2025-08-22,21,-25.566680360663288
2025-08-22,22,-25.820883237453888
2025-08-22,23,-1.8809003222842375
2025-08-23,0,-14.527180954579269
2025-08-23,1,-27.617707469749817
2025-08-23,2,-45.80245620314259
2025-08-23,3,-53.78644410247133
2025-08-23,4,-60.5887074727776
2025-08-23,5,-49.104410701848494
2025-08-23,6,13.980425160007037
2025-08-23,7,-16.795482759159412
2025-08-23,8,42.66611328179898
2025-08-23,9,212.78610084324634
2025-08-23,10,1825260078500000.2
2025-08-23,11,1823849373499999.8
2025-08-23,12,1802864281000000.0
2025-08-23,13,1798785171500000.0
2025-08-23,14,1795151853500000.0
2025-08-23,15,1806141400500000.0
2025-08-23,16,2756473496499999.5
2025-08-23,17,59.379864470724044
2025-08-23,18,8.73331967104504
2025-08-23,19,58.83188499195795
2025-08-23,20,-3.044240123402181
2025-08-23,21,65.61148377037007
2025-08-23,22,58.111666205138725
2025-08-23,23,69.4487022752586
2025-08-24,0,90.55449101970223
2025-08-24,1,11.492373388715405
2025-08-24,2,2236639720500000.2
2025-08-24,3,6.214683977561884
2025-08-24,4,27.210117426554483
2025-08-24,5,2248788236500000.0
2025-08-24,6,522.4852736869091
2025-08-24,7,3068528723499999.5
2025-08-24,8,2252674305499999.5
2025-08-24,9,666848129500000.0
2025-08-24,10,675575893999999.9
2025-08-24,11,672597796500000.0
2025-08-24,12,669166018999999.9
2025-08-24,13,659882950000000.0
2025-08-24,14,656223950500000.0
2025-08-24,15,662405513500000.0
2025-08-24,16,-49.866630809588216
2025-08-24,17,35.758387635468935
2025-08-24,18,138.88705510200356
2025-08-24,19,56.632256394984964
2025-08-24,20,6619724578500000.0
2025-08-24,21,581.0248079670855
2025-08-24,22,1857793329000000.0
2025-08-24,23,1471439415499999.8
2025-08-25,0,733737204000000.0
2025-08-25,1,638281360000000.0
2025-08-25,2,642363415500000.1
2025-08-25,3,642724890500000.0
2025-08-25,4,639379895500000.0
2025-08-25,5,642042143999999.9
2025-08-25,6,1046247371500000.0
2025-08-25,7,2285858872999999.5
2025-08-25,8,1313320199999999.8
2025-08-25,9,702937732500000.0
2025-08-25,10,631364036500000.0
2025-08-25,11,637463674499999.9
2025-08-25,12,660685473500000.0
2025-08-25,13,657545275000000.0
2025-08-25,14,854268905500000.0
2025-08-25,15,299.46691437040084
2025-08-25,16,-15.145302907702249
2025-08-25,17,126.45404054455818
2025-08-25,18,232.18762712032265
2025-08-25,19,-18.17266819163321
2025-08-25,20,-27.369352390889166
2025-08-25,21,-73.12144350538165
2025-08-25,22,-58.209673216569755
2025-08-25,23,-76.24541442356721
2025-08-26,0,2.411528509443725
2025-08-26,1,0.24239836283300775
2025-08-26,2,28.099590167124823
2025-08-26,3,630656995999999.9
2025-08-26,4,637126814999999.9
2025-08-26,5,642904175500000.0
2025-08-26,6,2.527035975840311
2025-08-26,7,-39.81545615445641
2025-08-26,8,-38.51923545005865
2025-08-26,9,44.70415981504617
2025-08-26,10,891354693500000.0
2025-08-26,11,636977380499999.9
2025-08-26,12,637202574999999.9
2025-08-26,13,641202969000000.0
2025-08-26,14,640462194499999.9
2025-08-26,15,636575909499999.9
2025-08-26,16,632777588499999.9
2025-08-26,17,1227660719500000.0
2025-08-26,18,1804378665499999.5
2025-08-26,19,3685256867000000.0
2025-08-26,20,3647415422999999.5
2025-08-26,21,1477737327000000.0
2025-08-26,22,629874045999999.9
2025-08-26,23,635304235000000.1
2025-08-28,0,647864115499999.9
2025-08-28,1,644097316000000.0
2025-08-28,2,640750785000000.0
2025-08-28,3,638439763500000.0
2025-08-28,4,638426694500000.0
2025-08-28,5,642283985500000.0
2025-08-28,6,642971754499999.9
2025-08-28,7,637597984500000.0
2025-08-28,8,642650646500000.0
2025-08-28,9,641455015500000.0
2025-08-28,10,648919691000000.1
2025-08-28,11,643890855500000.0
2025-08-28,12,640366188499999.9
2025-08-28,13,640965799500000.0
2025-08-28,14,651205042500000.0
2025-08-28,15,642233238500000.0
2025-08-28,16,660489384499999.9
2025-08-28,17,966880020999999.9
2025-08-28,18,2098367990500000.2
2025-08-28,19,4272818376999999.0
2025-08-28,20,3017.315102134669
2025-08-28,21,3248510984999999.0
2025-08-28,22,828364882500000.0
2025-08-28,23,637530223499999.9
2025-08-29,0,640075103999999.9
2025-08-29,1,642396280500000.0
2025-08-29,2,644758525500000.0
2025-08-29,3,640393805500000.0
2025-08-29,4,647662127000000.0
2025-08-29,5,649163415500000.0
2025-08-29,6,639322709999999.9
2025-08-29,7,639005854500000.0
2025-08-29,8,869315294499999.9
2025-08-29,9,733871694000000.0
2025-08-29,10,643163809499999.9
2025-08-29,11,648631054000000.0
2025-08-29,12,650142904500000.0
2025-08-29,13,695787147999999.9
2025-08-29,14,647621551500000.0
2025-08-29,15,650693242500000.0
2025-08-29,16,867666294499999.9
2025-08-29,17,1209089493999999.8
2025-08-29,18,1935289690500000.0
2025-08-29,19,2740347281500000.0
2025-08-29,20,2335.8747013842385
2025-08-29,21,1861942751500000.0
2025-08-29,22,930228575500000.0
2025-08-29,23,650095945500000.0
2025-08-30,0,640827121000000.0
2025-08-30,1,639470667500000.0
2025-08-30,2,636052088499999.9
2025-08-30,3,637227115000000.0
2025-08-30,4,638719697499999.9
2025-08-30,5,639228535000000.0
2025-08-30,6,637990072999999.9
2025-08-30,7,637818990500000.0
2025-08-30,8,646743540500000.0
2025-08-30,9,653957486500000.0
2025-08-30,10,655550432500000.1
2025-08-30,11,653629463500000.0
2025-08-30,12,717368283000000.0
2025-08-30,13,775376252500000.0
2025-08-30,14,695023979000000.0
2025-08-30,15,798453036499999.9
2025-08-30,16,1381536921499999.8
2025-08-30,17,-32.42382935288318
2025-08-30,18,-35.82840595439568
2025-08-30,19,-27.48484595644401
2025-08-30,20,-21.618094446687167
2025-08-30,21,-20.76919256239447
2025-08-30,22,-33.90492821773124
2025-08-30,23,-48.242879323786596
2025-08-31,0,-53.108091909134046
2025-08-31,1,-57.469025689478116
2025-08-31,2,-52.653635881751576
2025-08-31,3,-51.83096938396672
2025-08-31,4,-24.171730661844602
2025-08-31,5,-35.976855704906065
2025-08-31,6,-52.15400325486437
2025-08-31,7,-56.23419309134603
2025-08-31,8,-63.64009176441627
2025-08-31,9,-63.39983236969006
2025-08-31,10,639491698499999.9
2025-08-31,11,640472273499999.9
2025-08-31,12,642018225499999.9
2025-08-31,13,643093563499999.9
2025-08-31,14,641265219500000.0
2025-08-31,15,1045863106499999.9
2025-08-31,16,24.176929614322137
2025-08-31,17,-28.822819343659827
2025-08-31,18,-25.872853671196165
2025-08-31,19,-18.00252363894723
2025-08-31,20,-17.159135442467868
2025-08-31,21,-19.844741916710003
2025-08-31,22,-29.93352959998812
2025-08-31,23,-35.56409913637899
2025-09-01,0,-44.21177582420074
2025-09-01,1,-47.09258994580657
2025-09-01,2,-46.46105787546992
2025-09-01,3,-46.42095436423241
2025-09-01,4,-22.99541429180353
2025-09-01,5,-2.036879182270839
2025-09-01,6,-17.756185476078123
2025-09-01,7,-31.21388417432239
2025-09-01,8,-23.339114265747803
2025-09-01,9,45.42922494713221
2025-09-01,10,257.1571756104675
2025-09-01,11,4698128963500000.0
2025-09-01,12,3151970195499999.5
2025-09-01,13,3210458692500000.0
2025-09-01,14,3527730169500000.0
2025-09-01,15,3579043355500000.5
2025-09-01,16,4880644955500000.0
2025-09-01,17,59.51891937354323
2025-09-01,18,33.32643503390145
2025-09-01,19,-14.541159266610629
2025-09-01,20,-4.7485478715104525
2025-09-01,21,0.0807981512505577
2025-09-01,22,-7.812388408445254
2025-09-01,23,72.18520537962891
2025-09-02,0,-16.905521294955076
2025-09-02,1,-36.623998963043384
2025-09-02,2,-18.71362313336071
2025-09-02,3,-36.95351490757728
2025-09-02,4,-30.18532975613052
2025-09-02,5,1.004478428898716
2025-09-02,6,38.71823585189334
2025-09-02,7,111.67369291106807
2025-09-02,8,1926004205500000.0
2025-09-02,9,654488682500000.0
2025-09-02,10,715224804000000.0
2025-09-02,11,714794809500000.0
2025-09-02,12,709054790499999.9
2025-09-02,13,725356456000000.0
2025-09-02,14,701539813500000.0
2025-09-02,15,654833131000000.0
2025-09-02,16,1134989799500000.0
2025-09-02,17,1373052299999999.8
2025-09-02,18,-41.297731072667496
2025-09-02,19,2515453965500000.0
2025-09-02,20,-11.50440412788574
2025-09-02,21,-22.170495413194516
2025-09-02,22,31.902063834938232
2025-09-02,23,340343130500000.0
2025-09-03,0,-79.36014731643667
2025-09-03,1,329.4507187541364
2025-09-03,2,-66.09083073068349
2025-09-03,3,-64.4632473472903
2025-09-03,4,343349804000000.0
2025-09-03,5,351869795999999.94
2025-09-03,6,357968143999999.94
2025-09-03,7,351244782500000.0
2025-09-03,8,840843134500000.0
2025-09-03,9,1098631478499999.9
2025-09-03,10,485334817500000.0
2025-09-03,11,475578136499999.94
2025-09-03,12,1270462630999999.8
2025-09-03,13,1471023938000000.0
2025-09-03,14,663195074999999.9
2025-09-03,15,776977319499999.9
2025-09-03,16,1783015419000000.0
2025-09-03,17,593.3828736657721
2025-09-03,18,-37.172544270561616
2025-09-03,19,-26.069901853899992
2025-09-03,20,-22.09614462945832
2025-09-03,21,-26.542670585007173
2025-09-03,22,-38.70975376244686
2025-09-03,23,-43.323125896559645
2025-09-04,0,-28.979761344789807
2025-09-04,1,-47.471081345549656
2025-09-04,2,-51.6038353760298
2025-09-04,3,-50.481919654565594
2025-09-04,4,-52.935113071401005
2025-09-04,5,-50.924211801114254
2025-09-04,6,-45.46751974932612
2025-09-04,7,-39.187514580545816
2025-09-04,8,-50.557405069674594
2025-09-04,9,-20.3853222800809
2025-09-04,10,744331900500000.0
2025-09-04,11,671253846000000.0
2025-09-04,12,636563275500000.0
2025-09-04,13,637333146000000.0
2025-09-04,14,637858103499999.9
2025-09-04,15,774118388500000.0
2025-09-04,16,1816209613500000.2
2025-09-04,17,56.905464371525674
2025-09-04,18,53.796689670613354
2025-09-04,19,94.34560652581278
2025-09-04,20,51.95461931437913
2025-09-04,21,98.79490657528315
2025-09-04,22,117.83103055908644
2025-09-04,23,119.68088165704373
2025-09-07,0,634759375000000.1
2025-09-07,1,636146044500000.0
2025-09-07,2,637667325000000.0
2025-09-07,3,639717705500000.1
2025-09-07,4,639009375000000.1
2025-09-07,5,639073998500000.0
2025-09-07,6,641047121500000.0
2025-09-07,7,964.4427266508845
2025-09-07,8,813783961499999.9
2025-09-07,9,666663434499999.9
2025-09-07,10,636551498000000.0
2025-09-07,11,639000723499999.9
2025-09-07,12,643584628999999.9
2025-09-07,13,632213469000000.0
2025-09-07,14,639324644499999.9
2025-09-07,15,641922795999999.9
2025-09-07,16,642390315500000.0
2025-09-07,17,639609855499999.9
2025-09-07,18,631692198499999.9
2025-09-07,19,630993855499999.9
2025-09-07,20,631068475000000.0
2025-09-07,21,635933800000000.0
2025-09-07,22,635744880999999.9
2025-09-07,23,637704890500000.0
2025-09-08,0,-82.01663288436055
2025-09-08,1,-89.77388226600833
2025-09-08,2,-86.39471549264542
2025-09-08,3,-85.51608515431893
2025-09-08,4,-86.74980183735777
2025-09-08,5,-87.6322889024983
2025-09-08,6,-79.4096897498437
2025-09-08,7,-70.06749010688316
2025-09-08,8,-80.92788478768317
2025-09-08,9,69.89321160019408
2025-09-08,10,661947754499999.9
2025-09-08,11,642390956000000.1
2025-09-08,12,636967384499999.9
2025-09-08,13,645085905500000.0
2025-09-08,14,642694249500000.0
2025-09-08,15,806337635000000.0
2025-09-08,16,1139885338500000.0
2025-09-08,17,79.25550736155284
2025-09-08,18,-27.834392412370033
2025-09-08,19,-17.21752164554575
2025-09-08,20,-25.680605826574475
2025-09-08,21,-60.51080372501464
2025-09-08,22,-59.13044256088906
2025-09-08,23,-56.24123922867545
2025-09-09,0,-62.40665881075837
2025-09-09,1,-64.79849755375899
2025-09-09,2,-62.50337227955797
2025-09-09,3,-54.8606588772275
2025-09-09,4,1821326147999999.8
2025-09-09,5,19.10352486237762
2025-09-09,6,267.7939238148264
2025-09-09,7,136.8188717577532
2025-09-09,8,3285623750500000.5
2025-09-09,9,1019530755500000.0
2025-09-09,10,647959755499999.9
2025-09-09,11,856197529499999.8
2025-09-09,12,800308700500000.0
2025-09-09,13,779919298499999.9
2025-09-09,14,776217334499999.9
2025-09-09,15,1074032650499999.9
2025-09-09,16,463.8272949634933
2025-09-09,17,118.38171894426696
2025-09-09,18,80.60410273211559
2025-09-09,19,116.50070939531055
2025-09-09,20,61.101249941092796
2025-09-09,21,107.21030767379652
2025-09-09,22,9.420978584483153
2025-09-09,23,-6.298624205606609
2025-09-10,0,-15.208967711033209
2025-09-10,1,-14.786646521909919
2025-09-10,2,-24.118820943858285
2025-09-10,3,-22.2304566356053
2025-09-10,4,-8.04238636780734
2025-09-10,5,45.042078961850756
2025-09-10,6,130.78465411909437
2025-09-10,7,97.14797648473956
2025-09-10,8,215.7752793362178
2025-09-10,9,4602281117500000.0
2025-09-10,10,3683824155999999.5
2025-09-10,11,1265968627499999.8
2025-09-10,12,349879786499999.94
2025-09-10,13,346821460000000.0
2025-09-10,14,349221460000000.0
2025-09-10,15,354151474500000.0
2025-09-10,16,494799330499999.94
2025-09-10,17,2743000505999999.5
2025-09-10,18,5431329438500000.0
2025-09-10,19,6527550142000000.0
2025-09-10,20,208.15449390591604
2025-09-10,21,4979660288499999.0
2025-09-10,22,2742358242499999.5
2025-09-10,23,28.660950871307605
2025-09-11,0,-29.86566693005096
2025-09-11,1,-74.7612162417964
2025-09-11,2,-82.47501386867647
2025-09-11,3,-85.83584972667202
2025-09-11,4,-89.61141485722666
2025-09-11,5,-83.77698309471025
2025-09-11,6,-54.34613234703945
2025-09-11,7,-28.153683568026892
2025-09-11,8,-26.600706423991806
2025-09-11,9,1898402011500000.0
2025-09-11,10,772095261500000.0
2025-09-11,11,646773998500000.0
2025-09-11,12,639905846000000.0
2025-09-11,13,642135149499999.9
2025-09-11,14,646067003999999.9
2025-09-11,15,579119250499999.9
2025-09-11,16,1344435993999999.8
2025-09-11,17,6022919017000000.0
2025-09-11,18,74.29082018377075
2025-09-11,19,41.617921327388615
2025-09-11,20,86.96796198878873
2025-09-11,21,77.65921768570317
2025-09-11,22,41.639965159835135
2025-09-11,23,-37.23352542409357
2025-09-12,0,-54.93605501323585
2025-09-12,1,-59.756061870664524
2025-09-12,2,-58.45747358266176
2025-09-12,3,-59.840138623213456
2025-09-12,4,-49.6167469393773
2025-09-12,5,-36.218745716645685
2025-09-12,6,-36.919255726351174
2025-09-12,7,15.640751974316183
2025-09-12,8,45.271139062203005
2025-09-12,9,3357439416999999.5
2025-09-12,10,750665243999999.9
2025-09-12,11,705781469500000.0
2025-09-12,12,702504804000000.0
2025-09-12,13,708081456000000.0
2025-09-12,14,703388129499999.9
2025-09-12,15,681526460499999.9
2025-09-12,16,1774505645999999.8
2025-09-12,17,121.01786412121552
2025-09-12,18,12.068572308300212
2025-09-12,19,52.97350174289524
2025-09-12,20,-17.47027469584185
2025-09-12,21,58.06818298095684
2025-09-12,22,-0.3443159744591178
2025-09-12,23,0.8629734333420542
2025-09-13,0,-26.316803717558805
2025-09-13,1,-40.059829734550014
2025-09-13,2,-28.785486019026646
2025-09-13,3,-34.67484073061573
2025-09-13,4,-37.30302488173119
2025-09-13,5,-38.49958444973931
2025-09-13,6,-8.597668149604306
2025-09-13,7,-2.994137284837424
2025-09-13,8,2429451904500000.0
2025-09-13,9,463583134500000.0
2025-09-13,10,652368125499999.9
2025-09-13,11,672406474500000.0
2025-09-13,12,682673125499999.9
2025-09-13,13,684623130499999.9
2025-09-13,14,703388129499999.9
2025-09-13,15,635242885499999.9
2025-09-13,16,1383961461499999.8
2025-09-13,17,261.76441605846895
2025-09-13,18,41.67583925944824
2025-09-13,19,89.300366490215
2025-09-13,20,33.416086730080956
2025-09-13,21,29.33890819562533
2025-09-13,22,14.511474379389727
2025-09-13,23,26.639724423954473
2025-09-15,0,697556469500000.0
2025-09-15,1,692979813500000.0
2025-09-15,2,698666478500000.0
2025-09-15,3,691151469500000.0
2025-09-15,4,706448140000000.0
2025-09-15,5,701058134500000.0
2025-09-15,6,691121469500000.0
2025-09-15,7,692209813500000.0
2025-09-15,8,686183134500000.0
2025-09-15,9,682088125499999.9
2025-09-15,10,701264259999999.9
2025-09-15,11,694991534499999.9
2025-09-15,12,709876530500000.0
2025-09-15,13,723324873499999.9
2025-09-15,14,709876530500000.0
2025-09-15,15,702084869499999.9
2025-09-15,16,733251530500000.0
2025-09-15,17,707565930500000.0
2025-09-15,18,-30.902335413297735
2025-09-15,19,-69.81747168459214
2025-09-15,20,-69.53443553180291
2025-09-15,21,-19.373838892100586
2025-09-15,22,-41.598193004926706
2025-09-15,23,-64.12988833767277
2025-09-16,0,-51.35349400641227
2025-09-16,1,-49.75417126481911
2025-09-16,2,-50.55418543052657
2025-09-16,3,-49.680234168666075
2025-09-16,4,-49.694694158109435
2025-09-16,5,-51.07326556520732
2025-09-16,6,-39.605183857784375
2025-09-16,7,-20.919459535092027
2025-09-16,8,688759813500000.0
2025-09-16,9,712689813500000.0
2025-09-16,10,700473125499999.9
2025-09-16,11,706056469500000.0
2025-09-16,12,703664813500000.0
2025-09-16,13,689754804000000.0
2025-09-16,14,705873130499999.9
2025-09-16,15,708346459999999.9
2025-09-16,16,709578126500000.0
2025-09-16,17,695339800000000.0
2025-09-16,18,687251474500000.0
2025-09-16,19,681254804000000.0
2025-09-16,20,686174790500000.0
2025-09-16,21,687693125499999.9
2025-09-16,22,686799804000000.0
2025-09-16,23,701058134500000.0
2025-09-17,0,711489795999999.9
2025-09-17,1,697968144000000.0
2025-09-17,2,692404804000000.0
2025-09-17,3,703091473500000.0
2025-09-17,4,701078126500000.0
2025-09-17,5,696808134500000.0
2025-09-17,6,-63.92973448902371
2025-09-17,7,-23.67685787512745
2025-09-17,8,-12.925002169529861
2025-09-17,9,845671769499999.9
2025-09-17,10,710296473499999.9
2025-09-17,11,708151469500000.0
2025-09-17,12,708336452000000.0
2025-09-17,13,751110209499999.9
2025-09-17,14,1100056759500000.1
2025-09-17,15,1531339169000000.0
2025-09-17,16,2957799310000000.0
2025-09-17,17,175.08880029080262
2025-09-17,18,42.07297173937088
2025-09-17,19,58.625344277162384
2025-09-17,20,2.334249075319608
2025-09-17,21,30.661375591117483
2025-09-17,22,-0.8430337012548378
2025-09-17,23,-16.928072424813084
2025-09-18,0,-3.2632955366315315
2025-09-18,1,-70.7023769841322
2025-09-18,2,-79.00846328681405
2025-09-18,3,-77.58342149518448
2025-09-18,4,-80.44640399756825
2025-09-18,5,-76.0351497731079
2025-09-18,6,-76.37890644373617
2025-09-18,7,-66.04996436653911
2025-09-18,8,545525094500000.0
2025-09-18,9,652984786499999.9
2025-09-18,10,704261470500000.0
2025-09-18,11,701006469500000.0
2025-09-18,12,711713134499999.9
2025-09-18,13,702504804000000.0
2025-09-18,14,711723130499999.9
2025-09-18,15,710306469500000.0
2025-09-18,16,700379804000000.0
2025-09-18,17,1114015678999999.9
2025-09-18,18,783.6885695496634
2025-09-18,19,293.4774720417211
2025-09-18,20,99.12153171199414
2025-09-18,21,983122240500000.0
2025-09-18,22,886311454499999.9
2025-09-18,23,764720303999999.9
2025-09-19,0,-54.82405209318499
2025-09-19,1,-54.5221654144788
2025-09-19,2,-54.296556957578375
2025-09-19,3,-40.9064770728872
2025-09-19,4,-46.68629477090311
2025-09-19,5,-54.48435487949749
2025-09-19,6,-54.33537717038262
2025-09-19,7,-56.92842032880879
2025-09-19,8,705411452000000.0
2025-09-19,9,706348126500000.0
2025-09-19,10,694088129499999.9
2025-09-19,11,688606474500000.0
2025-09-19,12,707473130499999.9
2025-09-19,13,713746473499999.9
2025-09-19,14,688616534499999.9
2025-09-19,15,708462459999999.9
2025-09-19,16,700739813500000.0
2025-09-19,17,689764800000000.0
2025-09-19,18,685248144000000.0
2025-09-19,19,686891473500000.0
2025-09-19,20,690536452000000.0
2025-09-19,21,687619796000000.0
2025-09-19,22,683176469500000.0
2025-09-19,23,699026456000000.0
2025-09-20,0,697518125499999.9
2025-09-20,1,695401469500000.0
2025-09-20,2,703626469500000.0
2025-09-20,3,693093130499999.9
2025-09-20,4,687673121500000.0
2025-09-20,5,685743144000000.0
2025-09-20,6,691419809500000.0
2025-09-20,7,687959813500000.0
2025-09-20,8,701746469500000.0
2025-09-20,9,693638134499999.9
2025-09-20,10,703318121500000.0
2025-09-20,11,680249817500000.1
2025-09-20,12,696028126500000.0
2025-09-20,13,704794782499999.9
2025-09-20,14,706714795999999.9
2025-09-20,15,705483129500000.0
2025-09-20,16,866038134499999.9
2025-09-20,17,881601469500000.0
2025-09-20,18,74.77246728515037
2025-09-20,19,-21.581348005095272
2025-09-20,20,-20.03540701040925
2025-09-20,21,11869.425521428571
2025-09-20,22,-21.207273598172932
2025-09-20,23,130.60545407531802
2025-09-22,0,-61.760599386685804
2025-09-22,1,-67.92675364461255
2025-09-22,2,-61.71788600936273
2025-09-22,3,846113134499999.9
2025-09-22,4,-75.28509596101485
2025-09-22,5,-79.08148696851643
2025-09-22,6,-80.79794619644446
2025-09-22,7,-73.8917318053849
2025-09-22,8,140.94139065685107
2025-09-22,9,692024790500000.0
2025-09-22,10,711683134500000.0
2025-09-22,11,689754804000000.0
2025-09-22,12,703644809500000.0
2025-09-22,13,705338134499999.9
2025-09-22,14,779929844500000.0
2025-09-22,15,1339792288500000.0
2025-09-22,16,1975277249500000.0
2025-09-22,17,3972726420500000.0
2025-09-22,18,71.01884679165316
2025-09-22,19,81.37811137144033
2025-09-22,20,300.2216557795282
2025-09-22,21,66.95271138839797
2025-09-22,22,49.69088264156255
2025-09-22,23,4.862297427071336
2025-09-23,0,-15.251437626990912
2025-09-23,1,10.743080309874841
2025-09-23,2,-30.529361992805356
2025-09-23,3,-35.79858959483083
2025-09-23,4,-36.756190410705415
2025-09-23,5,-30.661730561300804
2025-09-23,6,16.67514701028765
2025-09-23,7,-19.720994697984253
2025-09-23,8,-20.423021422893886
2025-09-23,9,1117631009999999.8
2025-09-23,10,713848130499999.9
2025-09-23,11,803204782499999.9
2025-09-23,12,973153140000000.0
2025-09-23,13,774909800000000.0
2025-09-23,14,842521465499999.9
2025-09-23,15,992236469500000.0
2025-09-23,16,1171199806000000.0
2025-09-23,17,4554844546000000.0
2025-09-23,18,88.08099788054025
2025-09-23,19,101.4824817130157
2025-09-23,20,86.08930959434814
2025-09-23,21,4.583513786511247
2025-09-23,22,11.334492014324567
2025-09-23,23,-45.9390031707745
2025-09-24,0,-62.857559953671505
2025-09-24,1,-60.56927879181785
2025-09-24,2,-55.75422009311677
2025-09-24,3,-61.7201419299282
2025-09-24,4,-64.77384080261993
2025-09-24,5,-60.99413181052594
2025-09-24,6,-23.241159915333565
2025-09-24,7,-26.6158637505697
2025-09-24,8,-60.40872053997963
2025-09-24,9,-10.389403161300603
2025-09-24,10,524869800000000.0
2025-09-24,11,802406465500000.0
2025-09-24,12,866224799999999.9
2025-09-24,13,706764800000000.0
2025-09-24,14,705348130499999.9
2025-09-24,15,786143530500000.0
2025-09-24,16,3062056890000000.0
2025-09-24,17,554.3011175589927
2025-09-24,18,43.91831515302295
2025-09-24,19,-17.728766986853405
2025-09-24,20,48.21791798965978
2025-09-24,21,18.992549001108863
2025-09-24,22,0.9796277840236521
2025-09-24,23,-40.44968133225928
2025-09-25,0,-44.19439644923385
2025-09-25,1,-44.66312924696295
2025-09-25,2,8.671750852118429
2025-09-25,3,-46.995583550964625
2025-09-25,4,-52.139870330847494
2025-09-25,5,-44.11742161384415
2025-09-25,6,-44.70186647454867
2025-09-25,7,-40.296949174654145
2025-09-25,8,625094688500000.0
2025-09-25,9,351879804000000.0
2025-09-25,10,607928994500000.0
2025-09-25,11,1043573105500000.0
2025-09-25,12,1125668803499999.9
2025-09-25,13,635318475000000.0
2025-09-25,14,646894049999999.9
2025-09-25,15,1016317024999999.9
2025-09-25,16,1737445311500000.2
2025-09-25,17,4686059438500000.0
2025-09-25,18,24.444555347716594
2025-09-25,19,22.84201841121786
2025-09-25,20,204.37575932568114
2025-09-25,21,18.94810167066241
2025-09-25,22,-23.282089706808886
2025-09-25,23,-62.506214254229775
2025-09-26,0,-26.548536281071367
2025-09-26,1,-39.5553042546847
2025-09-26,2,-68.01425867911175
2025-09-26,3,-80.23609281662435
2025-09-26,4,348348130500000.0
2025-09-26,5,347609799999999.94
2025-09-26,6,345514799999999.94
2025-09-26,7,348318130500000.0
2025-09-26,8,346921473500000.0
2025-09-26,9,608019809500000.0
2025-09-26,10,696139800000000.0
2025-09-26,11,695164813500000.0
2025-09-26,12,700389800000000.0
2025-09-26,13,712431469500000.0
2025-09-26,14,689056469500000.0
2025-09-26,15,719514800000000.0
2025-09-26,16,762723130499999.9
2025-09-26,17,883906228999999.9
2025-09-26,18,-44.03159384758869
2025-09-26,19,-60.80588900180481
2025-09-26,20,-70.87393825442983
2025-09-26,21,-72.48377013634395
2025-09-26,22,-73.60134456015375
2025-09-26,23,-74.31239316324066
2025-09-27,0,-59.79710870019477
2025-09-27,1,-63.92793402363606
2025-09-27,2,-59.91917094997499
2025-09-27,3,-50.88345340502771
2025-09-27,4,-52.3878658067537
2025-09-27,5,-54.29970395588134
2025-09-27,6,-58.27417193161426
2025-09-27,7,-88.98300258928401
2025-09-27,8,358254804000000.0
2025-09-27,9,419151469500000.0
2025-09-27,10,697013129499999.9
2025-09-27,11,696848130499999.9
2025-09-27,12,715973130499999.9
2025-09-27,13,713139800000000.0
2025-09-27,14,706056469500000.0
2025-09-27,15,718806469500000.0
2025-09-27,16,623181469500000.0
2025-09-27,17,400056469500000.0
2025-09-27,18,-10.356916372392444
2025-09-27,19,-68.59272808337774
2025-09-27,20,-74.26473477746241
2025-09-27,21,-88.5581787253175
2025-09-27,22,-85.9957365102177
2025-09-27,23,-79.38258144871945
2025-09-28,0,-80.34041739081641
2025-09-28,1,-87.8737711006582
2025-09-28,2,-91.17077647212858
2025-09-28,3,-91.40806744879065
2025-09-28,4,-88.53007307544948
2025-09-28,5,-91.57230280518543
2025-09-28,6,-88.96923732187129
2025-09-28,7,-86.39773392397849
2025-09-28,8,48.59554887301843
2025-09-28,9,428739813500000.0
2025-09-28,10,700821478499999.9
2025-09-28,11,696139800000000.0
2025-09-28,12,703911465500000.0
2025-09-28,13,696139800000000.0
2025-09-28,14,709598130499999.9
2025-09-28,15,750966469500000.0
2025-09-28,16,926088117499999.8
2025-09-28,17,152.9126652478206
2025-09-28,18,-27.907200259345593
2025-09-28,19,-21.18791271774488
2025-09-28,20,4.269320594886373
2025-09-28,21,-25.638082538873952
2025-09-28,22,20.760861908749295
2025-09-28,23,-30.712780323145683
2025-09-29,0,46.3173170771191
2025-09-29,1,108.85019686435326
2025-09-29,2,21.865620313776457
2025-09-29,3,-18.525763565754964
2025-09-29,4,424002109999999.9
2025-09-29,5,537639298500000.0
2025-09-29,6,770408539500000.0
2025-09-29,7,427945615499999.94
2025-09-29,8,353974804000000.0
2025-09-29,9,350473130500000.0
2025-09-29,10,353296473500000.0
2025-09-29,11,349764799999999.94
2025-09-29,12,342681469500000.0
2025-09-29,13,356129804000000.0
2025-09-29,14,351181469500000.0
2025-09-29,15,360389799999999.94
2025-09-29,16,357732665500000.0
2025-09-29,17,59.67696026444378
2025-09-29,18,-6.766719355767975
2025-09-29,19,95.88825736783271
2025-09-29,20,67.4860938899596
2025-09-29,21,36.48110641643151
2025-09-29,22,18.95798814628808
2025-09-29,23,-34.492612896696876
2025-10-02,0,345824817499999.94
2025-10-02,1,342816460000000.0
2025-10-02,2,348041478499999.94
2025-10-02,3,342478126500000.0
2025-10-02,4,345474804000000.0
2025-10-02,5,347353140000000.0
2025-10-02,6,346664813499999.94
2025-10-02,7,345116478499999.94
2025-10-02,8,341666478499999.94
2025-10-02,9,347086451999999.94
2025-10-02,10,585617729499999.9
2025-10-02,11,695381465500000.0
2025-10-02,12,705256469500000.0
2025-10-02,13,729421473499999.9
2025-10-02,14,741381469500000.0
2025-10-02,15,718098130499999.9
2025-10-02,16,447248144000000.0
2025-10-02,17,350914813499999.94
2025-10-02,18,-29.707909429240882
2025-10-02,19,-85.00182794150328
2025-10-02,20,-85.00226756836109
2025-10-02,21,-84.91375279898018
2025-10-02,22,-37.27330616147967
2025-10-02,23,-46.16760909426684
2025-10-03,0,-57.59374832729928
2025-10-03,1,-64.03104742301234
2025-10-03,2,-86.83137984621231
2025-10-03,3,-90.15987611968043
2025-10-03,4,-88.09562521020082
2025-10-03,5,-87.06359391714183
2025-10-03,6,-90.03280193985603
2025-10-03,7,-91.79060226661092
2025-10-03,8,-82.96428653901606
2025-10-03,9,581359800000000.0
2025-10-03,10,699579804000000.0
2025-10-03,11,714556469500000.0
2025-10-03,12,702690996000000.0
2025-10-03,13,709065996000000.0
2025-10-03,14,714556469500000.0
2025-10-03,15,678442373500000.0
2025-10-03,16,1378872699499999.8
2025-10-03,17,340.28516902884013
2025-10-03,18,14.373255365822022
2025-10-03,19,-21.665341663552557
2025-10-03,20,-20.822115767352486
2025-10-03,21,-16.70122771794322
2025-10-03,22,-3.170018350835503
2025-10-03,23,56.589376518213015
2025-10-04,0,149.40826942367127
2025-10-04,1,1805.0617724448293
2025-10-04,2,30.743468575946213
2025-10-04,3,120.74356450922109
2025-10-04,4,2071159358999999.8
2025-10-04,5,1878932369000000.0
2025-10-04,6,1428805625000000.0
2025-10-04,7,1108597290500000.0
2025-10-04,8,393026456000000.0
2025-10-04,9,685248144000000.0
2025-10-04,10,692774326499999.9
2025-10-04,11,706498144000000.0
2025-10-04,12,689498144000000.0
2025-10-04,13,703223130499999.9
2025-10-04,14,696848130499999.9
2025-10-04,15,702956474500000.0
2025-10-04,16,721027465500000.0
2025-10-04,17,663116534499999.9
2025-10-04,18,1377477007999999.8
2025-10-04,19,1533413738500000.0
2025-10-04,20,1536179326499999.8
2025-10-04,21,583147669499999.9
2025-10-04,22,344088134500000.0
2025-10-04,23,347263869500000.0
2025-10-06,0,341591278500000.0
2025-10-06,1,343299339999999.94
2025-10-06,2,348572460000000.0
2025-10-06,3,-64.46965181596451
2025-10-06,4,-81.39220667258022
2025-10-06,5,-88.23390773769461
2025-10-06,6,232.661438242213
2025-10-06,7,-87.93249300579343
2025-10-06,8,-82.61351238913868
2025-10-06,9,346193130500000.0
2025-10-06,10,342193865500000.0
2025-10-06,11,347619795999999.94
2025-10-06,12,987426470499999.9
2025-10-06,13,1123988133499999.9
2025-10-06,14,578787321000000.0
2025-10-06,15,778829305999999.9
2025-10-06,16,1977203382500000.2
2025-10-06,17,97.19487485090195
2025-10-06,18,-20.98837709862352
2025-10-06,19,-4.765364639033215
2025-10-06,20,-28.22695999675285
2025-10-06,21,-23.950768993359315
2025-10-06,22,-19.412794874061763
2025-10-06,23,-27.363889734140596
2025-10-07,0,-32.54113478042461
2025-10-07,1,-43.02209938857135
2025-10-07,2,-56.59400149652776
2025-10-07,3,-47.681434795099776
2025-10-07,4,-45.994196662088584
2025-10-07,5,-34.17814702455581
2025-10-07,6,-25.585987437707246
2025-10-07,7,-47.512171136098985
2025-10-07,8,-53.89764784123958
2025-10-07,9,533421182499999.94
2025-10-07,10,672552670500000.0
2025-10-07,11,691181469500000.0
2025-10-07,12,698429790499999.9
2025-10-07,13,695154817500000.0
2025-10-07,14,693029817500000.0
2025-10-07,15,701806469500000.0
2025-10-07,16,763144301500000.0
2025-10-07,17,1737885753499999.8
2025-10-07,18,23.662725940022437
2025-10-07,19,-34.84744015616872
2025-10-07,20,10.318810791842903
2025-10-07,21,-34.26559454236923
2025-10-07,22,-40.087427560752815
2025-10-07,23,-61.34978869101343
2025-10-08,0,-31.665141323199485
2025-10-08,1,-24.981859098748636
2025-10-08,2,-41.59268498619971
2025-10-08,3,-48.82160326316882
2025-10-08,4,-57.76672059431045
2025-10-08,5,-44.810755035538094
2025-10-08,6,-26.333578036937492
2025-10-08,7,-62.12275771273742
2025-10-08,8,-44.058959799755414
2025-10-08,9,711971478499999.9
2025-10-08,10,693306469500000.0
2025-10-08,11,698963134499999.9
2025-10-08,12,719494796000000.0
2025-10-08,13,713119796000000.0
2025-10-08,14,734389800000000.0
2025-10-08,15,721639800000000.0
2025-10-08,16,706764800000000.0
2025-10-08,17,706046473499999.9
2025-10-08,18,-51.981175455608785
2025-10-08,19,10.24980343501064
2025-10-08,20,7.303340988428298
2025-10-08,21,-26.189910391509567
2025-10-08,22,1025643130499999.9
2025-10-08,23,339838134500000.0
2025-10-09,0,343709813499999.94
2025-10-09,1,343359799999999.94
2025-10-09,2,345208147999999.94
2025-10-09,3,345044809499999.94
2025-10-09,4,347046456000000.0
2025-10-09,5,352313134500000.0
2025-10-09,6,351389809499999.94
2025-10-09,7,353184799999999.94
2025-10-09,8,351151469500000.0
2025-10-09,9,347169809499999.94
2025-10-09,10,572336452000000.0
2025-10-09,11,699681469500000.0
2025-10-09,12,691346459999999.9
2025-10-09,13,702504804000000.0
2025-10-09,14,690206474500000.0
2025-10-09,15,712873144000000.0
2025-10-09,16,702158873500000.0
2025-10-09,17,697906474500000.0
2025-10-09,18,-25.24594646611677
2025-10-09,19,-26.45014507520622
2025-10-09,20,-25.732943716642403
2025-10-09,21,-25.16957248369184
2025-10-09,22,358.2473274513241
2025-10-09,23,720296459999999.9
2025-10-11,0,-27.592339837476498
2025-10-11,1,-28.028023353320616
2025-10-11,2,-26.605377358973623
2025-10-11,3,-26.77600901342724
2025-10-11,4,-26.92440940396647
2025-10-11,5,-26.8951203767718
2025-10-11,6,-27.071803680872904
2025-10-11,7,697982182500000.0
2025-10-11,8,691079804000000.0
2025-10-11,9,686554804000000.0
2025-10-11,10,701173870500000.0
2025-10-11,11,701006469500000.0
2025-10-11,12,716847669500000.0
2025-10-11,13,707114813500000.0
2025-10-11,14,720931469500000.0
2025-10-11,15,729597669500000.0
2025-10-11,16,732431000000000.0
2025-10-11,17,739348130499999.9
2025-10-11,18,688789813500000.0
2025-10-11,19,684981456000000.0
2025-10-11,20,681439786500000.0
2025-10-11,21,9746.180935714287
2025-10-11,22,-23.536349042257847
2025-10-11,23,-1.0952985947903005
2025-10-12,0,-81.63218916557634
2025-10-12,1,-81.65587754294684
2025-10-12,2,-81.3765087120374
2025-10-12,3,-81.27701772258152
2025-10-12,4,-81.2437203738568
2025-10-12,5,-81.23481841711728
2025-10-12,6,-74.97866147675633
2025-10-12,7,-66.28135440239771
2025-10-12,8,2079378959999999.8
2025-10-12,9,686841009500000.0
2025-10-12,10,703481474500000.0
2025-10-12,11,711179790499999.9
2025-10-12,12,735098130499999.9
2025-10-12,13,709331474500000.0
2025-10-12,14,699324321499999.9
2025-10-12,15,696315996000000.0
2025-10-12,16,760598130499999.9
2025-10-12,17,882329804000000.0
2025-10-12,18,840815996000000.0
2025-10-12,19,853389799999999.9
2025-10-12,20,856997213499999.9
2025-10-12,21,4.315442729555575
2025-10-12,22,940674623500000.0
2025-10-12,23,1192364116000000.0
2025-10-13,0,-73.62781561233963
2025-10-13,1,-69.86415556450285
2025-10-13,2,-70.28131065482921
2025-10-13,3,-44.00571985484182
2025-10-13,4,-48.08050508640669
2025-10-13,5,-32.72610708474117
2025-10-13,6,-30.83151914833845
2025-10-13,7,-48.68837690368509
2025-10-13,8,34.53538795670946
2025-10-13,9,1091898855999999.9
2025-10-13,10,800700563000000.0
2025-10-13,11,702690996000000.0
2025-10-13,12,695431469500000.0
2025-10-13,13,698973130499999.9
2025-10-13,14,696315996000000.0
2025-10-13,15,709064786500000.0
2025-10-13,16,787721775500000.0
2025-10-13,17,1665733909499999.8
2025-10-13,18,258.1565868480697
2025-10-13,19,325.39579214917626
2025-10-13,20,104.39727451096861
2025-10-13,21,148.12202197822188
2025-10-13,22,66.2186588175016
2025-10-13,23,11.360017477340268
2025-10-14,0,-77.72916436526339
2025-10-14,1,-78.4075537983252
2025-10-14,2,-78.16403968216325
2025-10-14,3,-78.30612406272918
2025-10-14,4,-88.02237327058775
2025-10-14,5,-54.5939743792108
2025-10-14,6,-67.48735777005315
2025-10-14,7,-71.99074752329075
2025-10-14,8,-30.251699269470695
2025-10-14,9,636028150000000.0
2025-10-14,10,631505301500000.0
2025-10-14,11,641003530500000.0
2025-10-14,12,641928255500000.0
2025-10-14,13,630229300000000.0
2025-10-14,14,640005301500000.0
2025-10-14,15,653846544499999.9
2025-10-14,16,814712825000000.0
2025-10-14,17,2005126299499999.5
2025-10-14,18,-8.083659174587916
2025-10-14,19,-21.997773348697375
2025-10-14,20,-20.19198230573919
2025-10-14,21,-19.81949612641437
2025-10-14,22,-18.678246012867156
2025-10-14,23,-18.087964907805773
2025-10-15,0,17.621920217279644
2025-10-15,1,-21.829945020640192
2025-10-15,2,-24.728279287622637
2025-10-15,3,-10.667324066855029
2025-10-15,4,10.270223291879379
2025-10-15,5,67.45081171178187
2025-10-15,6,52.196299050294286
2025-10-15,7,2725392591500000.0
2025-10-15,8,737542051500000.0
2025-10-15,9,642091730500000.0
2025-10-15,10,643855255499999.9
2025-10-15,11,635262250000000.0
2025-10-15,12,638168775000000.0
2025-10-15,13,634933973499999.9
2025-10-15,14,715229300000000.0
2025-10-15,15,993060744499999.9
2025-10-15,16,1440885213499999.8
2025-10-15,17,6000870421500000.0
2025-10-15,18,76.67570624895353
2025-10-15,19,20.26401954733163
2025-10-15,20,57.88639143455884
2025-10-15,21,-22.68578439273041
2025-10-15,22,-11.663684128919732
2025-10-15,23,63.833393155407805
2025-10-16,0,1080238854499999.9
2025-10-16,1,781306000000000.0
2025-10-16,2,709418400000000.0
2025-10-16,3,720223130499999.9
2025-10-16,4,719158873500000.0
2025-10-16,5,697536465500000.0
2025-10-16,6,689910995999999.9
2025-10-16,7,699681469500000.0
2025-10-16,8,700389800000000.0
2025-10-16,9,692598130499999.9
2025-10-16,10,701649930500000.0
2025-10-16,11,692923196000000.0
2025-10-16,12,690927726500000.0
2025-10-16,13,707927726500000.0
2025-10-16,14,716401673499999.9
2025-10-16,15,747029065500000.0
2025-10-16,16,754056603999999.9
2025-10-16,17,832728126500000.0
2025-10-16,18,2388783079000000.0
2025-10-16,19,106.99372224726936
2025-10-16,20,171.41005869245288
2025-10-16,21,1762595542499999.8
2025-10-16,22,1962556929000000.0
2025-10-16,23,2343447744000000.5
2025-10-17,0,-25.01318202748439
2025-10-17,1,-45.742298878588656
2025-10-17,2,-36.941492568434626
2025-10-17,3,-41.878071693281875
2025-10-17,4,-44.05330402861697
2025-10-17,5,-57.967839074480985
2025-10-17,6,-20.218295056531453
2025-10-17,7,-62.03539136258505
2025-10-17,8,827662047999999.9
2025-10-17,9,706764800000000.0
2025-10-17,10,707473130499999.9
2025-10-17,11,705338134499999.9
2025-10-17,12,693296473499999.9
2025-10-17,13,722547669500000.0
2025-10-17,14,731014330500000.0
2025-10-17,15,711879334500000.0
2025-10-17,16,700774626500000.0
2025-10-17,17,1329916694500000.0
2025-10-17,18,324.2700180230333
2025-10-17,19,102.92735892765204
2025-10-17,20,183.90360075687943
2025-10-17,21,171.59413396243562
2025-10-17,22,62.7849329737477
2025-10-17,23,119.43309525611215
2025-10-18,0,-45.98395650008461
2025-10-18,1,-59.67249633827168
2025-10-18,2,-60.49903370376654
2025-10-18,3,-60.231433220625966
2025-10-18,4,-60.45593240130069
2025-10-18,5,-60.335389055596224
2025-10-18,6,-60.97476049965736
2025-10-18,7,1234351506499999.8
2025-10-18,8,801485309500000.0
2025-10-18,9,676251149999999.9
2025-10-18,10,640109180500000.0
2025-10-18,11,641208994500000.0
2025-10-18,12,644421590500000.0
2025-10-18,13,651331119500000.0
2025-10-18,14,649979073499999.9
2025-10-18,15,645253530500000.0
2025-10-18,16,804376480499999.9
2025-10-18,17,1838956679000000.0
2025-10-18,18,146.5906971468066
2025-10-18,19,-7.2735527663129025
2025-10-18,20,55.10777800802863
2025-10-18,21,1292986921000000.0
2025-10-18,22,626389169500000.0
2025-10-18,23,637014169500000.0
2025-10-19,0,640627415499999.9
2025-10-19,1,627785826500000.0
2025-10-19,2,626314549999999.9
2025-10-19,3,627679799999999.9
2025-10-19,4,627473959499999.9
2025-10-19,5,624776655500000.0
2025-10-19,6,628970259499999.9
2025-10-19,7,635269223500000.0
2025-10-19,8,630115609500000.0
2025-10-19,9,640462825000000.0
2025-10-19,10,632605115499999.9
2025-10-19,11,641513551500000.0
2025-10-19,12,637778724999999.9
2025-10-19,13,718779540500000.0
2025-10-19,14,1001189273499999.9
2025-10-19,15,1186069801500000.0
2025-10-19,16,2048673534500000.0
2025-10-19,17,3213520211500000.0
2025-10-19,18,244.69555612480286
2025-10-19,19,289.60851381963664
2025-10-19,20,654.2327389654133
2025-10-19,21,130.41863345460874
2025-10-19,22,2829876842000000.0
2025-10-19,23,104.53666815714332
2025-10-20,0,105.70064373286868
2025-10-20,1,-23.158943343539217
2025-10-20,2,-54.009503169278645
2025-10-20,3,-71.69860851063554
2025-10-20,4,-33.88880466952759
2025-10-20,5,5.304061762388973
2025-10-20,6,149.14518967808908
2025-10-20,7,29.186134447386255
2025-10-20,8,127.02005145843631
2025-10-20,9,315.5220772370689
2025-10-20,10,31.110260574063833
2025-10-20,11,34.05977191531773
2025-10-20,12,260.38637980770073
2025-10-20,13,842.2704607339357
2025-10-20,14,877.904411368261
2025-10-20,15,35.44409116865757
2025-10-20,16,369.5722364934559
2025-10-20,17,102.72932249797351
2025-10-20,18,65.2668070114365
2025-10-20,19,41.55069436296865
2025-10-20,20,49.36619825283666
2025-10-20,21,32.469998107909134
2025-10-20,22,24.6314409600151
2025-10-20,23,36.679145486192034
2025-10-21,0,29.79100451120922
2025-10-21,1,13.460687217287678
2025-10-21,2,45.560094829454364
2025-10-21,3,71.3353486114127
2025-10-21,4,89.34935085767302
2025-10-21,5,280.6441605476087
2025-10-21,6,229.32716718354007
2025-10-21,7,307.3051658243663
2025-10-21,8,94.31124593169112
2025-10-21,9,-53.46347241565675
2025-10-21,10,684.7744786547554
2025-10-21,11,-60.987226963085604
2025-10-21,12,57.342118327040595
2025-10-21,13,2357516915500000.0
2025-10-21,14,3726273256499999.5
2025-10-21,15,6012638810999998.0
2025-10-21,16,6544808163499999.0
2025-10-21,17,6692995744499999.0
2025-10-21,18,6162996256000001.0
2025-10-21,19,1726.9232738742992
2025-10-21,20,4696777225500000.0
2025-10-21,21,2481632603499999.5
2025-10-21,22,818550224500000.0
2025-10-21,23,704639800000000.0
2025-10-22,0,696848130499999.9
2025-10-22,1,686213134499999.9
2025-10-22,2,702504804000000.0
2025-10-22,3,693296473499999.9
2025-10-22,4,696139800000000.0
2025-10-22,5,698254804000000.0
2025-10-22,6,707463134499999.9
2025-10-22,7,698973130499999.9
2025-10-22,8,701098130499999.9
2025-10-22,9,692588134499999.9
2025-10-22,10,718088134499999.9
2025-10-22,11,697556469500000.0
2025-10-22,12,714536465500000.0
2025-10-22,13,704087673500000.0
2025-10-22,14,696788130499999.9
2025-10-22,15,732254804000000.0
2025-10-22,16,803088134499999.9
2025-10-22,17,863213134499999.9
2025-10-22,18,1188377960000000.0
2025-10-22,19,-27.745454245041447
2025-10-22,20,-37.85528394020601
2025-10-22,21,-51.01011507664444
2025-10-22,22,-49.994226382764104
2025-10-22,23,-37.268916705067
2025-10-23,0,-65.2537189520131
2025-10-23,1,-37.6378805238987
2025-10-23,2,-59.668203047642024
2025-10-23,3,-28.26854745094035
2025-10-23,4,-39.03117826394462
2025-10-23,5,-32.3486457143147
2025-10-23,6,-43.85114820484637
2025-10-23,7,-36.49027791537667
2025-10-23,8,128.23844453528298
2025-10-23,9,3950095197999999.5
2025-10-23,10,1910942426999999.8
2025-10-23,11,1368667604000000.0
2025-10-23,12,1245214180999999.8
2025-10-23,13,1117217995499999.9
2025-10-23,14,1223992051500000.0
2025-10-23,15,1688155978499999.8
2025-10-23,16,2415710738500000.5
2025-10-23,17,6485702352000000.0
2025-10-23,18,43.08798487223194
2025-10-23,19,38.22242128608262
2025-10-23,20,43.10259127306078
2025-10-23,21,41.15003776963943
2025-10-23,22,38.491888723256096
2025-10-23,23,29.490718991933786
2025-10-24,0,6.519866539359611
2025-10-24,1,-1.0174844279375246
2025-10-24,2,-7.525581374560496
2025-10-24,3,-3.2883163398261983
2025-10-24,4,-3.3808146885279378
2025-10-24,5,44.03626254947307
2025-10-24,6,42.2266203631885
2025-10-24,7,90.1772773696881
2025-10-24,8,1538025443999999.8
2025-10-24,9,706056469500000.0
2025-10-24,10,707473130499999.9
2025-10-24,11,700389800000000.0
2025-10-24,12,714556469500000.0
2025-10-24,13,705154804000000.0
2025-10-24,14,715348125499999.9
2025-10-24,15,1189895638499999.8
2025-10-24,16,2148619681000000.2
2025-10-24,17,163.5690564589656
2025-10-24,18,66.78365017422647
2025-10-24,19,166.98351896601426
2025-10-24,20,39.01842257964616
2025-10-24,21,35.683819573541854
2025-10-24,22,30.90172428426401
2025-10-24,23,96.11077118179145
2025-10-25,0,-0.5506703837470528
2025-10-25,1,16.772634534464967
2025-10-25,2,17.57592830375684
2025-10-25,3,124.07079762701231
2025-10-25,4,93.16801598160366
2025-10-25,5,9.915348303031505
2025-10-25,6,-34.83071502982283
2025-10-25,7,-58.351570331339786
2025-10-25,8,388693130500000.0
2025-10-25,9,350684804000000.0
2025-10-25,10,350463134500000.0
2025-10-25,11,363223130500000.0
2025-10-25,12,346399326500000.0
2025-10-25,13,408504231000000.0
2025-10-25,14,906647571000000.0
2025-10-25,15,1516851155499999.8
2025-10-25,16,1003959355499999.9
2025-10-25,17,1502723669499999.8
2025-10-25,18,2370160148500000.0
2025-10-25,19,2369315897500000.0
2025-10-25,20,3271852257999999.5
2025-10-25,21,3266569811499999.5
2025-10-25,22,2389518725000000.0
2025-10-25,23,1426396294499999.8
2025-10-27,0,685956474500000.0
2025-10-27,1,708623144000000.0
2025-10-27,2,689488148000000.0
2025-10-27,3,689056469500000.0
2025-10-27,4,715881469500000.0
2025-10-27,5,10087.711428571429
2025-10-27,6,10110.44937142857
2025-10-27,7,737.369348278281
2025-10-27,8,20.08242645684064
2025-10-27,9,909231326500000.0
2025-10-27,10,696848130499999.9
2025-10-27,11,706036465500000.0
2025-10-27,12,700389800000000.0
2025-10-27,13,697546473499999.9
2025-10-27,14,714546473499999.9
2025-10-27,15,740056469500000.0
2025-10-27,16,738639800000000.0
2025-10-27,17,786098130499999.9
2025-10-27,18,2574254804000000.0
2025-10-27,19,3336476473500000.0
2025-10-27,20,3185741473499999.5
2025-10-27,21,2426518126499999.5
2025-10-27,22,1628259804000000.0
2025-10-27,23,1290593134500000.0
2025-10-28,0,689056469500000.0
2025-10-28,1,689056469500000.0
2025-10-28,2,687629804000000.0
2025-10-28,3,689764800000000.0
2025-10-28,4,826473130499999.9
2025-10-28,5,1571248122500000.0
2025-10-28,6,3227118122500000.0
2025-10-28,7,2390214804000000.0
2025-10-28,8,736788134500000.0
2025-10-28,9,708212143999999.9
2025-10-28,10,728223017499999.9
2025-10-28,11,709545069500000.0
2025-10-28,12,699701729500000.0
2025-10-28,13,697037270500000.0
2025-10-28,14,684376734500000.0
2025-10-28,15,857567530499999.9
2025-10-28,16,1088721600000000.0
2025-10-28,17,2054663304000000.0
2025-10-28,18,744.8415029395113
2025-10-28,19,27.09306873785297
2025-10-28,20,343.0137621495932
2025-10-28,21,254.02108552222637
2025-10-28,22,48.43181668700116
2025-10-28,23,290.5112136209911
2025-10-29,0,22.04023662774521
2025-10-29,1,6.799280700163798
2025-10-29,2,3.023268068247853
2025-10-29,3,11.39548873127041
2025-10-29,4,-2.17763931927612
2025-10-29,5,1.7934386658394608
2025-10-29,6,26.17340199202835
2025-10-29,7,112.8761896734354
2025-10-29,8,1322009231000000.0
2025-10-29,9,700257274500000.0
2025-10-29,10,694550869500000.0
2025-10-29,11,693484930500000.0
2025-10-29,12,706973017499999.9
2025-10-29,13,709775617499999.9
2025-10-29,14,725696256000000.0
2025-10-29,15,773525630499999.9
2025-10-29,16,1405947300000000.0
2025-10-29,17,2316870630500000.5
2025-10-29,18,37.00360629135854
2025-10-29,19,-7.433031283856372
2025-10-29,20,-3.829038165384338
2025-10-29,21,6.2954404683977465
2025-10-29,22,77.57161086922028
2025-10-29,23,72.4501161435381
2025-10-30,0,-33.532109446410274
2025-10-30,1,-26.093681363008297
2025-10-30,2,-23.0442161652273
2025-10-30,3,-32.784652012638624
2025-10-30,4,4.8471592360095395
2025-10-30,5,7.452515946381082
2025-10-30,6,-46.63788341770309
2025-10-30,7,-30.167815456566817
2025-10-30,8,1295192094499999.8
2025-10-30,9,903314813499999.9
2025-10-30,10,707473130499999.9
2025-10-30,11,715198786500000.0
2025-10-30,12,741473130499999.9
2025-10-30,13,730129804000000.0
2025-10-30,14,737223130499999.9
2025-10-30,15,15.043802035847863
2025-10-30,16,-2.6360179989741557
2025-10-30,17,69.0031719963729
2025-10-30,18,106.68016634445026
2025-10-30,19,99.7472515243178
2025-10-30,20,85.05261975218362
2025-10-30,21,267.12304190065356
2025-10-30,22,2798703100499999.5
2025-10-30,23,2176232880499999.8
2025-10-31,0,1459456614999999.8
2025-10-31,1,764393265500000.0
2025-10-31,2,765289050000000.0
2025-10-31,3,29.175417804368923
2025-10-31,4,-8.31272345872286
2025-10-31,5,488.75235349217115
2025-10-31,6,108.22012233966784
2025-10-31,7,152.72012261012446
2025-10-31,8,890328919000000.0
2025-10-31,9,661901175500000.0
2025-10-31,10,779678378500000.0
2025-10-31,11,713139800000000.0
2025-10-31,12,728723130499999.9
2025-10-31,13,693296473499999.9
2025-10-31,14,749264800000000.0
2025-10-31,15,700389800000000.0
2025-10-31,16,825764799999999.9
2025-10-31,17,870904032499999.9
2025-10-31,18,3261794971500000.0
2025-10-31,19,5726223823500001.0
2025-10-31,20,226.1994457214558
2025-10-31,21,181.68629200047292
2025-10-31,22,167.33428854440294
2025-10-31,23,23484.515130246502
2025-11-01,0,-22.555958785429464
2025-11-01,1,0.24097128599675605
2025-11-01,2,30.271326164721806
2025-11-01,3,24.01003052943791
2025-11-01,4,-42.703792090494424
2025-11-01,5,-46.36838643706531
2025-11-01,6,-43.09511778571831
2025-11-01,7,1257131057499999.8
2025-11-01,8,738609800000000.0
2025-11-01,9,698254804000000.0
2025-11-01,10,710306469500000.0
2025-11-01,11,698244796000000.0
2025-11-01,12,731546473499999.9
2025-11-01,13,739328126500000.0
2025-11-01,14,757744796000000.0
2025-11-01,15,691161465500000.0
2025-11-01,16,698973130499999.9
2025-11-01,17,2111922124999999.8
2025-11-01,18,-23.528331488683094
2025-11-01,19,2.2657851811079293
2025-11-01,20,-35.339787646680094
2025-11-01,21,-22.530731796345115
2025-11-01,22,-22.085401131832842
2025-11-01,23,137.65559188078768
2025-11-03,0,953651825499999.9
2025-11-03,1,929272300499999.8
2025-11-03,2,-40.84794149346045
2025-11-03,3,70.39841794360468
2025-11-03,4,-36.80575745746553
2025-11-03,5,112.42865313109257
2025-11-03,6,-40.64417099204844
2025-11-03,7,971992201499999.8
2025-11-03,8,919520980999999.8
2025-11-03,9,435763368999999.94
2025-11-03,10,363213134500000.0
2025-11-03,11,605853743999999.9
2025-11-03,12,730129804000000.0
2025-11-03,13,708798130499999.9
2025-11-03,14,723056469500000.0
2025-11-03,15,700265800000000.0
2025-11-03,16,856664813499999.9
2025-11-03,17,1341992944499999.8
2025-11-03,18,2291463552000000.0
2025-11-03,19,2657435064499999.5
2025-11-03,20,2911978815500000.0
2025-11-03,21,2907953663500000.0
2025-11-03,22,2185195668999999.8
2025-11-03,23,1789266623499999.8
2025-11-04,0,1880211349999999.8
2025-11-04,1,1010318505999999.9
2025-11-04,2,560337915000000.0
2025-11-04,3,694641773000000.0
2025-11-04,4,939564885000000.0
2025-11-04,5,3524634373000000.0
2025-11-04,6,2423196500000000.5
2025-11-04,7,439391821000000.0
2025-11-04,8,367176474500000.0
2025-11-04,9,356099804000000.0
2025-11-04,10,359641473499999.94
2025-11-04,11,662828126500000.0
2025-11-04,12,713818130499999.9
2025-11-04,13,695391473500000.0
2025-11-04,14,685218144000000.0
2025-11-04,15,689744796000000.0
2025-11-04,16,730521474500000.0
2025-11-04,17,420548126500000.0
2025-11-04,18,342651469500000.0
2025-11-04,19,343369795999999.94
2025-11-04,20,341676474500000.0
2025-11-04,21,342651469500000.0
2025-11-04,22,1.6594501144914984
2025-11-04,23,346203126500000.0
2025-11-05,0,-80.25369505476547
2025-11-05,1,-74.56930687418672
2025-11-05,2,-77.28929571246326
2025-11-05,3,-82.80228910266678
2025-11-05,4,-89.47366356781514
2025-11-05,5,-88.724531055774
2025-11-05,6,-93.32935281454775
2025-11-05,7,-91.47439221417629
2025-11-05,8,-72.69037323740912
2025-11-05,9,424109799999999.94
2025-11-05,10,709598130499999.9
2025-11-05,11,712421473499999.9
2025-11-05,12,690196478499999.9
2025-11-05,13,689056469500000.0
2025-11-05,14,710296473499999.9
2025-11-05,15,703223130499999.9
2025-11-05,16,776171473499999.9
2025-11-05,17,1695656465500000.0
2025-11-05,18,-11.64014661466865
2025-11-05,19,19.309778405690675
2025-11-05,20,-23.83343366094672
2025-11-05,21,82.13979714166776
2025-11-05,22,-7.473390554530925
2025-11-05,23,30.588989224173396
2025-11-06,0,38.87801369040721
2025-11-06,1,16.97514285639624
2025-11-06,2,-18.185572874336515
2025-11-06,3,-9.321016564332815
2025-11-06,4,55.282479596251214
2025-11-06,5,31.753124134055735
2025-11-06,6,-47.58027814620359
2025-11-06,7,-36.70255363569791
2025-11-06,8,285557825000000.0
2025-11-06,9,284021925000000.0
2025-11-06,10,283630450000000.0
2025-11-06,11,282064550000000.0
2025-11-06,12,283613400000000.0
2025-11-06,13,282911173000000.0
2025-11-06,14,285692639999999.94
2025-11-06,15,286752254000000.0
2025-11-06,16,287926679000000.0
2025-11-06,17,288308146000000.0
2025-11-06,18,289492579000000.0
2025-11-06,19,663498142000000.0
2025-11-06,20,1656396671000000.0
2025-11-06,21,1175365200000000.0
2025-11-06,22,872073720999999.9
2025-11-06,23,287545200000000.0
2025-11-09,0,-87.32881245949066
2025-11-09,1,-94.76774092851184
2025-11-09,2,-90.58486664738895
2025-11-09,3,-94.40626635648027
2025-11-09,4,-93.88404641158434
2025-11-09,5,-87.19145772066335
2025-11-09,6,-89.72221834996658
2025-11-09,7,295716170999999.9
2025-11-09,8,553350423000000.06
2025-11-09,9,651805603999999.9
2025-11-09,10,649556124500000.0
2025-11-09,11,647164128999999.9
2025-11-09,12,654798169499999.9
2025-11-09,13,653064644499999.9
2025-11-09,14,649755223499999.9
2025-11-09,15,651498744500000.0
2025-11-09,16,650249700000000.0
2025-11-09,17,851725330500000.0
2025-11-09,18,2759065594000000.0
2025-11-09,19,4753889915500001.0
2025-11-09,20,282.978495088052
2025-11-09,21,237.03199898728727
2025-11-09,22,495.8486623950055
2025-11-09,23,3478785835000000.0
2025-11-10,0,-34.206616429261096
2025-11-10,1,-41.82858082972655
2025-11-10,2,-47.863506652995504
2025-11-10,3,-74.53981112276512
2025-11-10,4,-50.96507729797664
2025-11-10,5,-38.913241873506706
2025-11-10,6,-35.764451745086625
2025-11-10,7,-41.50048424004516
2025-11-10,8,704819575499999.9
2025-11-10,9,751813988499999.9
2025-11-10,10,633537123500000.0
2025-11-10,11,631496730500000.0
2025-11-10,12,633042626500000.1
2025-11-10,13,636771925000000.0
2025-11-10,14,691798165000000.0
2025-11-10,15,887278134499999.9
2025-11-10,16,891629804000000.0
2025-11-10,17,933431469499999.9
2025-11-10,18,3027184799999999.5
2025-11-10,19,1699.7371009468343
2025-11-10,20,5498801465500000.0
2025-11-10,21,5005134796000000.0
2025-11-10,22,3314711465499999.5
2025-11-10,23,2851519803999999.5
2025-11-11,0,1154278129499999.8
2025-11-11,1,350894809499999.94
2025-11-11,2,611470484499999.9
2025-11-11,3,1415613225000000.0
2025-11-11,4,1309577234500000.0
2025-11-11,5,752792513500000.0
2025-11-11,6,1513673671499999.8
2025-11-11,7,1392609735000000.0
2025-11-11,8,664990648499999.9
2025-11-11,9,633143002000000.0
2025-11-11,10,641835070500000.0
2025-11-11,11,645713599500000.0
2025-11-11,12,642795653499999.9
2025-11-11,13,640228978999999.9
2025-11-11,14,641040319500000.0
2025-11-11,15,635522880499999.9
2025-11-11,16,648589744499999.9
2025-11-11,17,900554274999999.9
2025-11-11,18,519.4202497655194
2025-11-11,19,-38.04354222331242
2025-11-11,20,-21.234140869776052
2025-11-11,21,-33.55836636160141
2025-11-11,22,-53.752138004666676
2025-11-11,23,-65.40983153338517
2025-11-12,0,-60.077511986933615
2025-11-12,1,-58.48173782028572
2025-11-12,2,-69.84322922757065
2025-11-12,3,-77.25095263279827
2025-11-12,4,-69.4736620894972
2025-11-12,5,-36.770129697581694
2025-11-12,6,-55.412093570148606
2025-11-12,7,-0.741484026839317
2025-11-12,8,666069007500000.0
2025-11-12,9,650034248499999.9
2025-11-12,10,645851805500000.0
2025-11-12,11,648459949999999.9
2025-11-12,12,645235144500000.0
2025-11-12,13,636482904000000.0
2025-11-12,14,642942519499999.9
2025-11-12,15,653116188499999.9
2025-11-12,16,647826230500000.0
2025-11-12,17,1025643386500000.1
2025-11-12,18,-60.52392504540396
2025-11-12,19,-45.81785924318045
2025-11-12,20,-26.813916972992907
2025-11-12,21,-26.30394501711319
2025-11-12,22,-48.78382245763067
2025-11-12,23,172.9167507959995
2025-11-13,0,625767630500000.0
2025-11-13,1,626557634500000.0
2025-11-13,2,635132253999999.9
2025-11-13,3,633388721000000.0
2025-11-13,4,642120969500000.0
2025-11-13,5,638342643999999.9
2025-11-13,6,655748534499999.9
2025-11-13,7,646071471499999.9
2025-11-13,8,634231670999999.9
2025-11-13,9,647453150000000.0
2025-11-13,10,647285524999999.9
2025-11-13,11,641478195999999.9
2025-11-13,12,648366944500000.0
2025-11-13,13,663316555500000.0
2025-11-13,14,1054978392500000.0
2025-11-13,15,88.16595582412678
2025-11-13,16,48.470498604578694
2025-11-13,17,61.343066907204786
2025-11-13,18,3499131239999999.0
2025-11-13,19,83.1090139406133
2025-11-13,20,49.204091314268254
2025-11-13,21,504.318469378156
2025-11-13,22,1135.4861841303318
2025-11-13,23,1037325799999999.9
2025-11-14,0,352598130500000.0
2025-11-14,1,348519582500000.0
2025-11-14,2,360383878500000.0
2025-11-14,3,355301456000000.0
2025-11-14,4,1140912682499999.8
2025-11-14,5,1301225125499999.8
2025-11-14,6,1297129209499999.8
2025-11-14,7,546475870499999.94
2025-11-14,8,411711628499999.94
2025-11-14,9,1063608912000000.0
2025-11-14,10,1528492563500000.0
2025-11-14,11,872804995999999.8
2025-11-14,12,630633143999999.9
2025-11-14,13,636081980500000.0
2025-11-14,14,639437630500000.0
2025-11-14,15,651376298499999.9
2025-11-14,16,712514236500000.0
2025-11-14,17,881192084499999.9
2025-11-14,18,115.68455799436465
2025-11-14,19,-68.49673562119672
2025-11-14,20,-69.4564880393391
2025-11-14,21,-47.79879703977947
2025-11-14,22,-33.72934226652127
2025-11-14,23,-20.55499466343
2025-11-15,0,-21.22211864120232
2025-11-15,1,-18.295408204206552
2025-11-15,2,-18.916676822001623
2025-11-15,3,-30.87603049559428
2025-11-15,4,-40.445114103130805
2025-11-15,5,-24.87995455862762
2025-11-15,6,-49.64393514066521
2025-11-15,7,-76.53374441114842
2025-11-15,8,363.0833450726744
2025-11-15,9,663607909499999.9
2025-11-15,10,659243431000000.0
2025-11-15,11,660268688500000.0
2025-11-15,12,671993669000000.0
2025-11-15,13,686868669000000.0
2025-11-15,14,683643800500000.1
2025-11-15,15,667187984499999.9
2025-11-15,16,653186065500000.0
2025-11-15,17,552977736500000.06
2025-11-15,18,345514799999999.94
2025-11-15,19,341953126500000.0
2025-11-15,20,345248144000000.0
2025-11-15,21,346213134500000.0
2025-11-15,22,-12.695340527120248
2025-11-15,23,-79.17921910354298
2025-11-18,0,-94.23138717358735
2025-11-18,1,-94.12818018215789
2025-11-18,2,-94.14154028996089
2025-11-18,3,-94.21850048120433
2025-11-18,4,-84.84541045463659
2025-11-18,5,-62.12579561286914
2025-11-18,6,-37.059380256617175
2025-11-18,7,-62.104377773548116
2025-11-18,8,-63.456164923694125
2025-11-18,9,389321605500000.0
2025-11-18,10,645109715499999.9
2025-11-18,11,745955403999999.9
2025-11-18,12,1417873877000000.0
2025-11-18,13,958714459999999.9
2025-11-18,14,725052400000000.0
2025-11-18,15,734040892000000.0
2025-11-18,16,693982408000000.0
2025-11-18,17,300463930999999.94
2025-11-18,18,396375894000000.0
2025-11-18,19,-80.23378545296512
2025-11-18,20,-91.95586576649424
2025-11-18,21,-89.89654534759447
2025-11-18,22,-72.1216781119119
2025-11-18,23,-53.53631414960844
2025-11-19,0,-69.52706137674336
2025-11-19,1,-60.322982382719836
2025-11-19,2,-46.86121982211863
2025-11-19,3,-46.75189164986164
2025-11-19,4,-45.91230895963437
2025-11-19,5,-53.58878622488383
2025-11-19,6,-60.440541143069595
2025-11-19,7,-85.52977850818593
2025-11-19,8,-81.18981505492742
2025-11-19,9,318711869500000.0
2025-11-19,10,569102199500000.0
2025-11-19,11,643659248499999.9
2025-11-19,12,640202194500000.0
2025-11-19,13,646018094500000.0
2025-11-19,14,644740659500000.0
2025-11-19,15,646072701500000.0
2025-11-19,16,659399179499999.9
2025-11-19,17,372409388500000.0
2025-11-19,18,290677000000000.0
2025-11-19,19,166.0553185573896
2025-11-19,20,-6.197949595427601
2025-11-19,21,-5.200540310061771
2025-11-19,22,-26.751790957484847
2025-11-19,23,-73.87828278668485
2025-11-20,0,-83.64562160769044
2025-11-20,1,-83.66767917328245
2025-11-20,2,-83.75590943565047
2025-11-20,3,-83.8150492356141
2025-11-20,4,-69.73194734521661
2025-11-20,5,-40.2637203026745
2025-11-20,6,-38.10641604086332
2025-11-20,7,734750525000000.0
2025-11-20,8,645735854000000.0
2025-11-20,9,650771746000000.0
2025-11-20,10,645004709500000.1
2025-11-20,11,663316555500000.0
2025-11-20,12,841341395999999.9
2025-11-20,13,1130338140000000.0
2025-11-20,14,1114754807999999.9
2025-11-20,15,1129464796000000.0
2025-11-20,16,1137436469500000.0
2025-11-20,17,872533134500000.0
2025-11-20,18,977159804000000.0
2025-11-20,19,1108471473499999.8
2025-11-20,20,1113481470500000.0
2025-11-20,21,1110313134499999.9
2025-11-20,22,1111734809499999.9
2025-11-20,23,1109253151999999.9
2025-11-21,0,1125799813499999.9
2025-11-21,1,1123006466500000.0
2025-11-21,2,1115699803999999.8
2025-11-21,3,1111619790500000.0
2025-11-21,4,1119529796000000.0
2025-11-21,5,1103516452000000.0
2025-11-21,6,1119701452000000.0
2025-11-21,7,1105936466500000.0
2025-11-21,8,1116211466499999.8
2025-11-21,9,903602734499999.9
2025-11-21,10,699283148000000.0
2025-11-21,11,701303725499999.9
2025-11-21,12,732898144000000.0
2025-11-21,13,700123144000000.0
2025-11-21,14,712843144000000.0
2025-11-21,15,699046459999999.9
2025-11-21,16,703931469500000.0
2025-11-21,17,438043703999999.94
2025-11-21,18,26.432779717431767
2025-11-21,19,4805.425771428571
2025-11-21,20,4825.806707142857
2025-11-21,21,344098130500000.0
2025-11-21,22,353286465500000.0
2025-11-21,23,346379334500000.0
2025-11-22,0,343811470500000.0
2025-11-22,1,350473130500000.0
2025-11-22,2,349488147999999.94
2025-11-22,3,349498144000000.0
2025-11-22,4,348503121500000.0
2025-11-22,5,351501474500000.0
2025-11-22,6,353984799999999.94
2025-11-22,7,355431469500000.0
2025-11-22,8,353266473499999.94
2025-11-22,9,358943130500000.0
2025-11-22,10,357546473500000.0
2025-11-22,11,351889799999999.94
2025-11-22,12,358973130500000.0
2025-11-22,13,357024326500000.0
2025-11-22,14,225.61389200008418
2025-11-22,15,-75.77050110661446
2025-11-22,16,-61.419682683446915
2025-11-22,17,-48.21616977449366
2025-11-22,18,-33.198049067374626
2025-11-22,19,-19.464474097252893
2025-11-22,20,-24.89546489495804
2025-11-22,21,-30.592305460440727
2025-11-22,22,81.55320848762129
2025-11-22,23,96623.81923240013
2025-11-23,0,71.7793984570137
2025-11-23,1,46.07726960848157
2025-11-23,2,2099439807999999.5
2025-11-23,3,135.12783505310304
2025-11-23,4,125.36550792698073
2025-11-23,5,130.42032004859948
2025-11-23,6,168.87815522268795
2025-11-23,7,365949813499999.94
2025-11-23,8,660898190000000.0
2025-11-23,9,978000423499999.8
2025-11-23,10,1406772761499999.8
2025-11-23,11,1436374349500000.0
2025-11-23,12,642000390500000.0
2025-11-23,13,643183146000000.0
2025-11-23,14,646819430500000.0
2025-11-23,15,663417959500000.0
2025-11-23,16,767589198499999.9
2025-11-23,17,1304789419500000.0
2025-11-23,18,-59.28026526360824
2025-11-23,19,-41.33607222541478
2025-11-23,20,-36.22421286591734
2025-11-23,21,-39.95945086772678
2025-11-23,22,-33.69602360005671
2025-11-23,23,-48.347199864971955
2025-11-24,0,-35.83613689163942
2025-11-24,1,-48.67798918800443
2025-11-24,2,-63.20072585019653
2025-11-24,3,-68.91544782231786
2025-11-24,4,-66.10401893975902
2025-11-24,5,-51.20384022748337
2025-11-24,6,-81.59355877949973
2025-11-24,7,386970609999999.94
2025-11-24,8,306727881000000.06
2025-11-24,9,307902131000000.0
2025-11-24,10,333384965000000.0
2025-11-24,11,693906385000000.0
2025-11-24,12,862354608000000.0
2025-11-24,13,786458903999999.9
2025-11-24,14,794594847999999.9
2025-11-24,15,787274930999999.9
2025-11-24,16,786020831000000.0
2025-11-24,17,883137900000000.1
2025-11-24,18,1773829877000000.0
2025-11-24,19,1125888814999999.9
2025-11-24,20,840232473000000.0
2025-11-24,21,790573835000000.1
2025-11-24,22,781023004000000.0
2025-11-24,23,778664204000000.0
2025-11-25,0,-75.24009502977414
2025-11-25,1,-75.24437876020306
2025-11-25,2,-75.05574998725221
2025-11-25,3,-78.8624184284093
2025-11-25,4,-79.42606967200962
2025-11-25,5,-79.31109781699391
2025-11-25,6,-79.16748633772016
2025-11-25,7,658685054000000.0
2025-11-25,8,653241884500000.0
2025-11-25,9,656402131000000.0
2025-11-25,10,654658554000000.0
2025-11-25,11,660716642499999.9
2025-11-25,12,669226638500000.0
2025-11-25,13,663317661500000.0
2025-11-25,14,656010718999999.9
2025-11-25,15,675684442499999.9
2025-11-25,16,675143404000000.0
2025-11-25,17,666056592499999.9
2025-11-25,18,658971965500000.0
2025-11-25,19,56.44772335048123
2025-11-25,20,-5.239890068985627
2025-11-25,21,114.14594534913269
2025-11-25,22,157.70936217807392
2025-11-25,23,-11.346894536663088
2025-11-26,0,340.5567668892223
2025-11-26,1,25.697988503289984
2025-11-26,2,646302117499999.9
2025-11-26,3,652943892499999.9
2025-11-26,4,648936065500000.0
2025-11-26,5,652320050000000.0
2025-11-26,6,665693892499999.9
2025-11-26,7,671445050000000.0
2025-11-26,8,671370549499999.9
2025-11-26,9,661651853499999.9
2025-11-26,10,676813075000000.0
2025-11-26,11,656969804499999.9
2025-11-26,12,651238455500000.0
2025-11-26,13,654945059499999.9
2025-11-26,14,654388531000000.0
2025-11-26,15,667845020999999.9
2025-11-26,16,686039450000000.0
2025-11-26,17,666280730500000.0
2025-11-26,18,647989007500000.0
2025-11-26,19,543764636500000.0
2025-11-26,20,345669782500000.0
2025-11-26,21,344098130500000.0
2025-11-26,22,345514799999999.94
2025-11-26,23,340731456000000.0
2025-11-27,0,343389799999999.94
2025-11-27,1,341173130500000.0
2025-11-27,2,341254804000000.0
2025-11-27,3,343359799999999.94
2025-11-27,4,342394809499999.94
2025-11-27,5,342671473500000.0
2025-11-27,6,452384773499999.94
2025-11-27,7,830491604000000.0
2025-11-27,8,830779595999999.9
2025-11-27,9,1126812138499999.8
2025-11-27,10,1902579632499999.8
2025-11-27,11,1568009306500000.0
2025-11-27,12,651152867500000.0
2025-11-27,13,663945943499999.9
2025-11-27,14,662795819500000.0
2025-11-27,15,663092727000000.0
2025-11-27,16,684911603999999.9
2025-11-27,17,811079669000000.0
2025-11-27,18,80.67996265670625
2025-11-27,19,-23.020729405862205
2025-11-27,20,-20.020800145153782
2025-11-27,21,-22.193006653056734
2025-11-27,22,-39.53809906484626
2025-11-27,23,-61.87089669030458
2025-11-28,0,-49.80359792885914
2025-11-28,1,-43.59238731564231
2025-11-28,2,-24.926410317381198
2025-11-28,3,-42.19403295524772
2025-11-28,4,-51.90508263657508
2025-11-28,5,-62.66956254816739
2025-11-28,6,-60.97456464013426
2025-11-28,7,637797119500000.0
2025-11-28,8,643067338499999.9
2025-11-28,9,647733225000000.0
2025-11-28,10,648609180500000.0
2025-11-28,11,768647650500000.0
2025-11-28,12,999517130499999.9
2025-11-28,13,649382134500000.0
2025-11-28,14,655375655500000.1
2025-11-28,15,811597298499999.9
2025-11-28,16,1406034825499999.8
2025-11-28,17,2886789827000000.5
2025-11-28,18,2170287918999999.8
2025-11-28,19,1903061634499999.8
2025-11-28,20,1977657615499999.8
2025-11-28,21,1604447253500000.0
2025-11-28,22,862395327000000.0
2025-11-28,23,764879411500000.0
2025-12-01,0,341173130500000.0
2025-12-01,1,344098130500000.0
2025-12-01,2,340198144000000.0
2025-12-01,3,342764786500000.0
2025-12-01,4,338393125500000.0
2025-12-01,5,342303140000000.0
2025-12-01,6,346974790500000.0
2025-12-01,7,353174804000000.0
2025-12-01,8,354483529500000.0
2025-12-01,9,829001270499999.9
2025-12-01,10,820230526499999.9
2025-12-01,11,825610917499999.9
2025-12-01,12,823776730499999.9
2025-12-01,13,837434152000000.0
2025-12-01,14,845574934499999.9
2025-12-01,15,823030382500000.0
2025-12-01,16,837624204000000.1
2025-12-01,17,831042369499999.9
2025-12-01,18,844976274500000.0
2025-12-01,19,826960686499999.9
2025-12-01,20,-22.659527039794714
2025-12-01,21,-22.907002027315986
2025-12-01,22,-22.964911554994462
2025-12-01,23,-22.619309337497512
2025-12-02,0,-83.80977292884019
2025-12-02,1,-76.55808351721271
2025-12-02,2,-74.22416415853321
2025-12-02,3,-72.95876789402
2025-12-02,4,-67.72483252429595
2025-12-02,5,-53.81193210620997
2025-12-02,6,-44.93880980264381
2025-12-02,7,-20.467063808024
2025-12-02,8,1222418234500000.0
2025-12-02,9,488321478500000.0
2025-12-02,10,657415786500000.0
2025-12-02,11,703573144000000.0
2025-12-02,12,696304790499999.9
2025-12-02,13,696314786500000.0
2025-12-02,14,712421473499999.9
2025-12-02,15,698963134499999.9
2025-12-02,16,701796473499999.9
2025-12-02,17,710306469500000.0
2025-12-02,18,0.40856814466723806
2025-12-02,19,-52.70691523151859
2025-12-02,20,-37.56122015588856
2025-12-02,21,-28.685441409570203
2025-12-02,22,-30.072057969487982
2025-12-02,23,-32.95055542725747
2025-12-03,0,-38.85041543735838
2025-12-03,1,-42.055938430128826
2025-12-03,2,-50.53777466039008
2025-12-03,3,-53.10611671843098
2025-12-03,4,-52.47019667804146
2025-12-03,5,-56.007739405488614
2025-12-03,6,-33.191988668322956
2025-12-03,7,807224134499999.9
2025-12-03,8,691181469500000.0
2025-12-03,9,688964800000000.0
2025-12-03,10,715696478499999.9
2025-12-03,11,696838134499999.9
2025-12-03,12,698380422999999.9
2025-12-03,13,735459736500000.0
2025-12-03,14,862427490500000.0
2025-12-03,15,1082939409500000.0
2025-12-03,16,723377000500000.0
2025-12-03,17,372863730500000.0
2025-12-03,18,-39.755031230037154
2025-12-03,19,-53.690264308712145
2025-12-03,20,-3.472639657144952
2025-12-03,21,-42.71171221474863
2025-12-03,22,-44.594671388013666
2025-12-03,23,-62.37013191945505
2025-12-04,0,1521428804000000.2
2025-12-04,1,1534336694500000.0
2025-12-04,2,1426997280999999.8
2025-12-04,3,955341725499999.8
2025-12-04,4,372128951999999.94
2025-12-04,5,346954669500000.0
2025-12-04,6,348616534500000.0
2025-12-04,7,352065404000000.0
2025-12-04,8,350010004000000.0
2025-12-04,9,561634465499999.9
2025-12-04,10,838854199999999.9
2025-12-04,11,831618096000000.0
2025-12-04,12,821529073499999.8
2025-12-04,13,836738504000000.0
2025-12-04,14,843431865499999.9
2025-12-04,15,853713224500000.0
2025-12-04,16,1778847505499999.8
2025-12-04,17,2057635173500000.0
2025-12-04,18,-12.342055407637632
2025-12-04,19,-26.179951798091963
2025-12-04,20,-17.872948105241722
2025-12-04,21,-24.75576808773849
2025-12-04,22,-36.74199663855342
2025-12-04,23,-30.424566197005547
2025-12-05,0,-34.64415367597717
2025-12-05,1,-26.307450430299518
2025-12-05,2,-28.73019460697593
2025-12-05,3,-32.03047205430064
2025-12-05,4,-29.525219656167167
2025-12-05,5,-36.61759543196525
2025-12-05,6,-50.311034154419595
2025-12-05,7,866632931000000.0
2025-12-05,8,451406474500000.06
2025-12-05,9,651514800000000.0
2025-12-05,10,713838134499999.9
2025-12-05,11,712431469500000.0
2025-12-05,12,704639800000000.0
2025-12-05,13,727306469500000.0
2025-12-05,14,1097406025499999.8
2025-12-05,15,1348503779000000.0
2025-12-05,16,1252713955499999.8
2025-12-05,17,1903637640499999.8
2025-12-05,18,-28.528641884481875
2025-12-05,19,68.65392681452136
2025-12-05,20,83.11814557416018
2025-12-05,21,-5.305557197657998
2025-12-05,22,3.8104894074516187
2025-12-05,23,-42.248795650562286
2025-12-06,0,-17.42687309053388
2025-12-06,1,-37.62481182382625
2025-12-06,2,55.55501541075773
2025-12-06,3,176.20720680657826
2025-12-06,4,37.77556936353723
2025-12-06,5,158.2914810391433
2025-12-06,6,833428795999999.9
2025-12-06,7,833423665500000.1
2025-12-06,8,960094626500000.0
2025-12-06,9,829270096000000.0
2025-12-06,10,828036039999999.9
2025-12-06,11,832346321499999.9
2025-12-06,12,832555830500000.0
2025-12-06,13,847905569499999.9
2025-12-06,14,835201247999999.9
2025-12-06,15,850953440000000.0
2025-12-06,16,827946169499999.9
2025-12-06,17,446754500000000.0
2025-12-06,18,346931469500000.0
2025-12-06,19,348348130500000.0
2025-12-06,20,346931469500000.0
2025-12-06,21,342414813499999.94
2025-12-06,22,350711470500000.0
2025-12-06,23,346654817500000.0
2025-12-07,0,-80.1794257854089
2025-12-07,1,-80.55705526060123
2025-12-07,2,-80.51685197122305
2025-12-07,3,-80.34497061467978
2025-12-07,4,-80.1439532029061
2025-12-07,5,-80.33976765442938
2025-12-07,6,-83.52448564879008
2025-12-07,7,380009799999999.94
2025-12-07,8,637236465500000.0
2025-12-07,9,706314813500000.0
2025-12-07,10,710306469500000.0
2025-12-07,11,681348125499999.9
2025-12-07,12,690196478499999.9
2025-12-07,13,708181469500000.0
2025-12-07,14,706764800000000.0
2025-12-07,15,708181469500000.0
2025-12-07,16,707473130499999.9
2025-12-07,17,424805434500000.0
2025-12-07,18,270.82697989596613
2025-12-07,19,-46.81404442607192
2025-12-07,20,-38.89731796609695
2025-12-07,21,-34.956128664123476
2025-12-07,22,-36.20123315265958
2025-12-07,23,-24.66864754379856
2025-12-08,0,-58.92357870405112
2025-12-08,1,-58.82850433983793
2025-12-08,2,-48.8202495289021
2025-12-08,3,-45.62669594680364
2025-12-08,4,-40.68712263690435
2025-12-08,5,-31.70565991676168
2025-12-08,6,-52.42649587167521
2025-12-08,7,87.41005916114862
2025-12-08,8,1252755956000000.0
2025-12-08,9,842644969499999.9
2025-12-08,10,825682696000000.0
2025-12-08,11,818673670500000.0
2025-12-08,12,823275225499999.9
2025-12-08,13,829270255999999.9
2025-12-08,14,827028169499999.9
2025-12-08,15,833409230500000.0
2025-12-08,16,844214896000000.0
2025-12-08,17,464258830500000.0
2025-12-08,18,443763286500000.0
2025-12-08,19,-60.464488371471646
2025-12-08,20,28.184383031238873
2025-12-08,21,-18.616470792077493
2025-12-08,22,-80.65760110718848
2025-12-08,23,-51.67737344046446
2025-12-09,0,-48.83174161129362
2025-12-09,1,-41.26054266685448
2025-12-09,2,-26.61480003834194
2025-12-09,3,-36.788152047914735
2025-12-09,4,-44.5147869977105
2025-12-09,5,-54.76394846707675
2025-12-09,6,-72.38910882427764
2025-12-09,7,17.335533122341626
2025-12-09,8,1262697907500000.0
2025-12-09,9,607370344000000.0
2025-12-09,10,634103099500000.0
2025-12-09,11,630291855500000.0
2025-12-09,12,637197456000000.0
2025-12-09,13,636719730499999.9
2025-12-09,14,646625844499999.9
2025-12-09,15,646442501500000.0
2025-12-09,16,405072899500000.0
2025-12-09,17,351160873499999.94
2025-12-09,18,736360869500000.0
2025-12-09,19,-42.09524598827169
2025-12-09,20,-49.562853479326876
2025-12-09,21,510155203999999.94
2025-12-09,22,347629200000000.0
2025-12-09,23,344765869500000.0
2025-12-10,0,-75.5238445987105
2025-12-10,1,-80.11090004171785
2025-12-10,2,-81.40178799946187
2025-12-10,3,-80.6915318917866
2025-12-10,4,-81.08502852219004
2025-12-10,5,-81.20147532343209
2025-12-10,6,-15.437036448779661
2025-12-10,7,-15.543804932981784
2025-12-10,8,43.977767082654175
2025-12-10,9,63.71933049139614
2025-12-10,10,3541229905499999.0
2025-12-10,11,2112327165499999.5
2025-12-10,12,647099422999999.9
2025-12-10,13,650846861500000.1
2025-12-10,14,648647138500000.0
2025-12-10,15,663382634999999.9
2025-12-10,16,396802700499999.94
2025-12-10,17,939848126500000.0
2025-12-10,18,805709800000000.0
2025-12-10,19,346223130500000.0
2025-12-10,20,1129618877499999.8
2025-12-10,21,1294289209500000.0
2025-12-10,22,1491669696000000.0
2025-12-10,23,1362976134000000.0
2025-12-11,0,359607245500000.0
2025-12-11,1,345679790500000.06
2025-12-11,2,346646473500000.0
2025-12-11,3,401085615500000.0
2025-12-11,4,1100229218499999.9
2025-12-11,5,1521018976999999.8
2025-12-11,6,849783298499999.9
2025-12-11,7,641733770500000.0
2025-12-11,8,646623730999999.9
2025-12-11,9,651722594500000.0
2025-12-11,10,647305200500000.0
2025-12-11,11,649896461499999.9
2025-12-11,12,663449094000000.0
2025-12-11,13,965874761499999.8
2025-12-11,14,1379637556000000.0
2025-12-11,15,1369578578999999.8
2025-12-11,16,1418132000000000.0
2025-12-11,17,1445926725000000.0
2025-12-11,18,-63.99415835093162
2025-12-11,19,-59.292348280469426
2025-12-11,20,-38.04712528909031
2025-12-11,21,-35.06906489950483
2025-12-11,22,-47.36008718563656
2025-12-11,23,-75.64732759096788
2025-12-12,0,285979300000000.0
2025-12-12,1,285196350000000.0
2025-12-12,2,285196350000000.0
2025-12-12,3,286084115000000.0
2025-12-12,4,286360778999999.94
2025-12-12,5,285959295999999.94
2025-12-12,6,368667435000000.0
2025-12-12,7,635125200000000.0
2025-12-12,8,290275528999999.94
2025-12-12,9,293808800000000.0
2025-12-12,10,295766175000000.0
2025-12-12,11,285196350000000.0
2025-12-12,12,1176093654499999.8
2025-12-12,13,2588058161500000.0
2025-12-12,14,3113240480500000.0
2025-12-12,15,4094971757999999.0
2025-12-12,16,97.96051467780578
2025-12-12,17,40.350388962040476
2025-12-12,18,-20.11558552040389
2025-12-12,19,52.506088737786264
2025-12-12,20,-23.760978030491355
2025-12-12,21,-23.601600777920922
2025-12-12,22,-30.402424087544095
2025-12-12,23,-6.740172381248704
2025-12-13,0,388.33443204301454
2025-12-13,1,-2.6691365859672698
2025-12-13,2,-10.358477082300642
2025-12-13,3,-10.488706955773695
2025-12-13,4,105.41625964611502
2025-12-13,5,186.96418205129478
2025-12-13,6,1652910350000000.0
2025-12-13,7,1917882665000000.2
2025-12-13,8,1129840847999999.8
2025-12-13,9,1162308197999999.8
2025-12-13,10,1143772974499999.8
2025-12-13,11,639065599999999.9
2025-12-13,12,642998744500000.0
2025-12-13,13,652057844500000.0
2025-12-13,14,647174125000000.0
2025-12-13,15,643547848499999.9
2025-12-13,16,635866550500000.0
2025-12-13,17,648506179000000.0
2025-12-13,18,744059809499999.9
2025-12-13,19,1215113738500000.0
2025-12-13,20,1917476754000000.0
2025-12-13,21,1633785982500000.2
2025-12-13,22,770695080500000.0
2025-12-13,23,769119444499999.9
2025-12-14,0,444329098499999.94
2025-12-14,1,-72.81265655828393
2025-12-14,2,-72.43588157165588
2025-12-14,3,345228140000000.0
2025-12-14,4,-67.55554014800735
2025-12-14,5,346398125500000.0
2025-12-14,6,2.7571728566565676
2025-12-14,7,347456469500000.0
2025-12-14,8,408140086500000.0
2025-12-14,9,1070818834500000.0
2025-12-14,10,1528054699999999.8
2025-12-14,11,843554049999999.9
2025-12-14,12,635697630499999.9
2025-12-14,13,662610977500000.0
2025-12-14,14,653399304000000.0
2025-12-14,15,717049875000000.0
2025-12-14,16,658986729500000.0
2025-12-14,17,426547409500000.06
2025-12-14,18,1060943169499999.8
2025-12-14,19,1547066715499999.8
2025-12-14,20,1564899578999999.8
2025-12-14,21,865623429499999.9
2025-12-14,22,344088134500000.0
2025-12-14,23,344941460000000.0
2025-12-15,0,-75.95115767254036
2025-12-15,1,-75.94974311158705
2025-12-15,2,-75.75528118136175
2025-12-15,3,-75.84449713196071
2025-12-15,4,426.9449042061092
2025-12-15,5,-69.72415787335616
2025-12-15,6,353381000000000.0
2025-12-15,7,345585126500000.0
2025-12-15,8,398416474999999.94
2025-12-15,9,1081371061500000.0
2025-12-15,10,1531679794499999.8
2025-12-15,11,899138238499999.8
2025-12-15,12,680749522999999.9
2025-12-15,13,642205798499999.9
2025-12-15,14,644555107500000.0
2025-12-15,15,681540798500000.0
2025-12-15,16,638990980500000.0
2025-12-15,17,396648122999999.94
2025-12-15,18,498418134499999.94
2025-12-15,19,1206831470500000.0
2025-12-15,20,1209688148000000.0
2025-12-15,21,1220209804000000.0
2025-12-15,22,1215063152000000.0
2025-12-15,23,933044813499999.9
2025-12-16,0,346553140000000.0
2025-12-16,1,4769.830492857143
2025-12-16,2,4830.235407142856
2025-12-16,3,4778.606721428571
2025-12-16,4,2880.7122593849285
2025-12-16,5,4799.607635714286
2025-12-16,6,4903.131428571429
2025-12-16,7,355125865500000.0
2025-12-16,8,349479200000000.0
2025-12-16,9,400304213499999.94
2025-12-16,10,627862544000000.1
2025-12-16,11,698962530500000.0
2025-12-16,12,699127529499999.9
2025-12-16,13,688769217500000.0
2025-12-16,14,709767269500000.0
2025-12-16,15,690443130499999.9
2025-12-16,16,691869796000000.0
2025-12-16,17,403568130500000.0
2025-12-16,18,-61.63710487963807
2025-12-16,19,-58.441833094906556
2025-12-16,20,-58.29273447153157
2025-12-16,21,-57.71868459335097
2025-12-16,22,-46.988573361930854
2025-12-16,23,-30.594406473948712
2025-12-17,0,-54.972300725639734
2025-12-17,1,-69.05913177598993
2025-12-17,2,76.81281406351376
2025-12-17,3,-72.51924144384273
2025-12-17,4,-72.64878005821213
2025-12-17,5,-67.12958778142901
2025-12-17,6,-71.89660510320967
2025-12-17,7,551.4817655388532
2025-12-17,8,349754804000000.0
2025-12-17,9,512481477499999.94
2025-12-17,10,723339804000000.0
2025-12-17,11,776524800000000.0
2025-12-17,12,684078126500000.0
2025-12-17,13,733985642499999.9
2025-12-17,14,925876065500000.0
2025-12-17,15,1806528542500000.0
2025-12-17,16,3313474615500000.0
2025-12-17,17,276.54812011525047
2025-12-17,18,-4.5791496037609605
2025-12-17,19,14.322185143534302
2025-12-17,20,-19.097234515498368
2025-12-17,21,-19.47762125966037
2025-12-17,22,-7.506135079442758
2025-12-17,23,-4.285783877384421
2025-12-18,0,-17.53448317677826
2025-12-18,1,-17.974073131767213
2025-12-18,2,20.95066784094676
2025-12-18,3,-20.633253150671326
2025-12-18,4,-34.14768752395561
2025-12-18,5,-36.31943936232314
2025-12-18,6,-48.497131459871255
2025-12-18,7,714562525500000.0
2025-12-18,8,708266865499999.9
2025-12-18,9,721745200000000.0
2025-12-18,10,725121334500000.0
2025-12-18,11,737771130499999.9
2025-12-18,12,733704403999999.9
2025-12-18,13,1244856115500000.0
2025-12-18,14,2662198724999999.5
2025-12-18,15,4259221211999999.0
2025-12-18,16,8066608061500001.0
2025-12-18,17,141.37325799375205
2025-12-18,18,49.12554464994297
2025-12-18,19,15.58330520957634
2025-12-18,20,-18.793724712262577
2025-12-18,21,15.854193972344145
2025-12-18,22,14.487781635722042
2025-12-18,23,6.0952365585373816
2025-12-19,0,-18.474432586757537
2025-12-19,1,6.150875964322966
2025-12-19,2,-32.28547033545181
2025-12-19,3,-34.24455956939063
2025-12-19,4,32.756187121819266
2025-12-19,5,59.80530608012448
2025-12-19,6,57.176296325285314
2025-12-19,7,1552504199999999.8
2025-12-19,8,1031869204000000.0
2025-12-19,9,722337530500000.0
2025-12-19,10,728004200000000.0
2025-12-19,11,707452534499999.9
2025-12-19,12,711218521499999.9
2025-12-19,13,720813169499999.9
2025-12-19,14,879539603999999.9
2025-12-19,15,1264348603500000.0
2025-12-19,16,2209775606000000.0
2025-12-19,17,2995615274500000.0
2025-12-19,18,4251916461000000.0
2025-12-19,19,78.26394186175966
2025-12-19,20,-12.974789005100478
2025-12-19,21,26.058297434407642
2025-12-19,22,37.556750618558894
2025-12-19,23,-14.462517290491498
2025-12-20,0,-14.688683217838781
2025-12-20,1,-49.229853829063416
2025-12-20,2,-52.14705048557077
2025-12-20,3,-57.21367794240282
2025-12-20,4,-54.83570563372461
2025-12-20,5,-54.223498254121324
2025-12-20,6,-63.87674037637267
2025-12-20,7,178.51673492320836
2025-12-20,8,1041752434499999.9
2025-12-20,9,705490109500000.1
2025-12-20,10,646780859500000.0
2025-12-20,11,653547334500000.0
2025-12-20,12,656707525000000.0
2025-12-20,13,663759194500000.0
2025-12-20,14,653143976500000.0
2025-12-20,15,667179630499999.9
2025-12-20,16,805354309499999.9
2025-12-20,17,873767354500000.0
2025-12-20,18,37.60236823204111
2025-12-20,19,-33.15808104282315
2025-12-20,20,-33.04989330077341
2025-12-20,21,-54.927041386641804
2025-12-20,22,-60.164547812757334
2025-12-20,23,-58.51342231703909
2025-12-21,0,-17.44216765837291
2025-12-21,1,-32.15534776285406
2025-12-21,2,-64.23509220962897
2025-12-21,3,-62.00114817388403
2025-12-21,4,-30.916049428083987
2025-12-21,5,763452754500000.0
2025-12-21,6,660968371000000.0
2025-12-21,7,637172848499999.9
2025-12-21,8,638133419500000.0
2025-12-21,9,660421049500000.0
2025-12-21,10,637231434499999.9
2025-12-21,11,643160344000000.0
2025-12-21,12,645085905500000.0
2025-12-21,13,654181725499999.9
2025-12-21,14,648692198499999.9
2025-12-21,15,630489861500000.1
2025-12-21,16,636897544499999.9
2025-12-21,17,639107194500000.0
2025-12-21,18,641648034499999.9
2025-12-21,19,637891175000000.0
2025-12-21,20,407132134499999.94
2025-12-21,21,294200275000000.0
2025-12-21,22,296549125000000.0
2025-12-21,23,294973229000000.06
2025-12-22,0,-84.06778867465701
2025-12-22,1,-83.26449914201051
2025-12-22,2,-83.28635786639025
2025-12-22,3,-71.18996637888684
2025-12-22,4,-76.22003358608991
2025-12-22,5,-81.85844664625986
2025-12-22,6,-76.27219161563954
2025-12-22,7,-64.90691664260636
2025-12-22,8,299279454000000.0
2025-12-22,9,315748744499999.94
2025-12-22,10,535247459499999.94
2025-12-22,11,646708030500000.0
2025-12-22,12,639799686499999.9
2025-12-22,13,635354696000000.1
2025-12-22,14,649224505500000.0
2025-12-22,15,644738021500000.0
2025-12-22,16,655309046000000.0
2025-12-22,17,690953334999999.9
2025-12-22,18,469856040500000.0
2025-12-22,19,411090127000000.0
2025-12-22,20,-68.0059842409979
2025-12-22,21,-52.14367553613654
2025-12-22,22,-30.15022190662661
2025-12-22,23,6.288670093782751
2025-12-23,0,-37.447753542275706
2025-12-23,1,-36.44296549674952
2025-12-23,2,-54.427711225296754
2025-12-23,3,-80.72152870774212
2025-12-23,4,-80.69647040825504
2025-12-23,5,-80.74424726175538
2025-12-23,6,-73.2113206384809
2025-12-23,7,-65.02114579979644
2025-12-23,8,424794824999999.94
2025-12-23,9,421890025500000.0
2025-12-23,10,601971861500000.1
2025-12-23,11,643789111999999.9
2025-12-23,12,645647400000000.0
2025-12-23,13,645739069500000.0
2025-12-23,14,644629259500000.0
2025-12-23,15,645865280500000.1
2025-12-23,16,653522078999999.9
2025-12-23,17,642153040500000.0
2025-12-23,18,551837598499999.94
2025-12-23,19,-60.33969567881287
2025-12-23,20,-80.9367565338884
2025-12-23,21,-58.6804438849787
2025-12-23,22,-70.98917095737211
2025-12-23,23,-58.62797853149787
2025-12-24,0,-58.48932848231709
2025-12-24,1,-58.67420195016987
2025-12-24,2,-58.63563152766244
2025-12-24,3,-58.77951291623659
2025-12-24,4,-58.89976589387675
2025-12-24,5,-58.74365612187938
2025-12-24,6,-69.20322455671247
2025-12-24,7,-70.81363543993324
2025-12-24,8,303062737000000.0
2025-12-24,9,429045819500000.0
2025-12-24,10,643838269499999.9
2025-12-24,11,658144404500000.0
2025-12-24,12,654463269499999.9
2025-12-24,13,653353403500000.0
2025-12-24,14,656030330500000.0
2025-12-24,15,651343270500000.0
2025-12-24,16,651303134999999.9
2025-12-24,17,571976929499999.9
2025-12-24,18,372431469500000.0
2025-12-24,19,351346460000000.0
2025-12-24,20,351079804000000.0
2025-12-24,21,344243125500000.0
2025-12-24,22,344539813499999.94
2025-12-24,23,347794782500000.0
2025-12-27,0,345916478499999.94
2025-12-27,1,352384799999999.94
2025-12-27,2,346626469500000.0
2025-12-27,3,342734786500000.0
2025-12-27,4,344398139999999.94
2025-12-27,5,344438147999999.94
2025-12-27,6,350261451999999.94
2025-12-27,7,412500730500000.0
2025-12-27,8,1146132758999999.8
2025-12-27,9,1545564376999999.8
2025-12-27,10,846001962999999.9
2025-12-27,11,651246503999999.9
2025-12-27,12,645981305500000.0
2025-12-27,13,656987784499999.9
2025-12-27,14,645420596000000.0
2025-12-27,15,647947078999999.9
2025-12-27,16,654666503999999.9
2025-12-27,17,402119324500000.0
2025-12-27,18,-78.69834218042614
2025-12-27,19,-70.34981178755835
2025-12-27,20,-61.22157786814314
2025-12-27,21,-51.80463678168762
2025-12-27,22,-73.2680997373587
2025-12-27,23,-90.01122229629628
2025-12-28,0,-29.152211587572417
2025-12-28,1,-78.74245719767048
2025-12-28,2,-78.6886616421754
2025-12-28,3,-78.87126465303959
2025-12-28,4,-76.51174250430228
2025-12-28,5,-74.49572227075441
2025-12-28,6,-29.98267920310427
2025-12-28,7,425011209499999.94
2025-12-28,8,1276995323000000.0
2025-12-28,9,1410862190500000.0
2025-12-28,10,652160942500000.0
2025-12-28,11,647696738499999.9
2025-12-28,12,656336204000000.0
2025-12-28,13,655236342499999.9
2025-12-28,14,652625816999999.9
2025-12-28,15,661539726500000.1
2025-12-28,16,654636803499999.9
2025-12-28,17,708122203500000.0
2025-12-28,18,-58.243445033667136
2025-12-28,19,-39.3421810154948
2025-12-28,20,-42.36779322260765
2025-12-28,21,-36.546687599244784
2025-12-28,22,-60.30698341031257
2025-12-28,23,-75.54056201989505
2025-12-29,0,-57.79303250773729
2025-12-29,1,-72.53350669570418
2025-12-29,2,-79.80404759479693
2025-12-29,3,-79.26245777983688
2025-12-29,4,-79.72072589252261
2025-12-29,5,-72.97109358963593
2025-12-29,6,-69.84712392021947
2025-12-29,7,521171473499999.94
2025-12-29,8,487889799999999.94
2025-12-29,9,344088134500000.0
2025-12-29,10,347653004000000.0
2025-12-29,11,347609799999999.94
2025-12-29,12,346911465500000.0
2025-12-29,13,349324873499999.94
2025-12-29,14,352138200000000.0
2025-12-29,15,2511046984499999.5
2025-12-29,16,4176713123499999.0
2025-12-29,17,23.072921303309204
2025-12-29,18,-12.837930052799052
2025-12-29,19,-1.5257020960820573
2025-12-29,20,-44.34670970527726
2025-12-29,21,-53.42631825364824
2025-12-29,22,-47.95053883586368
2025-12-29,23,-10.820066585051698
2025-12-30,0,-21.52516730056145
2025-12-30,1,-62.753582634078064
2025-12-30,2,-63.31057661041269
2025-12-30,3,-63.40617186657005
2025-12-30,4,-63.40510218428819
2025-12-30,5,-62.34497882343801
2025-12-30,6,-61.66171380834136
2025-12-30,7,359671473500000.0
2025-12-30,8,354703126500000.0
2025-12-30,9,357556469500000.0
2025-12-30,10,350463134500000.0
2025-12-30,11,360369795999999.94
2025-12-30,12,352588134500000.0
2025-12-30,13,346388129500000.0
2025-12-30,14,347281474500000.0
2025-12-30,15,353306469500000.0
2025-12-30,16,357259813499999.94
2025-12-30,17,364548130500000.0
2025-12-30,18,348523125500000.0
2025-12-30,19,343831474500000.0
2025-12-30,20,347373144000000.0
2025-12-30,21,344981456000000.0
2025-12-30,22,351623144000000.0
2025-12-30,23,343546478500000.0
