date,Gas (CCGT) -  MW,Gas (OCGT) -  MW,Hydro -  MW,Wind -  MW,Solar (Rooftop) -  MW,Wind (Curtailment) -  MW,Solar (Utility) (Curtailment) -  MW,demand,Price - AUD/MWh
2025-01-01 00:00:00+10:00,0.0,0.0,901.625225,40.245442,0.0,0.0,0.0,982.838333,120.518333
2025-01-01 01:00:00+10:00,0.0,0.0,872.923983,48.0547,0.0,0.0,0.0,977.425833,113.470833
2025-01-01 02:00:00+10:00,0.0,0.0,842.942742,82.251458,0.0,0.0,0.0,967.69,95.753333
2025-01-01 03:00:00+10:00,0.0,0.0,826.154125,120.625442,0.0,0.0,0.0,966.2425,83.73
2025-01-01 04:00:00+10:00,0.0,0.0,785.604367,177.862917,0.0,0.0,0.0,975.359167,84.725
2025-01-01 05:00:00+10:00,0.0,0.0,646.038625,270.211183,3.551,0.0,0.0,970.928333,80.945
2025-01-01 06:00:00+10:00,0.0,0.0,351.895633,319.163975,33.752,0.0,0.0,968.873333,-2.485833
2025-01-01 07:00:00+10:00,0.0,0.0,258.834933,372.79595,90.888,0.0,0.0,966.7075,16.625
2025-01-01 08:00:00+10:00,0.0,0.0,229.264142,350.840683,138.364,0.0,0.0,946.299167,25.88
2025-01-01 09:00:00+10:00,0.0,0.0,263.071433,320.573875,157.6345,10.852492,0.0,973.663333,-36.29
2025-01-01 10:00:00+10:00,0.0,0.0,273.144892,330.107267,190.97,11.193708,0.0,1017.475,3.270833
2025-01-01 11:00:00+10:00,0.0,0.0,267.504733,374.362283,162.775,5.944867,0.0,984.295,15.650833
2025-01-01 12:00:00+10:00,0.0,0.0,253.5564,379.306983,153.496,10.391175,0.0,984.399167,-26.7525
2025-01-01 13:00:00+10:00,0.0,0.0,241.664283,344.710942,179.7635,9.449267,0.0,970.006667,-21.425
2025-01-01 14:00:00+10:00,0.0,0.0,226.420192,354.360758,178.3265,15.152775,0.0,987.7575,-10.513333
2025-01-01 15:00:00+10:00,0.0,0.0,220.696425,347.991342,174.671,11.379008,0.0,989.694167,-32.225833
2025-01-01 16:00:00+10:00,0.0,0.0,263.564917,393.956617,154.5485,4.4399,0.0,1029.549167,-9.211667
2025-01-01 17:00:00+10:00,0.0,0.0,306.617317,379.598208,111.5945,0.307683,0.0,1053.779167,-1.88
2025-01-01 18:00:00+10:00,0.0,0.0,364.773867,376.983025,60.161,1.961658,0.0,1085.4975,14.076667
2025-01-01 19:00:00+10:00,0.0,0.0,372.127008,362.761867,13.735,0.283042,0.0,1087.880833,78.279167
2025-01-01 20:00:00+10:00,0.0,0.0,512.991125,196.939808,0.3495,0.0,0.0,1070.784167,87.069167
2025-01-01 21:00:00+10:00,0.0,0.0,510.437592,178.871733,0.0,0.0,0.0,1052.24,85.7
2025-01-01 22:00:00+10:00,0.0,0.0,476.984325,177.159408,0.0,0.0,0.0,1010.1075,84.986667
2025-01-01 23:00:00+10:00,0.0,0.0,435.7301,168.075167,0.0,0.0,0.0,975.136667,91.653333
2025-01-02 00:00:00+10:00,0.0,0.0,435.456017,145.6058,0.0,0.0,0.0,972.5875,90.196667
2025-01-02 01:00:00+10:00,0.0,0.0,455.3416,124.285275,0.0,0.0,0.0,977.310833,90.03
2025-01-02 02:00:00+10:00,0.0,0.0,502.094158,77.432658,0.0,0.0,0.0,986.365833,90.28
2025-01-02 03:00:00+10:00,0.0,0.0,516.639458,61.512767,0.0,0.0,0.0,995.404167,90.28
2025-01-02 04:00:00+10:00,0.0,0.0,555.3951,49.924725,0.0,0.0,0.0,1022.3575,117.761667
2025-01-02 05:00:00+10:00,0.0,0.0,592.85855,39.542692,4.857,0.0,0.0,1052.9375,120.26
2025-01-02 06:00:00+10:00,0.0,0.0,651.667525,39.215258,31.7905,0.0,0.0,1089.404167,127.515
2025-01-02 07:00:00+10:00,0.0,0.0,651.106533,32.716058,72.968,0.0,0.0,1081.813333,132.268333
2025-01-02 08:00:00+10:00,0.0,0.0,601.828108,62.156225,126.639,0.0,0.0,1051.395,120.26
2025-01-02 09:00:00+10:00,0.0,0.0,549.763033,75.651017,141.247,0.0,0.0,1010.85,120.26
2025-01-02 10:00:00+10:00,0.0,0.0,496.314558,82.250117,165.2915,0.0,0.0,952.9675,120.26
2025-01-02 11:00:00+10:00,0.0,0.0,432.778058,88.092417,189.442,0.0,0.0,932.624167,120.26
2025-01-02 12:00:00+10:00,0.0,0.0,405.006392,88.481658,205.768,0.0,0.0,883.335,119.843333
2025-01-02 13:00:00+10:00,0.0,0.0,384.054258,95.215108,215.2355,0.0,0.0,865.5125,118.76
2025-01-02 14:00:00+10:00,0.0,0.0,397.06335,84.594067,214.128,0.0,0.0,883.1075,116.245
2025-01-02 15:00:00+10:00,0.0,0.0,441.051,85.102358,206.7465,0.0,0.0,916.711667,120.26
2025-01-02 16:00:00+10:00,0.0,0.0,505.4638,87.713167,166.747,0.0,0.0,984.283333,120.26
2025-01-02 17:00:00+10:00,0.0,0.0,576.54835,84.488717,118.9965,0.0,0.0,1046.9125,120.26
2025-01-02 18:00:00+10:00,0.0,0.0,643.3035,71.9192,57.095,0.0,0.0,1083.801667,120.26
2025-01-02 19:00:00+10:00,0.0,0.0,662.361892,55.240008,14.7475,0.0,0.0,1113.176667,132.351667
2025-01-02 20:00:00+10:00,0.0,0.0,674.398292,52.806217,0.379,0.0,0.0,1117.1875,149.758333
2025-01-02 21:00:00+10:00,0.0,0.0,640.583017,53.885958,0.0,0.0,0.0,1058.991667,129.915
2025-01-02 22:00:00+10:00,0.0,0.0,602.174617,50.059517,0.0,0.0,0.0,1030.325,120.26
2025-01-02 23:00:00+10:00,0.0,0.0,579.198183,36.38105,0.0,0.0,0.0,1002.245833,120.26
2025-01-03 00:00:00+10:00,0.0,0.0,572.362042,21.882308,0.0,0.0,0.0,1004.115833,122.595
2025-01-03 01:00:00+10:00,0.0,0.0,556.479417,29.192175,0.0,0.0,0.0,992.345,120.26
2025-01-03 02:00:00+10:00,0.0,0.0,543.597258,37.374192,0.0,0.0,0.0,982.664167,120.26
2025-01-03 03:00:00+10:00,0.0,0.0,540.089642,42.612783,0.0,0.0,0.0,990.034167,120.26
2025-01-03 04:00:00+10:00,0.0,0.0,582.794675,32.666058,0.0,0.0,0.0,1023.0525,120.26
2025-01-03 05:00:00+10:00,0.0,0.0,594.904275,43.320492,3.696,0.0,0.0,1050.145,119.603333
2025-01-03 06:00:00+10:00,0.0,0.0,618.213717,28.987733,33.471,0.0,0.0,1029.740833,118.828333
2025-01-03 07:00:00+10:00,0.0,0.0,633.576817,13.991342,89.579,0.0,0.0,1012.536667,120.245
2025-01-03 08:00:00+10:00,0.0,0.0,574.696742,22.445233,147.684,0.0,0.0,969.9125,120.18
2025-01-03 09:00:00+10:00,0.0,0.0,526.009808,22.009867,196.0745,0.0,0.0,946.309167,120.176667
2025-01-03 10:00:00+10:00,0.0,0.0,488.5263,26.0535,227.5035,0.0,0.0,908.459167,120.26
2025-01-03 11:00:00+10:00,0.0,0.0,463.728025,30.931717,241.2425,0.0,0.0,894.355833,120.193333
2025-01-03 12:00:00+10:00,0.0,0.0,454.684608,46.089958,242.543,0.0,0.0,882.806667,118.976667
2025-01-03 13:00:00+10:00,0.0,0.0,414.111325,68.934167,248.0095,0.0,0.0,865.584167,115.993333
2025-01-03 14:00:00+10:00,0.0,0.0,437.845833,61.885833,242.508,0.0,0.0,880.6575,119.593333
2025-01-03 15:00:00+10:00,0.0,0.0,499.769217,42.9525,222.5195,0.0,0.0,930.720833,120.421667
2025-01-03 16:00:00+10:00,0.0,0.0,575.7893,41.480992,178.9145,0.0,0.0,1000.650833,120.340833
2025-01-03 17:00:00+10:00,0.0,0.0,779.553225,44.933517,111.2035,0.0,0.0,1073.578333,114.905
2025-01-03 18:00:00+10:00,0.0,0.0,1418.425167,44.664917,52.026,0.0,0.0,1146.9225,147.34
2025-01-03 19:00:00+10:00,0.0,11.859975,1682.64785,66.652425,15.1965,0.0,0.0,1135.694167,164.551667
2025-01-03 20:00:00+10:00,0.0,55.98855,1618.626133,80.560958,0.502,0.0,0.0,1132.0125,124.785
2025-01-03 21:00:00+10:00,0.0,56.804167,1470.296767,88.5228,0.0,0.0,0.0,1094.179167,120.5125
2025-01-03 22:00:00+10:00,0.0,39.282017,1366.614708,118.394008,0.0,0.0,0.0,1017.930833,120.970833
2025-01-03 23:00:00+10:00,0.0,0.0,1150.312825,169.009358,0.0,0.0,0.0,961.535833,117.190833
2025-01-04 00:00:00+10:00,0.0,0.0,1011.857375,231.6282,0.0,0.0,0.0,918.034167,102.589167
2025-01-04 01:00:00+10:00,0.0,0.0,1035.693842,245.633425,0.0,0.0,0.0,904.0825,102.281667
2025-01-04 02:00:00+10:00,0.0,0.0,749.458058,250.16685,0.0,0.0,0.0,878.4275,112.168333
2025-01-04 03:00:00+10:00,0.0,0.0,586.966775,272.633758,0.0,0.0,0.0,871.030833,95.63
2025-01-04 04:00:00+10:00,0.0,0.0,597.643242,278.138258,0.0,0.0,0.0,871.673333,93.5225
2025-01-04 05:00:00+10:00,0.0,0.0,500.949442,257.679992,2.7205,0.0,0.0,883.048333,75.741667
2025-01-04 06:00:00+10:00,0.0,0.0,369.568575,243.541825,29.302,0.0,0.0,899.005833,8.755
2025-01-04 07:00:00+10:00,0.0,0.0,399.454008,197.371758,85.689,0.0,0.0,911.715833,102.461667
2025-01-04 08:00:00+10:00,0.0,0.0,406.742025,166.032467,148.375,0.0,0.0,887.350833,119.51
2025-01-04 09:00:00+10:00,0.0,0.0,388.029767,158.102767,195.707,0.0,0.0,852.47,74.126667
2025-01-04 10:00:00+10:00,0.0,0.0,356.402042,161.809525,223.5915,0.0,0.0,852.3075,36.035833
2025-01-04 11:00:00+10:00,0.0,0.0,377.781292,143.560017,231.2125,0.0,0.0,889.084167,50.31
2025-01-04 12:00:00+10:00,0.0,0.0,440.724283,111.341117,227.6125,0.0,0.0,924.748333,94.4825
2025-01-04 13:00:00+10:00,0.0,0.0,513.064817,81.900467,189.66,0.0,0.0,953.779167,121.129167
2025-01-04 14:00:00+10:00,0.0,0.0,552.256167,72.032892,175.487,0.0,0.0,1006.534167,120.4775
2025-01-04 15:00:00+10:00,0.0,0.0,645.612492,70.461408,150.6345,0.0,0.0,1054.511667,127.069167
2025-01-04 16:00:00+10:00,0.0,0.0,1125.194317,39.413983,118.6775,0.0,0.0,1087.171667,114.34
2025-01-04 17:00:00+10:00,0.0,0.0,1383.932383,40.9971,97.4145,0.0,0.0,1133.585833,120.425
2025-01-04 18:00:00+10:00,0.0,0.0,1692.085458,36.167283,41.675,0.0,0.0,1181.615833,126.425833
2025-01-04 19:00:00+10:00,0.0,25.185158,1748.722917,20.50025,11.031,0.0,0.0,1183.090833,131.9375
2025-01-04 20:00:00+10:00,0.0,53.62795,1719.881867,12.261308,0.2235,0.0,0.0,1173.405,124.543333
2025-01-04 21:00:00+10:00,0.0,54.157033,1395.342542,41.129925,0.0,0.0,0.0,1123.399167,118.631667
2025-01-04 22:00:00+10:00,0.0,9.810325,1222.644875,30.391883,0.0,0.0,0.0,1082.353333,116.01
2025-01-04 23:00:00+10:00,0.0,0.0,1220.700767,25.54895,0.0,0.0,0.0,1052.990833,119.546667
2025-01-05 00:00:00+10:00,0.0,0.0,1034.304767,48.802208,0.0,0.0,0.0,1032.175,108.6425
2025-01-05 01:00:00+10:00,0.0,0.0,694.140667,81.771925,0.0,0.0,0.0,1004.425,99.9125
2025-01-05 02:00:00+10:00,0.0,0.0,513.527392,64.156067,0.0,0.0,0.0,1001.459167,102.8775
2025-01-05 03:00:00+10:00,0.0,0.0,526.404292,36.76245,0.0,0.0,0.0,998.373333,116.248333
2025-01-05 04:00:00+10:00,0.0,0.0,536.657917,37.48705,0.0,0.0,0.0,999.935833,115.153333
2025-01-05 05:00:00+10:00,0.0,0.0,557.025525,35.252942,2.5475,0.0,0.0,1013.691667,115.736667
2025-01-05 06:00:00+10:00,0.0,0.0,583.939258,40.925258,18.955,0.0,0.0,1029.9775,122.856667
2025-01-05 07:00:00+10:00,0.0,0.0,591.801458,40.717117,46.457,0.0,0.0,1045.549167,125.226667
2025-01-05 08:00:00+10:00,0.0,0.0,584.231175,56.3075,81.821,0.0,0.0,1045.6425,120.26
2025-01-05 09:00:00+10:00,0.0,0.0,549.334883,73.051517,122.6175,0.0,0.0,1035.534167,112.355
2025-01-05 10:00:00+10:00,0.0,0.0,499.478875,104.387242,149.0595,0.0,0.0,999.681667,120.26
2025-01-05 11:00:00+10:00,0.0,0.0,440.196817,131.97135,154.7835,0.0,0.0,931.013333,120.26
2025-01-05 12:00:00+10:00,0.0,0.0,353.000458,154.314325,198.943,0.0,0.0,867.7825,119.343333
2025-01-05 13:00:00+10:00,0.0,0.0,356.322025,193.501558,228.8,0.0,0.0,863.1025,107.694167
2025-01-05 14:00:00+10:00,0.0,0.0,630.3352,223.462933,214.8305,0.0,0.0,936.398333,101.14
2025-01-05 15:00:00+10:00,0.0,0.0,1045.31735,238.145092,163.293,0.0,0.0,1056.239167,134.77
2025-01-05 16:00:00+10:00,0.0,0.0,1196.598858,162.273325,66.2125,0.0,0.0,1150.476667,105.144167
2025-01-05 17:00:00+10:00,0.0,0.0,1175.346608,161.96345,51.9805,0.0,0.0,1159.19,96.230833
2025-01-05 18:00:00+10:00,0.0,0.0,1273.212667,242.009708,37.2295,0.0,0.0,1131.904167,111.673333
2025-01-05 19:00:00+10:00,0.0,0.0,1432.026117,338.015508,10.4555,0.0,0.0,1110.613333,120.984167
2025-01-05 20:00:00+10:00,0.0,0.0,1387.6958,234.101817,0.102,0.0,0.0,1128.296667,117.8275
2025-01-05 21:00:00+10:00,0.0,0.0,1236.011267,149.744933,0.0,0.0,0.0,1082.215,106.460833
2025-01-05 22:00:00+10:00,0.0,0.0,1211.08675,139.582983,0.0,0.0,0.0,1076.393333,115.945
2025-01-05 23:00:00+10:00,0.0,0.0,1073.793392,187.583883,0.0,0.0,0.0,1055.065,86.8125
2025-01-06 00:00:00+10:00,0.0,0.0,938.845125,103.0047,0.0,0.0,0.0,1032.191667,77.870833
2025-01-06 01:00:00+10:00,0.0,0.0,782.373925,136.356317,0.0,0.0,0.0,1018.4725,75.206667
2025-01-06 02:00:00+10:00,0.0,0.0,744.548742,208.927525,0.0,0.0,0.0,992.6775,64.146667
2025-01-06 03:00:00+10:00,0.0,0.0,709.682092,263.516883,0.0,0.0,0.0,968.786667,60.868333
2025-01-06 04:00:00+10:00,0.0,0.0,736.775625,212.340775,0.0,0.0,0.0,982.610833,86.511667
2025-01-06 05:00:00+10:00,0.0,0.0,796.183492,203.0104,1.902,0.0,0.0,1011.3075,79.996667
2025-01-06 06:00:00+10:00,0.0,0.0,706.635175,261.254133,23.21,0.0,0.0,1047.335,81.213333
2025-01-06 07:00:00+10:00,0.0,0.0,667.727667,263.1078,50.5555,0.0,0.0,1058.7325,94.261667
2025-01-06 08:00:00+10:00,0.0,0.0,791.447092,272.480708,62.6065,0.0,0.0,1054.0475,153.163333
2025-01-06 09:00:00+10:00,0.0,0.0,753.741208,294.776167,72.4715,0.0,0.0,1028.903333,94.521667
2025-01-06 10:00:00+10:00,0.0,0.0,424.127108,324.0165,73.866,0.0,0.0,1011.231667,54.340833
2025-01-06 11:00:00+10:00,0.0,0.0,422.904783,294.730508,81.395,0.0,0.0,1004.88,110.585
2025-01-06 12:00:00+10:00,0.0,0.0,448.285092,249.02365,85.9705,0.0,0.0,974.156667,120.26
2025-01-06 13:00:00+10:00,0.0,0.0,400.501825,276.7914,112.052,0.0,0.0,942.469167,110.385833
2025-01-06 14:00:00+10:00,0.0,0.0,344.610333,322.808842,133.1245,0.0,0.0,923.125833,26.915
2025-01-06 15:00:00+10:00,0.0,0.0,299.212133,349.879792,130.6595,0.0,0.0,918.104167,11.755
2025-01-06 16:00:00+10:00,0.0,0.0,321.735475,353.156908,119.7395,0.0,0.0,956.690833,120.26
2025-01-06 17:00:00+10:00,0.0,0.0,357.414467,364.507133,72.2155,0.0,0.0,972.244167,120.26
2025-01-06 18:00:00+10:00,0.0,0.0,347.069158,344.4848,34.3145,0.0,0.0,976.308333,120.26
2025-01-06 19:00:00+10:00,0.0,0.0,331.309267,354.718433,16.1385,0.0,0.0,998.214167,120.26
2025-01-06 20:00:00+10:00,0.0,0.0,340.030475,334.843917,0.562,0.0,0.0,995.628333,120.26
2025-01-06 21:00:00+10:00,0.0,0.0,355.430467,297.226883,0.0,0.0,0.0,978.9375,120.26
2025-01-06 22:00:00+10:00,0.0,0.0,334.226633,263.556642,0.0,0.0,0.0,943.701667,120.26
2025-01-06 23:00:00+10:00,0.0,0.0,350.237275,212.795308,0.0,0.0,0.0,915.701667,120.26
2025-01-07 00:00:00+10:00,0.0,0.0,363.297292,195.599383,0.0,0.0,0.0,902.63,133.034167
2025-01-07 01:00:00+10:00,0.0,0.0,371.707183,178.6551,0.0,0.0,0.0,891.0525,120.26
2025-01-07 02:00:00+10:00,0.0,0.0,367.353858,163.488242,0.0,0.0,0.0,897.0525,120.26
2025-01-07 03:00:00+10:00,0.0,0.0,387.965733,145.259958,0.0,0.0,0.0,907.665833,120.26
2025-01-07 04:00:00+10:00,0.0,0.0,449.542967,125.383933,0.0,0.0,0.0,947.575,125.23
2025-01-07 05:00:00+10:00,0.0,0.0,498.58225,133.4175,2.665,0.0,0.0,995.06,136.08
2025-01-07 06:00:00+10:00,0.0,0.0,529.223992,124.581533,26.2565,0.0,0.0,1002.99,140.28
2025-01-07 07:00:00+10:00,0.0,0.0,536.144092,112.185833,84.418,0.0,0.0,984.720833,140.28
2025-01-07 08:00:00+10:00,0.0,0.0,495.9204,112.7275,146.375,0.0,0.0,934.706667,124.960833
2025-01-07 09:00:00+10:00,0.0,0.0,479.055492,90.144167,191.6965,0.0,0.0,896.711667,140.911667
2025-01-07 10:00:00+10:00,0.0,0.0,453.993675,85.781667,224.23,0.0,0.0,875.5325,140.963333
2025-01-07 11:00:00+10:00,0.0,0.0,390.128342,82.910833,234.2935,0.0,0.0,852.595,140.65
2025-01-07 12:00:00+10:00,0.0,0.0,376.935917,90.299483,247.478,0.0,0.0,859.411667,140.438333
2025-01-07 13:00:00+10:00,0.0,0.0,337.541625,123.263333,249.1945,0.0,0.0,885.913333,140.665
2025-01-07 14:00:00+10:00,0.0,0.0,368.489,121.295833,239.501,0.0,0.0,900.8825,144.629167
2025-01-07 15:00:00+10:00,0.0,0.0,383.123708,127.468733,212.286,0.0,0.0,910.29,135.5125
2025-01-07 16:00:00+10:00,0.0,0.0,452.91775,130.04755,175.8475,0.0,0.0,985.843333,136.660833
2025-01-07 17:00:00+10:00,0.0,0.0,540.365542,118.831292,119.6745,0.0,0.0,1068.5375,141.350833
2025-01-07 18:00:00+10:00,0.0,0.0,598.127992,98.183533,53.014,0.0,0.0,1106.144167,144.179167
2025-01-07 19:00:00+10:00,0.0,0.0,632.189742,68.996142,14.2615,0.0,0.0,1127.201667,141.268333
2025-01-07 20:00:00+10:00,0.0,0.0,671.251908,56.3206,0.3665,0.0,0.0,1142.661667,141.583333
2025-01-07 21:00:00+10:00,0.0,0.0,666.323067,30.281825,0.0,0.0,0.0,1109.879167,141.215833
2025-01-07 22:00:00+10:00,0.0,0.0,625.093175,23.241008,0.0,0.0,0.0,1056.875,160.235
2025-01-07 23:00:00+10:00,0.0,0.0,563.43785,43.906667,0.0,0.0,0.0,1008.588333,142.609167
2025-01-08 00:00:00+10:00,0.0,0.0,536.572692,58.75385,0.0,0.0,0.0,1005.554167,143.77
2025-01-08 01:00:00+10:00,0.0,0.0,537.880467,74.595792,0.0,0.0,0.0,1008.009167,140.28
2025-01-08 02:00:00+10:00,0.0,0.0,503.471,89.909308,0.0,0.0,0.0,991.714167,136.92
2025-01-08 03:00:00+10:00,0.0,0.0,503.590342,81.192108,0.0,0.0,0.0,936.4875,140.28
2025-01-08 04:00:00+10:00,0.0,0.0,518.129933,76.825833,0.0,0.0,0.0,919.394167,140.28
2025-01-08 05:00:00+10:00,0.0,0.0,551.343275,63.6425,2.9095,0.0,0.0,956.32,141.709167
2025-01-08 06:00:00+10:00,0.0,0.0,601.39415,79.76,29.909,0.0,0.0,1009.128333,141.1225
2025-01-08 07:00:00+10:00,0.0,0.0,578.484942,61.195258,81.0235,0.0,0.0,915.8025,139.901667
2025-01-08 08:00:00+10:00,0.0,0.0,452.03585,100.857408,142.1675,0.0,0.0,805.575,140.078333
2025-01-08 09:00:00+10:00,0.0,0.0,394.359608,103.606767,190.329,0.0,0.0,772.598333,140.06
2025-01-08 10:00:00+10:00,0.0,0.0,374.440467,119.708333,225.908,0.0,0.0,782.19,140.06
2025-01-08 11:00:00+10:00,0.0,0.0,322.317725,149.486008,239.9485,0.0,0.0,761.289167,136.06
2025-01-08 12:00:00+10:00,0.0,0.0,308.84215,148.357425,247.313,0.0,0.0,764.774167,135.78
2025-01-08 13:00:00+10:00,0.0,0.0,319.364625,164.378642,247.0475,0.0,0.0,770.715833,132.535833
2025-01-08 14:00:00+10:00,0.0,0.0,315.558433,188.587492,237.4395,0.0,0.0,800.854167,128.426667
2025-01-08 15:00:00+10:00,0.0,0.0,328.897325,219.904317,212.188,0.0,0.0,832.0025,115.931667
2025-01-08 16:00:00+10:00,0.0,0.0,409.465433,240.137742,149.3815,0.0,0.0,912.193333,95.099167
2025-01-08 17:00:00+10:00,0.0,0.0,546.220525,237.027675,90.5055,0.0,0.0,982.069167,109.886667
2025-01-08 18:00:00+10:00,0.0,32.035792,1016.855958,228.563392,50.509,0.0,0.0,1029.583333,117.815
2025-01-08 19:00:00+10:00,0.0,55.251058,1310.521842,237.081342,12.9795,0.0,0.0,1044.1175,118.263333
2025-01-08 20:00:00+10:00,0.0,38.45335,1225.005475,241.797467,0.192,0.0,0.0,1031.65,97.665833
2025-01-08 21:00:00+10:00,0.0,0.0,869.98635,284.171425,0.0,0.0,0.0,1009.168333,92.354167
2025-01-08 22:00:00+10:00,0.0,0.0,459.2747,227.060208,0.0,0.0,0.0,953.203333,117.759167
2025-01-08 23:00:00+10:00,0.0,0.0,451.577142,223.119758,0.0,0.0,0.0,927.936667,118.579167
2025-01-09 00:00:00+10:00,0.0,0.0,454.665333,246.991258,0.0,0.0,0.0,919.898333,120.781667
2025-01-09 01:00:00+10:00,0.0,0.0,608.540233,270.483308,0.0,0.0,0.0,909.813333,128.645833
2025-01-09 02:00:00+10:00,0.0,0.0,509.363958,294.40015,0.0,0.0,0.0,897.315,105.645
2025-01-09 03:00:00+10:00,0.0,0.0,515.627367,250.454833,0.0,0.0,0.0,907.220833,111.716667
2025-01-09 04:00:00+10:00,0.0,0.0,621.059417,236.848633,0.0,0.0,0.0,934.728333,102.620833
2025-01-09 05:00:00+10:00,0.0,0.0,658.520792,241.766983,2.6465,0.0,0.0,972.5875,111.330833
2025-01-09 06:00:00+10:00,0.0,0.0,509.389125,198.885,22.909,0.0,0.0,980.465,90.120833
2025-01-09 07:00:00+10:00,0.0,0.0,517.303708,157.095125,57.6105,0.0,0.0,968.878333,124.423333
2025-01-09 08:00:00+10:00,0.0,0.0,501.676917,142.681383,110.75,0.0,0.0,921.2975,111.96
2025-01-09 09:00:00+10:00,0.0,0.0,447.193025,147.231667,138.358,0.0,0.0,835.489167,91.021667
2025-01-09 10:00:00+10:00,0.0,0.0,412.074325,127.954167,182.408,0.0,0.0,794.1375,94.9225
2025-01-09 11:00:00+10:00,0.0,0.0,425.100033,129.491083,211.4995,0.0,0.0,835.2425,97.36
2025-01-09 12:00:00+10:00,0.0,0.0,489.124775,129.095975,222.6995,0.0,0.0,839.430833,114.413333
2025-01-09 13:00:00+10:00,0.0,0.0,581.251875,137.001483,227.177,0.0,0.0,839.515,111.604167
2025-01-09 14:00:00+10:00,0.0,0.0,496.6024,162.293933,218.728,0.0,0.0,853.14,93.470833
2025-01-09 15:00:00+10:00,0.0,0.0,672.517283,175.897117,203.133,0.0,0.0,873.096667,117.5225
2025-01-09 16:00:00+10:00,0.0,25.073958,1255.064458,164.591042,158.949,0.0,0.0,972.4325,120.784167
2025-01-09 17:00:00+10:00,0.0,52.613708,1453.8093,165.8765,110.3775,0.0,0.0,1030.851667,129.5875
2025-01-09 18:00:00+10:00,0.0,52.743942,1563.892167,157.480992,58.384,0.0,0.0,1063.4825,141.0725
2025-01-09 19:00:00+10:00,0.0,52.95395,1640.136333,128.191208,15.0565,0.0,0.0,1088.7575,147.79
2025-01-09 20:00:00+10:00,0.0,53.0028,1509.031875,104.397042,0.4105,0.0,0.0,1089.923333,122.505833
2025-01-09 21:00:00+10:00,0.0,53.004425,1404.564408,95.110675,0.0,0.0,0.0,1054.955,131.314167
2025-01-09 22:00:00+10:00,0.0,53.01745,1166.38255,103.611517,0.0,0.0,0.0,980.085833,120.225
2025-01-09 23:00:00+10:00,0.0,9.868933,1009.114467,107.950092,0.0,0.0,0.0,938.964167,127.705833
2025-01-10 00:00:00+10:00,0.0,0.0,985.2238,119.9897,0.0,0.0,0.0,928.305,127.794167
2025-01-10 01:00:00+10:00,0.0,0.0,737.692658,121.5068,0.0,0.0,0.0,911.976667,121.08
2025-01-10 02:00:00+10:00,0.0,0.0,871.210617,108.067583,0.0,0.0,0.0,922.354167,140.324167
2025-01-10 03:00:00+10:00,0.0,0.0,881.932058,119.222975,0.0,0.0,0.0,920.826667,142.7575
2025-01-10 04:00:00+10:00,0.0,0.0,948.317925,124.672308,0.0,0.0,0.0,923.349167,127.4575
2025-01-10 05:00:00+10:00,0.0,0.0,1357.354375,112.682058,2.269,0.0,0.0,985.431667,139.110833
2025-01-10 06:00:00+10:00,0.0,0.0,1047.025567,114.621092,27.6975,0.0,0.0,1006.781667,105.228333
2025-01-10 07:00:00+10:00,0.0,0.0,675.425142,98.22,75.625,0.0,0.0,967.283333,117.366667
2025-01-10 08:00:00+10:00,0.0,0.0,560.190708,115.369167,130.2125,0.0,0.0,938.243333,127.196667
2025-01-10 09:00:00+10:00,0.0,0.0,453.571408,132.506667,182.353,0.0,0.0,881.120833,126.876667
2025-01-10 10:00:00+10:00,0.0,0.0,416.702367,147.5225,220.1585,0.0,0.0,850.228333,120.26
2025-01-10 11:00:00+10:00,0.0,0.0,394.452467,154.928592,225.6095,0.0,0.0,827.945833,120.26
2025-01-10 12:00:00+10:00,0.0,0.0,393.0832,167.468367,227.9925,0.0,0.0,834.939167,121.076667
2025-01-10 13:00:00+10:00,0.0,0.0,371.808808,177.674833,234.8195,0.0,0.0,808.405833,129.278333
2025-01-10 14:00:00+10:00,0.0,0.0,435.205117,184.238133,212.795,0.0,0.0,913.995833,138.576667
2025-01-10 15:00:00+10:00,0.0,0.0,470.995958,175.6177,181.565,0.0,0.0,959.425833,140.281667
2025-01-10 16:00:00+10:00,0.0,0.0,619.168308,166.037167,150.297,0.0,0.0,990.16,134.399167
2025-01-10 17:00:00+10:00,0.0,0.0,625.373608,163.159125,114.4585,0.0,0.0,1029.6,117.621667
2025-01-10 18:00:00+10:00,0.0,0.0,1090.853583,141.727658,51.316,0.0,0.0,1067.831667,157.176667
2025-01-10 19:00:00+10:00,0.0,0.0,1614.767092,115.000242,15.7305,0.0,0.0,1114.990833,139.855833
2025-01-10 20:00:00+10:00,0.0,0.0,1447.995458,99.523083,0.474,0.0,0.0,1106.335833,122.998333
2025-01-10 21:00:00+10:00,0.0,0.0,1284.636758,111.707883,0.0,0.0,0.0,1052.183333,130.7725
2025-01-10 22:00:00+10:00,0.0,0.0,1282.855942,133.892325,0.0,0.0,0.0,1006.764167,122.555
2025-01-10 23:00:00+10:00,0.0,0.0,1287.066967,140.453992,0.0,0.0,0.0,981.100833,125.379167
2025-01-11 00:00:00+10:00,0.0,0.0,1191.021258,172.39735,0.0,0.0,0.0,928.994167,123.259167
2025-01-11 01:00:00+10:00,0.0,0.0,981.720983,251.33305,0.0,0.0,0.0,878.316667,123.094167
2025-01-11 02:00:00+10:00,0.0,0.0,816.836733,220.841375,0.0,0.0,0.0,879.8775,128.540833
2025-01-11 03:00:00+10:00,0.0,0.0,757.356733,192.765492,0.0,0.0,0.0,875.533333,128.900833
2025-01-11 04:00:00+10:00,0.0,0.0,735.476942,228.602058,0.0,0.0,0.0,860.790833,125.205833
2025-01-11 05:00:00+10:00,0.0,0.0,533.496442,249.844908,1.5145,0.0,0.0,850.669167,110.089167
2025-01-11 06:00:00+10:00,0.0,0.0,345.718725,233.383625,22.1905,0.0,0.0,856.989167,117.666667
2025-01-11 07:00:00+10:00,0.0,0.0,356.290675,237.989267,67.404,0.0,0.0,873.576667,120.26
2025-01-11 08:00:00+10:00,0.0,0.0,340.503117,273.689392,99.4025,0.0,0.0,883.8925,120.26
2025-01-11 09:00:00+10:00,0.0,0.0,272.066133,307.8277,148.0695,0.0,0.0,859.4725,120.256667
2025-01-11 10:00:00+10:00,0.0,0.0,293.558833,282.032058,169.102,0.0,0.0,851.098333,120.258333
2025-01-11 11:00:00+10:00,0.0,0.0,272.32045,294.9039,178.4235,0.0,0.0,859.889167,120.254167
2025-01-11 12:00:00+10:00,0.0,0.0,292.514492,291.22845,178.376,0.0,0.0,860.056667,115.2575
2025-01-11 13:00:00+10:00,0.0,0.0,309.58035,305.1306,166.809,0.0,0.0,849.7625,121.046667
2025-01-11 14:00:00+10:00,0.0,0.0,580.407225,312.800283,167.5535,0.0,0.0,895.004167,114.0425
2025-01-11 15:00:00+10:00,0.0,0.0,593.041817,284.569475,146.734,0.0,0.0,946.87,110.264167
2025-01-11 16:00:00+10:00,0.0,0.0,633.752525,252.921958,116.999,0.0,0.0,996.750833,112.398333
2025-01-11 17:00:00+10:00,0.0,0.0,733.267033,245.888083,77.632,0.0,0.0,1046.664167,116.394167
2025-01-11 18:00:00+10:00,0.0,2.614567,962.995417,232.761458,39.7405,0.0,0.0,1055.724167,118.630833
2025-01-11 19:00:00+10:00,0.0,45.471667,1272.623117,215.454592,7.099,0.0,0.0,1016.163333,120.058333
2025-01-11 20:00:00+10:00,0.0,52.633242,1381.047383,201.690675,0.246,0.0,0.0,989.143333,120.005833
2025-01-11 21:00:00+10:00,0.0,52.962083,1296.245792,216.227008,0.0,0.0,0.0,953.788333,118.139167
2025-01-11 22:00:00+10:00,0.0,53.05815,1237.3333,208.012542,0.0,0.0,0.0,918.265,119.040833
2025-01-11 23:00:00+10:00,0.0,36.423258,1244.581658,193.249392,0.0,0.0,0.0,890.655,119.793333
2025-01-12 00:00:00+10:00,0.0,0.0,839.934642,167.260517,0.0,0.0,0.0,846.936667,124.338333
2025-01-12 01:00:00+10:00,0.0,0.0,690.155325,204.551425,0.0,0.0,0.0,848.685,137.005833
2025-01-12 02:00:00+10:00,0.0,0.0,492.182525,217.939183,0.0,0.0,0.0,851.0225,124.561667
2025-01-12 03:00:00+10:00,0.0,0.0,341.750592,235.814742,0.0,0.0,0.0,844.099167,120.244167
2025-01-12 04:00:00+10:00,0.0,0.0,428.867425,197.783783,0.0,0.0,0.0,866.275833,124.824167
2025-01-12 05:00:00+10:00,0.0,0.0,462.485733,159.355,0.849,0.0,0.0,884.371667,127.534167
2025-01-12 06:00:00+10:00,0.0,0.0,417.283308,151.5024,18.055,0.0,0.0,896.339167,120.26
2025-01-12 07:00:00+10:00,0.0,0.0,490.112692,108.996667,50.182,0.0,0.0,935.8575,124.326667
2025-01-12 08:00:00+10:00,0.0,0.0,528.685142,104.776667,73.1745,0.0,0.0,978.76,122.7
2025-01-12 09:00:00+10:00,0.0,0.0,550.417442,72.748833,92.7125,0.0,0.0,989.759167,121.91
2025-01-12 10:00:00+10:00,0.0,0.0,565.444625,64.664842,114.5515,0.0,0.0,984.385833,126.08
2025-01-12 11:00:00+10:00,0.0,0.0,590.722583,61.576917,90.6265,0.0,0.0,974.2025,140.281667
2025-01-12 12:00:00+10:00,0.0,0.0,509.318008,72.419433,116.2905,0.0,0.0,934.175833,132.885833
2025-01-12 13:00:00+10:00,0.0,0.0,475.867092,89.8775,120.9635,0.0,0.0,918.8475,122.2425
2025-01-12 14:00:00+10:00,0.0,0.0,525.385358,49.958417,126.2275,0.0,0.0,928.315,140.261667
2025-01-12 15:00:00+10:00,0.0,0.0,516.443508,101.746342,127.897,0.0,0.0,959.9,141.100833
2025-01-12 16:00:00+10:00,0.0,0.0,638.784775,91.786933,87.213,0.0,0.0,1041.8575,130.039167
2025-01-12 17:00:00+10:00,0.0,0.0,677.393342,76.21315,38.766,0.0,0.0,1065.855833,120.055
2025-01-12 18:00:00+10:00,0.0,3.579967,1030.801875,81.965833,16.0865,0.0,0.0,1051.045833,135.4975
2025-01-12 19:00:00+10:00,0.0,48.704867,1466.440783,93.434842,6.872,0.0,0.0,1041.571667,141.446667
2025-01-12 20:00:00+10:00,0.0,52.93605,1495.957858,65.246925,0.138,0.0,0.0,1032.1925,131.809167
2025-01-12 21:00:00+10:00,0.0,53.129792,1275.18915,45.803333,0.0,0.0,0.0,987.025833,136.776667
2025-01-12 22:00:00+10:00,0.0,53.754925,1224.744175,49.505,0.0,0.0,0.0,958.096667,144.6875
2025-01-12 23:00:00+10:00,0.0,54.137508,1135.7931,43.4175,0.0,0.0,0.0,985.860833,130.608333
2025-01-13 00:00:00+10:00,0.0,54.124492,1069.315158,43.358333,0.0,0.0,0.0,980.963333,140.3375
2025-01-13 01:00:00+10:00,0.0,37.4896,1023.410292,29.85,0.0,0.0,0.0,967.391667,132.9525
2025-01-13 02:00:00+10:00,0.0,0.0,817.52625,33.106667,0.0,0.0,0.0,914.335833,136.201667
2025-01-13 03:00:00+10:00,0.0,0.0,830.67145,34.276667,0.0,0.0,0.0,907.793333,130.048333
2025-01-13 04:00:00+10:00,0.0,0.0,1134.21725,38.008333,0.0,0.0,0.0,963.63,139.941667
2025-01-13 05:00:00+10:00,0.0,0.0,1414.438083,38.108333,0.8835,0.0,0.0,1038.663333,155.7625
2025-01-13 06:00:00+10:00,0.0,0.0,1420.159508,35.330833,17.4985,0.0,0.0,1101.530833,127.755833
2025-01-13 07:00:00+10:00,0.0,0.0,951.725175,35.87,55.312,0.0,0.0,1064.114167,115.4725
2025-01-13 08:00:00+10:00,0.0,0.0,628.531267,22.5475,109.756,0.0,0.0,1006.993333,124.364167
2025-01-13 09:00:00+10:00,0.0,0.0,562.028833,39.470833,140.819,0.0,0.0,953.7725,140.28
2025-01-13 10:00:00+10:00,0.0,0.0,513.270658,54.441667,179.606,0.0,0.0,916.26,140.09
2025-01-13 11:00:00+10:00,0.0,0.0,509.2131,59.3326,206.815,0.0,0.0,925.274167,136.088333
2025-01-13 12:00:00+10:00,0.0,0.0,493.518183,72.683983,210.0785,0.0,0.0,915.439167,131.896667
2025-01-13 13:00:00+10:00,0.0,0.0,509.807983,80.072842,209.1285,0.0,0.0,921.5,131.041667
2025-01-13 14:00:00+10:00,0.0,0.0,520.096142,95.848142,209.8065,0.0,0.0,916.666667,131.73
2025-01-13 15:00:00+10:00,0.0,0.0,568.443592,100.997958,185.893,0.0,0.0,954.7075,134.885
2025-01-13 16:00:00+10:00,0.0,0.0,733.751633,121.745067,135.4925,4.097,0.0,1015.2525,147.058333
2025-01-13 17:00:00+10:00,0.0,0.0,635.040183,127.500492,72.906,0.0,0.0,1052.315833,120.26
2025-01-13 18:00:00+10:00,0.0,0.0,675.205208,151.82045,39.012,0.0,0.0,1051.265,120.2625
2025-01-13 19:00:00+10:00,0.0,0.0,779.018458,133.221167,9.3105,0.0,0.0,1059.438333,151.408333
2025-01-13 20:00:00+10:00,0.0,25.432617,911.502942,138.320033,0.1715,0.0,0.0,1026.696667,151.2475
2025-01-13 21:00:00+10:00,0.0,54.492425,789.365,143.058783,0.0,0.0,0.0,979.629167,137.24
2025-01-13 22:00:00+10:00,0.0,54.341025,753.723717,94.508875,0.0,0.0,0.0,957.301667,135.469167
2025-01-13 23:00:00+10:00,0.0,37.126542,791.724758,72.566667,0.0,0.0,0.0,928.186667,146.205
2025-01-14 00:00:00+10:00,0.0,0.0,754.726442,65.2275,0.0,0.0,0.0,926.35,136.950833
2025-01-14 01:00:00+10:00,0.0,0.0,706.399783,63.695,0.0,0.0,0.0,919.565833,140.280833
2025-01-14 02:00:00+10:00,0.0,0.0,611.018375,62.931667,0.0,0.0,0.0,908.13,133.345
2025-01-14 03:00:00+10:00,0.0,0.0,617.514742,54.5325,0.0,0.0,0.0,915.845833,139.541667
2025-01-14 04:00:00+10:00,0.0,0.0,813.859025,47.135,0.0,0.0,0.0,966.3525,164.188333
2025-01-14 05:00:00+10:00,0.0,0.0,1272.300992,34.804167,0.372,0.0,0.0,1054.139167,207.795833
2025-01-14 06:00:00+10:00,0.0,0.0,1292.307483,34.553333,8.782,0.0,0.0,1126.093333,145.306667
2025-01-14 07:00:00+10:00,0.0,0.0,950.363317,33.334167,29.12,0.0,0.0,1099.0075,137.558333
2025-01-14 08:00:00+10:00,0.0,0.0,642.565625,32.930833,54.184,0.0,0.0,1057.781667,140.3275
2025-01-14 09:00:00+10:00,0.0,0.0,579.501992,35.7925,75.4935,0.0,0.0,1019.795833,141.269167
2025-01-14 10:00:00+10:00,0.0,0.0,537.415217,52.787675,108.014,0.0,0.0,989.4875,140.3025
2025-01-14 11:00:00+10:00,0.0,0.0,517.606758,70.289958,142.389,0.0,0.0,980.405,140.49
2025-01-14 12:00:00+10:00,0.0,0.0,490.170192,75.535475,152.519,0.0,0.0,950.02,140.073333
2025-01-14 13:00:00+10:00,0.0,0.0,470.880708,98.834192,164.6915,0.0,0.0,935.064167,126.706667
2025-01-14 14:00:00+10:00,0.0,0.0,486.811892,93.647542,187.9315,0.0,0.0,953.67,125.04
2025-01-14 15:00:00+10:00,0.0,0.0,529.392325,95.881642,181.518,0.0,0.0,997.753333,136.74
2025-01-14 16:00:00+10:00,0.0,0.0,613.627692,82.631483,126.9285,0.0,0.0,1063.3675,140.398333
2025-01-14 17:00:00+10:00,0.0,24.862825,702.953558,85.571817,91.608,0.0,0.0,1097.880833,170.244167
2025-01-14 18:00:00+10:00,0.0,51.939725,738.275633,109.707033,47.086,0.0,0.0,1062.975,143.430833
2025-01-14 19:00:00+10:00,0.0,51.990167,1093.20285,107.968258,9.119,0.0,0.0,1066.495833,207.55
2025-01-14 20:00:00+10:00,0.0,53.305608,1058.463275,124.481042,0.0515,0.0,0.0,1042.15,160.333333
2025-01-14 21:00:00+10:00,0.0,37.10865,638.664033,143.889358,0.0,0.0,0.0,999.269167,132.6375
2025-01-14 22:00:00+10:00,0.0,0.0,455.845042,146.142383,0.0,0.0,0.0,943.398333,135.073333
2025-01-14 23:00:00+10:00,0.0,0.0,344.5003,224.428617,0.0,0.0,0.0,890.8275,120.04
2025-01-15 00:00:00+10:00,0.0,0.0,355.8719,259.263233,0.0,0.0,0.0,878.378333,124.129167
2025-01-15 01:00:00+10:00,0.0,0.0,397.584558,278.511808,0.0,0.0,0.0,870.044167,132.03
2025-01-15 02:00:00+10:00,0.0,0.0,298.6162,281.356725,0.0,0.0,0.0,865.455,121.496667
2025-01-15 03:00:00+10:00,0.0,0.0,244.030592,292.723975,0.0,0.0,0.0,869.893333,99.296667
2025-01-15 04:00:00+10:00,0.0,0.0,232.896267,327.703633,0.0,0.0,0.0,892.958333,113.8025
2025-01-15 05:00:00+10:00,0.0,0.0,319.333275,346.088,1.841,0.0,0.0,935.821667,123.490833
2025-01-15 06:00:00+10:00,0.0,0.0,283.5813,379.714117,18.102,0.0,0.0,988.615,120.06
2025-01-15 07:00:00+10:00,0.0,0.0,290.980183,375.431775,41.425,0.0,0.0,965.556667,118.8575
2025-01-15 08:00:00+10:00,0.0,0.0,414.246517,242.48925,59.5685,0.0,0.0,960.355833,155.295833
2025-01-15 09:00:00+10:00,0.0,0.0,315.501892,364.162275,67.8415,0.0,0.0,951.089167,84.534167
2025-01-15 10:00:00+10:00,0.0,0.0,404.150242,270.389283,66.4605,0.0,0.0,993.484167,140.106667
2025-01-15 11:00:00+10:00,0.0,0.0,407.829183,295.7231,76.3305,0.0,0.0,986.59,130.076667
2025-01-15 12:00:00+10:00,0.0,0.0,390.600492,324.907975,58.605,0.0,0.0,1001.435833,113.490833
2025-01-15 13:00:00+10:00,0.0,0.0,367.303008,434.208992,61.074,3.861833,0.0,957.755833,-7.235833
2025-01-15 14:00:00+10:00,0.0,0.0,356.398725,409.418692,71.7345,16.285058,0.0,969.595,-12.855
2025-01-15 15:00:00+10:00,0.0,0.0,365.779825,366.695367,52.2735,0.0,0.0,978.511667,86.79
2025-01-15 16:00:00+10:00,0.0,0.0,399.18165,370.953183,48.174,0.0,0.0,1000.531667,125.0675
2025-01-15 17:00:00+10:00,0.0,0.0,360.031508,425.6586,28.219,0.0,0.0,1052.404167,120.06
2025-01-15 18:00:00+10:00,0.0,0.0,302.110333,475.696042,18.3465,0.885417,0.0,1031.813333,14.813333
2025-01-15 19:00:00+10:00,0.0,0.0,282.156408,464.580017,10.6655,2.3795,0.0,1019.6075,13.343333
2025-01-15 20:00:00+10:00,0.0,0.0,241.521308,498.5503,0.4355,9.46625,0.0,1007.206667,21.614167
2025-01-15 21:00:00+10:00,0.0,0.0,217.50435,500.101533,0.0,10.326083,0.0,973.481667,40.800833
2025-01-15 22:00:00+10:00,0.0,0.0,201.27675,498.103475,0.0,8.00825,0.0,927.71,84.4075
2025-01-15 23:00:00+10:00,0.0,0.0,189.403425,462.381967,0.0,7.978583,0.0,897.98,103.245
2025-01-16 00:00:00+10:00,0.0,0.0,154.295733,411.66205,0.0,6.901417,0.0,885.025,101.984167
2025-01-16 01:00:00+10:00,0.0,0.0,163.058842,377.601233,0.0,1.244833,0.0,866.313333,107.37
2025-01-16 02:00:00+10:00,0.0,0.0,193.9311,329.396233,0.0,0.0,0.0,876.9675,106.175833
2025-01-16 03:00:00+10:00,0.0,0.0,204.354375,314.444542,0.0,0.0,0.0,887.073333,112.996667
2025-01-16 04:00:00+10:00,0.0,0.0,334.124075,236.314433,0.0,0.0,0.0,917.980833,140.1875
2025-01-16 05:00:00+10:00,0.0,0.0,519.244475,215.830275,1.1655,0.0,0.0,981.8925,141.198333
2025-01-16 06:00:00+10:00,0.0,0.0,501.932267,185.583533,24.5935,0.0,0.0,1029.064167,122.336667
2025-01-16 07:00:00+10:00,0.0,0.0,486.0515,138.314317,75.111,0.0,0.0,1007.405,130.315
2025-01-16 08:00:00+10:00,0.0,0.0,496.013575,108.0333,126.579,0.0,0.0,978.089167,152.2925
2025-01-16 09:00:00+10:00,0.0,0.0,426.751725,104.573783,185.43,0.0,0.0,931.3,134.524167
2025-01-16 10:00:00+10:00,0.0,0.0,429.779925,93.027608,211.8545,0.0,0.0,916.2975,141.723333
2025-01-16 11:00:00+10:00,0.0,0.0,403.382258,120.182917,211.928,0.0,0.0,906.356667,140.68
2025-01-16 12:00:00+10:00,0.0,0.0,394.065942,130.047092,209.631,0.0,0.0,892.801667,140.575833
2025-01-16 13:00:00+10:00,0.0,0.0,366.016883,150.5249,186.47,0.0,0.0,863.725,138.0525
2025-01-16 14:00:00+10:00,0.0,0.0,308.826275,198.375258,171.2845,0.0,0.0,873.739167,91.998333
2025-01-16 15:00:00+10:00,0.0,0.0,335.040517,197.311633,165.121,0.0,0.0,878.958333,77.406667
2025-01-16 16:00:00+10:00,0.0,0.0,402.677317,188.539442,144.3,0.0,0.0,935.825833,120.069167
2025-01-16 17:00:00+10:00,0.0,0.0,491.745683,163.780308,107.801,0.0,0.0,1012.689167,120.08
2025-01-16 18:00:00+10:00,0.0,0.0,580.024625,105.84025,54.004,0.0,0.0,1059.614167,138.515833
2025-01-16 19:00:00+10:00,0.0,0.0,665.4494,108.515517,11.267,0.0,0.0,1082.353333,152.611667
2025-01-16 20:00:00+10:00,0.0,0.0,608.731267,130.756625,0.183,0.0,0.0,1084.605833,134.13
2025-01-16 21:00:00+10:00,0.0,0.0,701.107883,147.002325,0.0,0.0,0.0,1053.193333,174.535833
2025-01-16 22:00:00+10:00,0.0,0.0,630.583058,133.11485,0.0,0.0,0.0,1004.119167,132.920833
2025-01-16 23:00:00+10:00,0.0,0.0,440.969742,138.859883,0.0,0.0,0.0,966.616667,119.83
2025-01-17 00:00:00+10:00,0.0,0.0,441.514067,126.884975,0.0,0.0,0.0,938.415,120.08
2025-01-17 01:00:00+10:00,0.0,0.0,444.983133,125.051625,0.0,0.0,0.0,923.423333,120.08
2025-01-17 02:00:00+10:00,0.0,0.0,452.057083,96.1718,0.0,0.0,0.0,917.916667,120.08
2025-01-17 03:00:00+10:00,0.0,0.0,498.759775,70.780283,0.0,0.0,0.0,931.493333,120.08
2025-01-17 04:00:00+10:00,0.0,0.0,489.405275,102.7887,0.0,0.0,0.0,955.640833,120.08
2025-01-17 05:00:00+10:00,0.0,0.0,466.330783,173.732175,1.5015,0.0,0.0,1001.2475,120.08
2025-01-17 06:00:00+10:00,0.0,0.0,512.282533,170.39115,23.142,0.0,0.0,1050.564167,120.08
2025-01-17 07:00:00+10:00,0.0,0.0,514.35165,166.035917,78.3245,0.0,0.0,1051.5625,120.08
2025-01-17 08:00:00+10:00,0.0,0.0,446.165117,199.014633,128.957,0.0,0.0,1001.2375,120.08
2025-01-17 09:00:00+10:00,0.0,0.0,395.099267,180.249725,178.649,0.0,0.0,919.8875,120.0725
2025-01-17 10:00:00+10:00,0.0,0.0,310.168908,209.512067,219.5805,2.615833,0.0,860.0775,47.455
2025-01-17 11:00:00+10:00,0.0,0.0,268.340208,226.438017,236.173,0.0,0.0,832.913333,119.935
2025-01-17 12:00:00+10:00,0.0,0.0,240.667158,233.275792,233.957,3.753508,0.0,822.1525,17.410833
2025-01-17 13:00:00+10:00,0.0,0.0,236.094,218.438108,235.03,8.999883,0.0,818.99,15.410833
2025-01-17 14:00:00+10:00,0.0,0.0,235.6727,216.466558,237.3795,9.967217,0.0,823.24,31.860833
2025-01-17 15:00:00+10:00,0.0,0.0,248.147808,239.543308,219.3405,0.218692,0.0,871.123333,105.524167
2025-01-17 16:00:00+10:00,0.0,0.0,322.96295,239.27525,179.2365,1.949775,0.0,963.834167,61.854167
2025-01-17 17:00:00+10:00,0.0,0.0,428.758342,217.908417,114.173,0.0,0.0,1033.165833,120.08
2025-01-17 18:00:00+10:00,0.0,0.0,485.32095,218.99715,47.464,0.0,0.0,1046.256667,120.070833
2025-01-17 19:00:00+10:00,0.0,0.0,484.03795,205.139258,10.5525,0.0,0.0,1032.7,120.08
2025-01-17 20:00:00+10:00,0.0,0.0,511.986183,167.148183,0.098,0.0,0.0,1019.439167,120.08
2025-01-17 21:00:00+10:00,0.0,0.0,474.276133,162.853383,0.0,0.0,0.0,984.4325,120.08
2025-01-17 22:00:00+10:00,0.0,0.0,452.834,146.22065,0.0,0.0,0.0,969.214167,120.08
2025-01-17 23:00:00+10:00,0.0,0.0,432.177483,132.656617,0.0,0.0,0.0,936.666667,120.08
2025-01-18 00:00:00+10:00,0.0,0.0,437.145467,131.347717,0.0,0.0,0.0,926.5975,120.08
2025-01-18 01:00:00+10:00,0.0,0.0,428.552983,141.043333,0.0,0.0,0.0,913.1625,120.08
2025-01-18 02:00:00+10:00,0.0,0.0,418.011583,142.875833,0.0,0.0,0.0,899.450833,120.08
2025-01-18 03:00:00+10:00,0.0,0.0,421.514517,143.849325,0.0,0.0,0.0,890.26,120.08
2025-01-18 04:00:00+10:00,0.0,0.0,444.285733,140.434167,0.0,0.0,0.0,897.174167,120.061667
2025-01-18 05:00:00+10:00,0.0,0.0,417.924108,178.029425,1.2735,0.0,0.0,917.300833,120.06
2025-01-18 06:00:00+10:00,0.0,0.0,442.29115,155.862458,23.054,0.0,0.0,921.269167,120.06
2025-01-18 07:00:00+10:00,0.0,0.0,447.719075,174.573108,73.9985,0.0,0.0,918.371667,120.06
2025-01-18 08:00:00+10:00,0.0,0.0,397.822258,199.187467,128.398,0.0,0.0,898.616667,120.06
2025-01-18 09:00:00+10:00,0.0,0.0,327.278667,223.718083,176.5275,0.0,0.0,849.633333,120.06
2025-01-18 10:00:00+10:00,0.0,0.0,304.125683,206.014792,217.657,0.0,0.0,800.954167,120.06
2025-01-18 11:00:00+10:00,0.0,0.0,246.764258,217.157933,232.6275,0.0,0.0,781.313333,120.06
2025-01-18 12:00:00+10:00,0.0,0.0,254.922867,190.805825,243.936,0.0,0.0,768.231667,120.06
2025-01-18 13:00:00+10:00,0.0,0.0,228.8747,215.3572,247.5915,0.0,0.0,769.709167,120.06
2025-01-18 14:00:00+10:00,0.0,0.0,228.85895,233.988367,240.065,0.0,0.0,783.469167,120.058333
2025-01-18 15:00:00+10:00,0.0,0.0,270.613775,242.704017,214.626,0.0,0.0,821.998333,120.06
2025-01-18 16:00:00+10:00,0.0,0.0,349.329442,252.830933,173.536,0.0,0.0,889.0675,120.06
2025-01-18 17:00:00+10:00,0.0,0.0,417.543758,258.956525,123.3845,0.0,0.0,962.0525,120.06
2025-01-18 18:00:00+10:00,0.0,0.0,461.986108,246.812067,59.741,0.0,0.0,996.518333,121.14
2025-01-18 19:00:00+10:00,0.0,0.0,522.672275,230.12475,13.248,0.0,0.0,992.943333,121.8175
2025-01-18 20:00:00+10:00,0.0,0.0,492.373325,192.700767,0.184,0.0,0.0,1002.813333,115.693333
2025-01-18 21:00:00+10:00,0.0,0.0,415.032667,243.689975,0.0,0.0,0.0,960.3025,115.540833
2025-01-18 22:00:00+10:00,0.0,0.0,356.735717,262.365325,0.0,0.0,0.0,912.654167,120.06
2025-01-18 23:00:00+10:00,0.0,0.0,363.35905,227.337342,0.0,0.0,0.0,883.068333,120.06
2025-01-19 00:00:00+10:00,0.0,0.0,330.267608,229.506117,0.0,0.0,0.0,868.920833,120.06
2025-01-19 01:00:00+10:00,0.0,0.0,374.769308,184.960492,0.0,0.0,0.0,857.698333,120.06
2025-01-19 02:00:00+10:00,0.0,0.0,351.256683,194.255525,0.0,0.0,0.0,856.615833,120.06
2025-01-19 03:00:00+10:00,0.0,0.0,338.845575,207.242625,0.0,0.0,0.0,844.8525,110.533333
2025-01-19 04:00:00+10:00,0.0,0.0,330.179058,230.638658,0.0,0.0,0.0,854.73,103.6225
2025-01-19 05:00:00+10:00,0.0,0.0,351.348233,208.356667,1.206,0.0,0.0,862.329167,120.08
2025-01-19 06:00:00+10:00,0.0,0.0,383.194967,183.5959,21.2795,0.0,0.0,875.585,48.224167
2025-01-19 07:00:00+10:00,0.0,0.0,416.078583,161.827533,63.844,0.0,0.0,878.258333,128.330833
2025-01-19 08:00:00+10:00,0.0,0.0,401.040833,161.472008,126.4925,0.0,0.0,865.451667,119.33
2025-01-19 09:00:00+10:00,0.0,0.0,402.39145,141.459908,165.8565,0.0,0.0,845.373333,120.08
2025-01-19 10:00:00+10:00,0.0,0.0,364.084833,158.550775,193.1955,0.0,0.0,808.781667,120.08
2025-01-19 11:00:00+10:00,0.0,0.0,329.849392,184.859208,221.52,0.0,0.0,791.1425,120.08
2025-01-19 12:00:00+10:00,0.0,0.0,320.481833,213.945117,215.4005,0.0,0.0,793.855,120.08
2025-01-19 13:00:00+10:00,0.0,0.0,344.157917,185.51845,208.3005,0.0,0.0,801.874167,120.08
2025-01-19 14:00:00+10:00,0.0,0.0,351.003283,201.879692,208.473,0.0,0.0,812.633333,124.464167
2025-01-19 15:00:00+10:00,0.0,2.661775,649.6875,213.230833,183.076,0.0,0.0,865.556667,122.286667
2025-01-19 16:00:00+10:00,0.0,48.538808,833.708192,186.844325,137.4285,0.0,0.0,939.955,150.956667
2025-01-19 17:00:00+10:00,0.0,52.012983,900.054933,213.958825,96.6975,0.0,0.0,995.311667,111.7575
2025-01-19 18:00:00+10:00,0.0,52.025983,974.975558,203.556925,42.029,0.0,0.0,1005.5425,164.49
2025-01-19 19:00:00+10:00,0.0,54.036583,1183.971917,207.412483,13.7525,0.0,0.0,1013.1075,172.361667
2025-01-19 20:00:00+10:00,0.0,54.998708,1056.107458,203.278683,0.6955,0.0,0.0,1019.239167,138.6975
2025-01-19 21:00:00+10:00,0.0,55.500142,987.824842,208.277475,0.0,0.0,0.0,980.56,119.468333
2025-01-19 22:00:00+10:00,0.0,38.559192,818.057667,220.143683,0.0,0.0,0.0,936.595833,111.810833
2025-01-19 23:00:00+10:00,0.0,0.0,438.610258,192.816808,0.0,0.0,0.0,874.859167,116.834167
2025-01-20 00:00:00+10:00,0.0,0.0,529.6591,171.726333,0.0,0.0,0.0,858.641667,119.8525
2025-01-20 01:00:00+10:00,0.0,0.0,607.996017,166.944933,0.0,0.0,0.0,855.445833,120.1675
2025-01-20 02:00:00+10:00,0.0,0.0,608.465417,135.522992,0.0,0.0,0.0,860.3625,120.495833
2025-01-20 03:00:00+10:00,0.0,0.0,591.735342,124.627508,0.0,0.0,0.0,877.359167,121.986667
2025-01-20 04:00:00+10:00,0.0,0.0,601.200475,104.188542,0.0,0.0,0.0,916.758333,124.388333
2025-01-20 05:00:00+10:00,0.0,0.0,718.757542,76.690858,0.213,0.0,0.0,979.98,142.845833
2025-01-20 06:00:00+10:00,0.0,0.0,844.357425,94.136367,9.491,0.0,0.0,1028.4675,148.01
2025-01-20 07:00:00+10:00,0.0,0.0,661.652333,107.605,30.6085,0.0,0.0,1033.2325,141.553333
2025-01-20 08:00:00+10:00,0.0,0.0,643.135392,79.279167,54.7745,0.0,0.0,1030.323333,157.566667
2025-01-20 09:00:00+10:00,0.0,0.0,646.09965,68.769167,68.087,0.0,0.0,1018.240833,140.455833
2025-01-20 10:00:00+10:00,0.0,0.0,683.09895,65.413333,94.549,0.0,0.0,988.838333,178.889167
2025-01-20 11:00:00+10:00,0.0,25.447267,575.372942,77.119167,116.116,0.0,0.0,944.558333,126.1775
2025-01-20 12:00:00+10:00,0.0,53.385367,591.282675,102.484167,161.1815,0.0,0.0,932.1125,142.496667
2025-01-20 13:00:00+10:00,0.0,53.893317,633.8955,127.2825,163.397,0.0,0.0,917.925,157.4525
2025-01-20 14:00:00+10:00,0.0,53.457008,607.946183,126.9925,176.778,0.0,0.0,924.191667,146.87
2025-01-20 15:00:00+10:00,0.0,53.649117,735.239908,96.726667,174.845,0.0,0.0,973.351667,143.766667
2025-01-20 16:00:00+10:00,0.0,53.3463,805.106658,64.148858,154.0345,0.0,0.0,1046.1225,164.785833
2025-01-20 17:00:00+10:00,0.0,52.88395,935.226917,59.421658,86.827,0.0,0.0,1111.398333,166.985833
2025-01-20 18:00:00+10:00,0.0,53.105342,1188.00005,52.806175,45.9905,0.0,0.0,1131.939167,235.986667
2025-01-20 19:00:00+10:00,0.0,53.9975,1252.348892,27.823642,9.859,0.0,0.0,1127.44,251.271667
2025-01-20 20:00:00+10:00,0.0,37.724017,1197.90885,15.637567,0.118,0.0,0.0,1112.543333,179.65
2025-01-20 21:00:00+10:00,0.0,0.0,860.305992,15.483383,0.0,0.0,0.0,1094.184167,173.6775
2025-01-20 22:00:00+10:00,0.0,0.0,860.88725,8.4675,0.0,0.0,0.0,1053.833333,158.398333
2025-01-20 23:00:00+10:00,0.0,0.0,869.481217,9.531092,0.0,0.0,0.0,1022.988333,170.431667
2025-01-21 00:00:00+10:00,0.0,0.0,848.36325,5.6755,0.0,0.0,0.0,1007.26,153.930833
2025-01-21 01:00:00+10:00,0.0,0.0,765.756483,4.126192,0.0,0.0,0.0,991.914167,142.191667
2025-01-21 02:00:00+10:00,0.0,0.0,629.5013,10.12215,0.0,0.0,0.0,982.403333,142.02
2025-01-21 03:00:00+10:00,0.0,0.0,569.63775,6.293342,0.0,0.0,0.0,983.806667,172.214167
2025-01-21 04:00:00+10:00,0.0,0.0,649.889967,9.698333,0.0,0.0,0.0,1014.481667,156.915
2025-01-21 05:00:00+10:00,0.0,0.0,940.791825,13.265833,0.745,0.0,0.0,1066.644167,181.4975
2025-01-21 06:00:00+10:00,0.0,0.0,992.560592,17.195,17.488,0.0,0.0,1103.000833,190.990833
2025-01-21 07:00:00+10:00,0.0,0.0,843.612958,6.3125,54.811,0.0,0.0,1089.556667,136.689167
2025-01-21 08:00:00+10:00,0.0,0.0,644.035142,11.0225,120.9985,0.0,0.0,1060.991667,139.245
2025-01-21 09:00:00+10:00,0.0,0.0,602.450808,12.725,168.4385,0.0,0.0,1021.529167,140.08
2025-01-21 10:00:00+10:00,0.0,0.0,575.151617,21.849817,198.478,0.0,0.0,982.275833,142.183333
2025-01-21 11:00:00+10:00,0.0,0.0,595.143367,42.165892,227.627,0.0,0.0,965.485833,152.886667
2025-01-21 12:00:00+10:00,0.0,0.0,525.840458,42.62885,237.203,0.0,0.0,959.165833,128.3825
2025-01-21 13:00:00+10:00,0.0,0.0,556.305217,105.852,236.205,0.0,0.0,983.3925,131.709167
2025-01-21 14:00:00+10:00,0.0,0.0,678.19675,98.162983,227.4915,0.0,0.0,992.346667,163.706667
2025-01-21 15:00:00+10:00,0.0,0.0,540.761025,73.08975,198.659,0.0,0.0,1015.1675,126.048333
2025-01-21 16:00:00+10:00,0.0,0.0,597.434058,97.083742,129.6005,0.0,0.0,1087.968333,132.143333
2025-01-21 17:00:00+10:00,0.0,2.013833,706.012417,137.681683,85.247,0.0,0.0,1116.044167,156.919167
2025-01-21 18:00:00+10:00,0.0,47.8697,947.976842,117.210125,31.218,0.0,0.0,1118.92,152.765
2025-01-21 19:00:00+10:00,0.0,53.002808,950.528408,36.9725,10.317,0.0,0.0,1132.335,153.085
2025-01-21 20:00:00+10:00,0.0,53.009317,876.329783,22.41975,0.0615,0.0,0.0,1125.240833,144.26
2025-01-21 21:00:00+10:00,0.0,36.669067,724.246025,60.372317,0.0,0.0,0.0,1055.59,149.094167
2025-01-21 22:00:00+10:00,0.0,0.0,582.801175,107.370883,0.0,0.0,0.0,992.721667,138.89
2025-01-21 23:00:00+10:00,0.0,0.0,448.580642,173.615475,0.0,0.0,0.0,932.576667,132.3075
2025-01-22 00:00:00+10:00,0.0,0.0,388.600442,162.757008,0.0,0.0,0.0,901.75,120.04
2025-01-22 01:00:00+10:00,0.0,0.0,397.699667,157.400392,0.0,0.0,0.0,885.730833,120.04
2025-01-22 02:00:00+10:00,0.0,0.0,391.46195,151.779775,0.0,0.0,0.0,876.3925,120.04
2025-01-22 03:00:00+10:00,0.0,0.0,411.673458,149.045608,0.0,0.0,0.0,879.336667,122.54
2025-01-22 04:00:00+10:00,0.0,0.0,365.594242,206.858892,0.0,0.0,0.0,902.0,120.036667
2025-01-22 05:00:00+10:00,0.0,0.0,418.281967,220.8847,0.2235,0.0,0.0,941.1375,120.038333
2025-01-22 06:00:00+10:00,0.0,0.0,441.018208,235.01025,12.1745,0.0,0.0,992.7325,120.04
2025-01-22 07:00:00+10:00,0.0,0.0,429.366367,252.756158,57.9015,0.0,0.0,964.6425,120.04
2025-01-22 08:00:00+10:00,0.0,0.0,367.569983,285.666108,126.591,0.0,0.0,887.428333,74.348333
2025-01-22 09:00:00+10:00,0.0,0.0,296.402867,293.575117,154.196,0.0,0.0,870.5525,120.04
2025-01-22 10:00:00+10:00,0.0,0.0,227.310883,327.764375,172.1775,0.0,0.0,839.354167,54.546667
2025-01-22 11:00:00+10:00,0.0,0.0,232.234642,293.245675,182.3155,0.0,0.0,814.209167,93.0775
2025-01-22 12:00:00+10:00,0.0,0.0,252.593717,261.361133,193.456,0.0,0.0,827.690833,66.2525
2025-01-22 13:00:00+10:00,0.0,0.0,287.804067,252.877617,214.14,0.0,0.0,821.994167,145.7175
2025-01-22 14:00:00+10:00,0.0,0.0,311.3301,273.882808,205.5795,0.0,0.0,832.29,119.659167
2025-01-22 15:00:00+10:00,0.0,0.0,348.0533,249.000017,199.398,0.0,0.0,864.548333,120.0375
2025-01-22 16:00:00+10:00,0.0,0.0,419.648458,233.9619,165.5575,0.0,0.0,926.935833,120.04
2025-01-22 17:00:00+10:00,0.0,25.359342,422.71265,240.811217,113.6335,0.0,0.0,978.0525,120.04
2025-01-22 18:00:00+10:00,0.0,10.358975,489.466475,212.914383,57.6105,0.0,0.0,1019.6425,129.771667
2025-01-22 19:00:00+10:00,0.0,0.0,510.183558,211.328925,13.4385,0.0,0.0,1026.105833,131.018333
2025-01-22 20:00:00+10:00,0.0,0.0,516.760958,192.078583,0.123,0.0,0.0,1018.329167,133.946667
2025-01-22 21:00:00+10:00,0.0,0.0,501.204225,162.120333,0.0,0.0,0.0,974.9075,123.285
2025-01-22 22:00:00+10:00,0.0,0.0,473.093375,117.699917,0.0,0.0,0.0,949.610833,120.29
2025-01-22 23:00:00+10:00,0.0,0.0,425.692792,133.774408,0.0,0.0,0.0,916.425,120.04
2025-01-23 00:00:00+10:00,0.0,0.0,431.785892,111.175633,0.0,0.0,0.0,902.298333,120.04
2025-01-23 01:00:00+10:00,0.0,0.0,429.839417,104.344167,0.0,0.0,0.0,891.3475,120.04
2025-01-23 02:00:00+10:00,0.0,0.0,432.065108,96.419167,0.0,0.0,0.0,888.7225,120.04
2025-01-23 03:00:00+10:00,0.0,0.0,457.323767,88.9225,0.0,0.0,0.0,902.795833,120.123333
2025-01-23 04:00:00+10:00,0.0,0.0,520.682825,67.3425,0.0,0.0,0.0,940.731667,124.145
2025-01-23 05:00:00+10:00,0.0,0.0,620.656508,37.929167,0.494,0.0,0.0,1006.001667,137.09
2025-01-23 06:00:00+10:00,0.0,0.0,679.299983,24.705833,10.5905,0.0,0.0,1075.869167,139.766667
2025-01-23 07:00:00+10:00,0.0,0.0,711.454658,35.0225,33.739,0.0,0.0,1099.579167,139.598333
2025-01-23 08:00:00+10:00,0.0,0.0,737.541692,21.2225,51.0405,0.0,0.0,1089.829167,142.104167
2025-01-23 09:00:00+10:00,0.0,0.0,681.150517,23.839017,69.3585,0.0,0.0,1064.743333,139.269167
2025-01-23 10:00:00+10:00,0.0,0.0,618.358425,61.355258,86.657,0.0,0.0,1032.973333,134.7675
2025-01-23 11:00:00+10:00,0.0,0.0,569.946367,107.549333,93.0605,0.0,0.0,1053.3025,138.405833
2025-01-23 12:00:00+10:00,0.0,0.0,557.15915,106.9135,94.7855,0.0,0.0,1048.065,128.391667
2025-01-23 13:00:00+10:00,0.0,0.0,568.010308,109.527142,71.426,0.0,0.0,1057.200833,130.9
2025-01-23 14:00:00+10:00,0.0,0.0,587.19485,91.577867,69.493,0.0,0.0,1043.3625,138.1
2025-01-23 15:00:00+10:00,0.0,0.0,599.400625,90.679267,66.006,0.0,0.0,1056.2975,138.6
2025-01-23 16:00:00+10:00,0.0,0.0,599.170783,86.347108,54.6575,0.0,0.0,1067.845,140.598333
2025-01-23 17:00:00+10:00,0.0,0.0,629.524042,93.2153,31.3795,0.0,0.0,1100.938333,138.85
2025-01-23 18:00:00+10:00,0.0,0.0,646.545708,85.841683,19.6055,0.0,0.0,1093.2125,141.9275
2025-01-23 19:00:00+10:00,0.0,0.0,637.975392,82.859017,5.032,0.0,0.0,1106.438333,132.3125
2025-01-23 20:00:00+10:00,0.0,0.0,652.382675,60.592883,0.0355,0.0,0.0,1104.529167,136.616667
2025-01-23 21:00:00+10:00,0.0,0.0,615.1556,54.4166,0.0,0.0,0.0,1060.02,139.844167
2025-01-23 22:00:00+10:00,0.0,0.0,562.127675,43.455342,0.0,0.0,0.0,1009.768333,139.683333
2025-01-23 23:00:00+10:00,0.0,0.0,512.563058,64.82685,0.0,0.0,0.0,968.374167,137.51
2025-01-24 00:00:00+10:00,0.0,0.0,492.068775,57.264692,0.0,0.0,0.0,956.74,134.746667
2025-01-24 01:00:00+10:00,0.0,0.0,432.896217,106.110283,0.0,0.0,0.0,941.28,122.56
2025-01-24 02:00:00+10:00,0.0,0.0,398.592858,126.214958,0.0,0.0,0.0,932.645,120.06
2025-01-24 03:00:00+10:00,0.0,0.0,390.1449,152.6598,0.0,0.0,0.0,918.196667,120.06
2025-01-24 04:00:00+10:00,0.0,0.0,383.326367,201.581708,0.0,0.0,0.0,938.331667,110.8275
2025-01-24 05:00:00+10:00,0.0,0.0,688.367558,186.525492,0.3515,0.0,0.0,998.004167,123.059167
2025-01-24 06:00:00+10:00,0.0,0.0,585.962967,248.54845,16.217,0.0,0.0,1023.850833,81.041667
2025-01-24 07:00:00+10:00,0.0,0.0,411.982258,282.557133,55.226,0.0,0.0,1022.658333,72.6425
2025-01-24 08:00:00+10:00,0.0,0.0,327.691025,316.436092,111.832,2.814625,0.0,995.934167,-25.304167
2025-01-24 09:00:00+10:00,0.0,0.0,284.686233,348.98675,139.16,3.1565,0.0,993.845,-26.7
2025-01-24 10:00:00+10:00,0.0,-0.088333,258.119217,361.9326,150.1915,6.394417,0.0,959.54,33.544167
2025-01-24 11:00:00+10:00,0.0,-0.344167,191.152292,395.112383,159.307,5.421808,0.0,937.015,2.099167
2025-01-24 12:00:00+10:00,0.0,-0.6025,194.709958,348.994933,169.1375,11.903117,0.0,909.103333,-21.246667
2025-01-24 13:00:00+10:00,0.0,-0.7025,279.239492,279.247967,180.862,17.158642,0.0,935.104167,-32.1825
2025-01-24 14:00:00+10:00,0.0,-0.8975,218.261133,325.869325,171.654,5.21895,0.0,915.900833,-27.470833
2025-01-24 15:00:00+10:00,0.0,-0.996667,253.966225,302.650275,170.536,0.387817,0.0,906.4,5.436667
2025-01-24 16:00:00+10:00,0.0,-0.963333,278.389508,316.565142,145.135,0.0,0.0,935.804167,11.0725
2025-01-24 17:00:00+10:00,0.0,-0.9175,380.834975,295.759058,103.681,0.0,0.0,991.009167,12.33
2025-01-24 18:00:00+10:00,0.0,-0.92,510.903967,266.985192,47.894,8.0,0.0,1017.795833,143.118333
2025-01-24 19:00:00+10:00,0.0,-0.994167,646.768583,231.188825,9.8545,0.0,0.0,1051.116667,150.3825
2025-01-24 20:00:00+10:00,0.0,-1.009167,650.852617,212.151533,0.066,0.0,0.0,1053.340833,127.111667
2025-01-24 21:00:00+10:00,0.0,-0.959167,408.7114,219.117458,0.0,0.0,0.0,1010.694167,120.078333
2025-01-24 22:00:00+10:00,0.0,-1.001667,394.831208,186.980242,0.0,0.0,0.0,961.170833,120.08
2025-01-24 23:00:00+10:00,0.0,-1.085833,431.064658,123.745667,0.0,0.0,0.0,931.163333,127.866667
2025-01-25 00:00:00+10:00,0.0,-1.145833,447.597758,149.611258,0.0,0.0,0.0,905.5125,124.100833
2025-01-25 01:00:00+10:00,0.0,-1.035,415.099442,123.786,0.0,0.0,0.0,896.530833,120.383333
2025-01-25 02:00:00+10:00,0.0,-1.076667,411.020367,110.621033,0.0,0.0,0.0,893.293333,120.08
2025-01-25 03:00:00+10:00,0.0,-1.1725,440.444442,95.346367,0.0,0.0,0.0,898.573333,120.08
2025-01-25 04:00:00+10:00,0.0,-1.14,416.616692,127.969558,0.0,0.0,0.0,909.003333,120.08
2025-01-25 05:00:00+10:00,0.0,-1.0825,436.32445,137.379925,0.4725,0.0,0.0,930.0725,126.4875
2025-01-25 06:00:00+10:00,0.0,-1.069167,418.12015,152.060783,14.2055,0.0,0.0,962.0125,120.08
2025-01-25 07:00:00+10:00,0.0,-1.139167,464.01845,155.516617,39.3505,0.0,0.0,988.713333,126.505833
2025-01-25 08:00:00+10:00,0.0,-0.950833,453.60265,178.853858,73.55,0.0,0.0,1012.0025,120.08
2025-01-25 09:00:00+10:00,0.0,0.0,396.015017,218.110667,96.078,0.0,0.0,1009.639167,150.595833
2025-01-25 10:00:00+10:00,0.0,0.0,353.39705,251.2803,105.4615,1.990167,0.0,972.309167,126.255
2025-01-25 11:00:00+10:00,0.0,0.0,314.585125,251.7028,126.393,4.80275,0.0,944.43,123.169167
2025-01-25 12:00:00+10:00,0.0,0.0,286.749483,269.40115,119.3855,7.914,0.0,941.9875,120.0725
2025-01-25 13:00:00+10:00,0.0,0.0,291.989167,268.061508,101.224,9.683667,0.0,947.953333,119.994167
2025-01-25 14:00:00+10:00,0.0,0.0,286.8685,270.57095,110.199,7.543833,0.0,928.294167,119.9925
2025-01-25 15:00:00+10:00,0.0,0.0,276.4836,274.503342,148.607,3.417583,0.0,923.315833,106.9
2025-01-25 16:00:00+10:00,0.0,0.0,307.653858,297.562775,117.178,0.0,0.0,942.204167,120.078333
2025-01-25 17:00:00+10:00,0.0,0.0,352.206775,313.604967,71.009,0.0,0.0,1004.046667,120.073333
2025-01-25 18:00:00+10:00,0.0,0.0,316.955875,373.416525,30.6535,0.0,0.0,1034.82,99.651667
2025-01-25 19:00:00+10:00,0.0,0.0,439.976292,225.244408,12.385,0.0,0.0,1036.251667,123.164167
2025-01-25 20:00:00+10:00,0.0,0.0,503.670483,158.387525,0.073,0.0,0.0,1034.328333,133.42
2025-01-25 21:00:00+10:00,0.0,0.0,477.095533,163.805317,0.0,0.0,0.0,1002.039167,133.169167
2025-01-25 22:00:00+10:00,0.0,0.0,456.500608,137.990692,0.0,0.0,0.0,973.836667,142.576667
2025-01-25 23:00:00+10:00,0.0,0.0,431.892142,127.0269,0.0,0.0,0.0,946.449167,126.505833
2025-01-26 00:00:00+10:00,0.0,0.0,415.660942,130.670083,0.0,0.0,0.0,935.195833,124.84
2025-01-26 01:00:00+10:00,0.0,0.0,386.684367,149.399183,0.0,0.0,0.0,926.56,120.08
2025-01-26 02:00:00+10:00,0.0,0.0,371.977883,154.496742,0.0,0.0,0.0,913.931667,120.08
2025-01-26 03:00:00+10:00,0.0,0.0,402.715792,121.227442,0.0,0.0,0.0,916.953333,124.84
2025-01-26 04:00:00+10:00,0.0,0.0,401.832975,120.237717,0.0,0.0,0.0,921.3975,121.666667
2025-01-26 05:00:00+10:00,0.0,0.0,408.367275,131.218242,0.512,0.0,0.0,913.435,120.08
2025-01-26 06:00:00+10:00,0.0,0.0,401.4517,142.921475,17.246,0.0,0.0,926.233333,120.08
2025-01-26 07:00:00+10:00,0.0,0.0,412.820667,129.039283,66.9475,0.0,0.0,935.355,120.08
2025-01-26 08:00:00+10:00,0.0,0.0,461.271642,95.353333,115.2795,0.0,0.0,949.7825,120.08
2025-01-26 09:00:00+10:00,0.0,0.0,429.39605,93.825833,157.526,0.0,0.0,922.623333,120.08
2025-01-26 10:00:00+10:00,0.0,0.0,382.668633,90.544167,206.1775,0.0,0.0,883.97,120.08
2025-01-26 11:00:00+10:00,0.0,0.0,367.44905,89.8525,229.6645,0.0,0.0,856.089167,120.08
2025-01-26 12:00:00+10:00,0.0,0.0,342.412333,101.185,226.9365,0.0,0.0,819.9175,120.08
2025-01-26 13:00:00+10:00,0.0,0.0,325.637442,122.675,218.928,0.0,0.0,816.665,120.08
2025-01-26 14:00:00+10:00,0.0,0.0,341.861775,118.478342,209.504,0.0,0.0,821.335,120.08
2025-01-26 15:00:00+10:00,0.0,0.0,368.279975,93.670975,198.695,0.0,0.0,854.5775,120.08
2025-01-26 16:00:00+10:00,0.0,0.0,412.896475,119.845108,168.9835,0.0,0.0,913.494167,120.08
2025-01-26 17:00:00+10:00,0.0,0.0,502.222725,124.136033,111.4615,0.0,0.0,984.2425,120.08
2025-01-26 18:00:00+10:00,0.0,0.0,542.917983,136.054617,51.1755,0.0,0.0,1011.2775,120.0825
2025-01-26 19:00:00+10:00,0.0,0.0,559.138625,139.417292,10.2025,0.0,0.0,990.033333,123.569167
2025-01-26 20:00:00+10:00,0.0,0.0,497.485158,192.087067,0.0425,0.0,0.0,982.281667,120.08
2025-01-26 21:00:00+10:00,0.0,0.0,483.990917,214.185508,0.0,0.0,0.0,957.964167,126.9275
2025-01-26 22:00:00+10:00,0.0,0.0,297.097483,321.453325,0.0,0.0,0.0,926.7,94.718333
2025-01-26 23:00:00+10:00,0.0,0.0,238.00125,425.167133,0.0,0.0,0.0,900.53,76.804167
2025-01-27 00:00:00+10:00,0.0,0.0,238.099783,422.590292,0.0,0.0,0.0,886.7625,63.0525
2025-01-27 01:00:00+10:00,0.0,0.0,236.363408,417.344283,0.0,0.0,0.0,877.546667,53.311667
2025-01-27 02:00:00+10:00,0.0,0.0,211.055825,449.476533,0.0,0.0,0.0,874.009167,33.7375
2025-01-27 03:00:00+10:00,0.0,0.0,209.49475,446.582167,0.0,0.0,0.0,855.474167,18.481667
2025-01-27 04:00:00+10:00,0.0,0.0,190.982008,440.236733,0.0,0.0,0.0,861.385,-1.09
2025-01-27 05:00:00+10:00,0.0,0.0,169.905408,412.440475,0.0135,0.0,0.0,873.133333,-6.899167
2025-01-27 06:00:00+10:00,0.0,0.0,202.070583,388.75965,6.1625,0.0,0.0,900.04,15.6425
2025-01-27 07:00:00+10:00,0.0,0.0,274.036825,349.255125,23.7105,0.0,0.0,950.5525,-6.851667
2025-01-27 08:00:00+10:00,0.0,0.0,272.537908,352.1795,48.219,0.0,0.0,961.1475,-0.444167
2025-01-27 09:00:00+10:00,0.0,0.0,308.112333,339.509025,73.246,0.0,0.0,955.47,11.079167
2025-01-27 10:00:00+10:00,0.0,0.0,297.0592,315.720042,112.1215,1.176442,0.0,930.695,-28.4675
2025-01-27 11:00:00+10:00,0.0,0.0,282.742583,247.762592,174.6275,7.696758,0.0,889.349167,-47.139167
2025-01-27 12:00:00+10:00,0.0,0.0,290.353233,237.81665,220.5865,1.739508,0.0,869.684167,-44.544167
2025-01-27 13:00:00+10:00,0.0,0.0,290.994683,281.0762,229.1745,0.0,0.0,882.2575,-10.883333
2025-01-27 14:00:00+10:00,0.0,0.0,351.962583,257.956367,206.9655,0.0,0.0,937.6625,111.345
2025-01-27 15:00:00+10:00,0.0,0.0,622.220408,255.323217,183.6995,0.0,0.0,1017.0,155.3
2025-01-27 16:00:00+10:00,0.0,34.897808,782.763408,258.673492,133.1005,0.0,0.0,1078.036667,77.065
2025-01-27 17:00:00+10:00,0.0,51.954383,739.729008,218.833175,94.3,0.0,0.0,1083.721667,81.649167
2025-01-27 18:00:00+10:00,0.0,51.91365,706.272458,191.551092,45.2105,0.0,0.0,1081.168333,120.183333
2025-01-27 19:00:00+10:00,0.0,36.076492,587.046042,249.272208,11.291,0.0,0.0,1057.35,102.618333
2025-01-27 20:00:00+10:00,0.0,0.0,450.6021,316.083275,0.049,0.0,0.0,1033.9825,107.305833
2025-01-27 21:00:00+10:00,0.0,0.0,428.048342,270.611333,0.0,0.0,0.0,997.245,120.08
2025-01-27 22:00:00+10:00,0.0,0.0,396.363317,246.502758,0.0,0.0,0.0,952.68,120.08
2025-01-27 23:00:00+10:00,0.0,0.0,330.134142,274.001033,0.0,0.0,0.0,917.64,104.863333
2025-01-28 00:00:00+10:00,0.0,0.0,270.298733,279.138125,0.0,0.0,0.0,896.0775,45.351667
2025-01-28 01:00:00+10:00,0.0,0.0,237.695525,299.1791,0.0,0.0,0.0,884.214167,23.894167
2025-01-28 02:00:00+10:00,0.0,0.0,242.16825,293.605275,0.0,0.0,0.0,903.420833,28.488333
2025-01-28 03:00:00+10:00,0.0,0.0,229.234883,317.091825,0.0,0.0,0.0,905.15,40.07
2025-01-28 04:00:00+10:00,0.0,0.0,219.577875,358.825575,0.0,0.0,0.0,915.820833,66.099167
2025-01-28 05:00:00+10:00,0.0,0.0,253.806092,369.947283,0.3925,0.0,0.0,969.261667,106.850833
2025-01-28 06:00:00+10:00,0.0,0.0,256.3299,420.15145,16.6575,0.0,0.0,1018.951667,110.1
2025-01-28 07:00:00+10:00,0.0,0.0,262.9384,420.700742,62.4455,3.360083,0.0,1024.116667,74.4275
2025-01-28 08:00:00+10:00,0.0,0.0,232.897242,423.312692,116.8335,7.596333,0.0,997.934167,6.856667
2025-01-28 09:00:00+10:00,0.0,0.0,200.33055,452.886717,140.079,9.15875,0.0,971.648333,6.161667
2025-01-28 10:00:00+10:00,0.0,0.0,180.262775,458.0698,149.481,10.88175,0.0,963.019167,11.5375
2025-01-28 11:00:00+10:00,0.0,0.0,162.435733,453.606833,158.4875,10.583017,0.0,929.75,-14.431667
2025-01-28 12:00:00+10:00,0.0,0.0,178.798458,392.223808,195.2705,8.802533,0.0,913.781667,-25.388333
2025-01-28 13:00:00+10:00,0.0,0.0,179.910958,363.430308,223.8545,15.706642,0.0,913.373333,-21.130833
2025-01-28 14:00:00+10:00,0.0,0.0,175.68835,382.028208,232.449,8.48825,0.0,906.094167,-12.1
2025-01-28 15:00:00+10:00,0.0,0.0,166.590467,407.174333,219.484,10.939667,0.0,922.369167,-3.331667
2025-01-28 16:00:00+10:00,0.0,0.0,275.353775,375.000258,179.702,7.384667,0.0,981.773333,20.818333
2025-01-28 17:00:00+10:00,0.0,0.0,362.051183,337.01545,121.404,2.435417,0.0,1053.54,80.523333
2025-01-28 18:00:00+10:00,0.0,0.0,471.7603,280.845942,56.2405,1.133417,0.0,1071.763333,95.58
2025-01-28 19:00:00+10:00,0.0,0.0,571.94325,169.55855,10.2465,0.0,0.0,1073.83,139.585
2025-01-28 20:00:00+10:00,0.0,0.0,615.401925,123.092925,0.0175,0.0,0.0,1090.3125,121.123333
2025-01-28 21:00:00+10:00,0.0,0.0,535.807983,140.288025,0.0,0.0,0.0,1053.4075,115.543333
2025-01-28 22:00:00+10:00,0.0,0.0,497.110575,122.513617,0.0,0.0,0.0,1020.710833,118.466667
2025-01-28 23:00:00+10:00,0.0,0.0,494.589475,102.562925,0.0,0.0,0.0,992.43,119.46
2025-01-29 00:00:00+10:00,0.0,0.0,460.779608,105.534675,0.0,0.0,0.0,972.89,115.876667
2025-01-29 01:00:00+10:00,0.0,0.0,422.334767,140.506892,0.0,0.0,0.0,960.266667,110.1
2025-01-29 02:00:00+10:00,0.0,0.0,416.775983,138.221483,0.0,0.0,0.0,958.505833,110.1
2025-01-29 03:00:00+10:00,0.0,0.0,461.773033,110.964308,0.0,0.0,0.0,970.793333,110.1
2025-01-29 04:00:00+10:00,0.0,0.0,492.100217,122.852675,0.0,0.0,0.0,996.245833,121.42
2025-01-29 05:00:00+10:00,0.0,0.0,592.0483,111.378583,0.3665,0.0,0.0,1060.966667,131.690833
2025-01-29 06:00:00+10:00,0.0,0.0,635.8349,87.364442,13.601,0.0,0.0,1115.739167,137.588333
2025-01-29 07:00:00+10:00,0.0,0.0,641.415667,72.6642,57.4775,0.0,0.0,1103.66,129.915
2025-01-29 08:00:00+10:00,0.0,0.0,603.949225,79.141542,102.671,0.0,0.0,1056.9775,129.916667
2025-01-29 09:00:00+10:00,0.0,0.0,558.659092,74.350725,169.012,0.0,0.0,998.5075,129.753333
2025-01-29 10:00:00+10:00,0.0,0.0,513.175908,76.800883,194.3755,0.0,0.0,976.269167,122.335
2025-01-29 11:00:00+10:00,0.0,0.0,466.892375,73.156925,205.3395,0.0,0.0,954.776667,120.08
2025-01-29 12:00:00+10:00,0.0,0.0,425.656292,83.236667,211.6305,0.0,0.0,940.841667,120.08
2025-01-29 13:00:00+10:00,0.0,0.0,408.039742,89.25715,208.384,0.0,0.0,932.379167,120.08
2025-01-29 14:00:00+10:00,0.0,0.0,451.746142,73.691633,209.5945,0.0,0.0,936.7575,120.08
2025-01-29 15:00:00+10:00,0.0,0.0,513.479658,63.113542,182.1045,0.0,0.0,984.409167,119.913333
2025-01-29 16:00:00+10:00,0.0,0.0,603.184875,55.611375,130.399,0.0,0.0,1055.280833,120.08
2025-01-29 17:00:00+10:00,0.0,0.0,631.895867,98.362825,89.278,0.0,0.0,1088.67,120.08
2025-01-29 18:00:00+10:00,0.0,0.0,647.748017,96.063333,39.6845,0.0,0.0,1095.3925,124.248333
2025-01-29 19:00:00+10:00,0.0,0.0,669.376125,73.133542,7.1605,0.0,0.0,1092.75,130.08
2025-01-29 20:00:00+10:00,0.0,0.0,664.788,68.294467,0.0,0.0,0.0,1091.193333,130.08
2025-01-29 21:00:00+10:00,0.0,0.0,634.714125,48.2896,0.0,0.0,0.0,1055.3425,128.511667
2025-01-29 22:00:00+10:00,0.0,0.0,577.393433,47.728275,0.0,0.0,0.0,1011.845833,120.08
2025-01-29 23:00:00+10:00,0.0,0.0,552.913325,40.215825,0.0,0.0,0.0,985.855,120.08
2025-01-30 00:00:00+10:00,0.0,0.0,528.623592,56.060708,0.0,0.0,0.0,968.585833,120.08
2025-01-30 01:00:00+10:00,0.0,0.0,510.425158,60.487308,0.0,0.0,0.0,963.79,120.08
2025-01-30 02:00:00+10:00,0.0,0.0,495.552808,59.751283,0.0,0.0,0.0,968.745833,120.08
2025-01-30 03:00:00+10:00,0.0,0.0,501.291733,76.062858,0.0,0.0,0.0,964.973333,120.08
2025-01-30 04:00:00+10:00,0.0,0.0,547.839683,57.158042,0.0,0.0,0.0,992.505,120.08
2025-01-30 05:00:00+10:00,0.0,0.0,674.338067,71.719983,0.076,0.0,0.0,1046.756667,133.019167
2025-01-30 06:00:00+10:00,0.0,0.0,660.185083,90.073033,10.9465,0.0,0.0,1066.039167,123.038333
2025-01-30 07:00:00+10:00,0.0,0.0,593.41935,110.630042,55.2285,0.0,0.0,1034.496667,120.08
2025-01-30 08:00:00+10:00,0.0,0.0,556.626183,77.142767,117.4105,0.0,0.0,973.33,120.08
2025-01-30 09:00:00+10:00,0.0,0.0,530.042442,58.088392,178.858,0.0,0.0,934.465833,120.08
2025-01-30 10:00:00+10:00,0.0,0.0,489.280325,70.506675,215.7385,0.0,0.0,916.093333,120.073333
2025-01-30 11:00:00+10:00,0.0,0.0,475.261392,78.23955,217.2665,0.0,0.0,932.651667,119.408333
2025-01-30 12:00:00+10:00,0.0,0.0,455.726283,95.018925,185.2645,0.0,0.0,939.311667,118.246667
2025-01-30 13:00:00+10:00,0.0,0.0,485.02005,84.375825,185.989,0.0,0.0,938.638333,119.496667
2025-01-30 14:00:00+10:00,0.0,0.0,517.043692,98.208225,161.1025,0.0,0.0,958.4225,119.410833
2025-01-30 15:00:00+10:00,0.0,0.0,514.806967,103.883233,152.573,0.0,0.0,975.644167,119.495
2025-01-30 16:00:00+10:00,0.0,0.0,599.462742,74.5213,115.892,0.0,0.0,1035.643333,120.08
2025-01-30 17:00:00+10:00,0.0,0.0,702.053992,53.452242,66.4505,0.0,0.0,1105.054167,120.08
2025-01-30 18:00:00+10:00,0.0,0.0,717.370408,73.8925,24.04,0.0,0.0,1105.726667,120.913333
2025-01-30 19:00:00+10:00,0.0,0.0,719.800183,77.198142,6.0605,0.0,0.0,1105.556667,122.691667
2025-01-30 20:00:00+10:00,0.0,0.0,671.205683,62.670008,0.0,0.0,0.0,1107.293333,120.9375
2025-01-30 21:00:00+10:00,0.0,0.0,651.860183,23.40465,0.0,0.0,0.0,1069.739167,128.755
2025-01-30 22:00:00+10:00,0.0,0.0,597.165642,25.766417,0.0,0.0,0.0,1029.0575,123.086667
2025-01-30 23:00:00+10:00,0.0,0.0,552.701008,27.869417,0.0,0.0,0.0,992.478333,120.08
2025-01-31 00:00:00+10:00,0.0,0.0,529.28025,37.224867,0.0,0.0,0.0,977.714167,120.08
2025-01-31 01:00:00+10:00,0.0,0.0,530.595817,24.463392,0.0,0.0,0.0,969.745833,120.08
2025-01-31 02:00:00+10:00,0.0,0.0,516.449,33.989408,0.0,0.0,0.0,966.480833,120.08
2025-01-31 03:00:00+10:00,0.0,0.0,550.135008,15.804125,0.0,0.0,0.0,969.956667,120.08
2025-01-31 04:00:00+10:00,0.0,0.0,604.697117,8.061883,0.0,0.0,0.0,995.499167,126.808333
2025-01-31 05:00:00+10:00,0.0,0.0,676.849842,18.047008,0.2165,0.0,0.0,1047.836667,132.09
2025-01-31 06:00:00+10:00,0.0,0.0,683.707767,21.801575,11.962,0.0,0.0,1092.6775,129.546667
2025-01-31 07:00:00+10:00,0.0,0.0,678.935042,17.390008,57.768,0.0,0.0,1072.735,130.206667
2025-01-31 08:00:00+10:00,0.0,0.0,626.065333,32.128742,123.8675,0.0,0.0,1034.97,129.471667
2025-01-31 09:00:00+10:00,0.0,0.0,561.85485,48.498692,174.041,0.0,0.0,996.61,129.128333
2025-01-31 10:00:00+10:00,0.0,0.0,513.702867,60.119892,212.7825,0.0,0.0,958.0875,130.053333
2025-01-31 11:00:00+10:00,0.0,0.0,474.46075,77.5183,216.3165,0.0,0.0,943.6825,128.888333
2025-01-31 12:00:00+10:00,0.0,0.0,454.7566,67.51755,218.1745,0.0,0.0,940.9275,128.971667
2025-01-31 13:00:00+10:00,0.0,0.0,460.702625,89.970525,216.7185,0.0,0.0,935.403333,129.305
2025-01-31 14:00:00+10:00,0.0,0.0,469.904633,87.947375,218.2515,0.0,0.0,944.505833,130.04
2025-01-31 15:00:00+10:00,0.0,0.0,473.151783,109.551758,186.403,0.0,0.0,986.198333,130.045
2025-01-31 16:00:00+10:00,0.0,0.0,534.260025,122.416683,141.835,0.0,0.0,1038.446667,130.048333
2025-01-31 17:00:00+10:00,0.0,0.0,545.075592,161.28495,86.3095,0.0,0.0,1083.873333,130.041667
2025-01-31 18:00:00+10:00,0.0,0.0,635.857925,132.194317,35.872,0.0,0.0,1096.578333,131.08
2025-01-31 19:00:00+10:00,0.0,0.0,674.212333,67.713342,6.738,0.0,0.0,1098.923333,130.246667
2025-01-31 20:00:00+10:00,0.0,0.0,659.9368,49.779975,0.0,0.0,0.0,1090.824167,130.039167
2025-01-31 21:00:00+10:00,0.0,0.0,642.882483,33.7381,0.0,0.0,0.0,1064.226667,130.030833
2025-01-31 22:00:00+10:00,0.0,0.0,607.287617,29.701667,0.0,0.0,0.0,1019.66,129.4475
2025-01-31 23:00:00+10:00,0.0,0.0,588.1779,36.0325,0.0,0.0,0.0,987.214167,129.810833
2025-02-01 00:00:00+10:00,0.0,0.0,565.646008,38.451667,0.0,0.0,0.0,978.565,129.6625
2025-02-01 01:00:00+10:00,0.0,0.0,553.907617,38.216667,0.0,0.0,0.0,959.69,129.344167
2025-02-01 02:00:00+10:00,0.0,0.0,529.922533,41.757483,0.0,0.0,0.0,950.083333,128.5125
2025-02-01 03:00:00+10:00,0.0,0.0,530.345067,40.9516,0.0,0.0,0.0,948.84,128.400833
2025-02-01 04:00:00+10:00,0.0,0.0,555.2176,26.986308,0.0,0.0,0.0,963.384167,129.004167
2025-02-01 05:00:00+10:00,0.0,0.0,581.257775,18.29225,0.03,0.0,0.0,990.551667,130.04
2025-02-01 06:00:00+10:00,0.0,0.0,587.356792,33.380708,7.1495,0.0,0.0,1008.553333,130.04
2025-02-01 07:00:00+10:00,0.0,0.0,603.4388,40.991092,37.8425,0.0,0.0,1022.4175,130.04
2025-02-01 08:00:00+10:00,0.0,0.0,589.417308,61.634167,80.737,0.0,0.0,1009.188333,130.039167
2025-02-01 09:00:00+10:00,0.0,0.0,510.805375,81.766692,141.55,0.0,0.0,955.890833,129.36
2025-02-01 10:00:00+10:00,0.0,0.0,451.927575,97.519158,196.9575,0.0,0.0,906.515,129.305
2025-02-01 11:00:00+10:00,0.0,0.0,415.068683,100.994158,216.7065,0.0,0.0,880.756667,124.55
2025-02-01 12:00:00+10:00,0.0,0.0,359.848625,107.140675,230.874,0.0,0.0,853.848333,120.04
2025-02-01 13:00:00+10:00,0.0,0.0,339.5145,129.347908,236.5845,0.0,0.0,834.181667,120.04
2025-02-01 14:00:00+10:00,0.0,0.0,334.471575,158.608142,231.1325,0.0,0.0,844.401667,120.04
2025-02-01 15:00:00+10:00,0.0,0.0,357.049675,183.065075,213.6145,0.0,0.0,887.7275,120.791667
2025-02-01 16:00:00+10:00,0.0,0.0,465.50775,221.317625,171.31,0.0,0.0,948.629167,142.070833
2025-02-01 17:00:00+10:00,0.0,9.160758,599.4113,239.930075,111.46,0.0,0.0,1022.0325,229.220833
2025-02-01 18:00:00+10:00,0.0,54.458225,821.122058,227.129417,48.437,0.0,0.0,1053.895833,295.8025
2025-02-01 19:00:00+10:00,0.0,54.949883,992.745408,226.2484,7.6515,0.0,0.0,1051.458333,313.316667
2025-02-01 20:00:00+10:00,0.0,54.969408,803.39165,201.803708,0.0,0.0,0.0,1017.623333,167.510833
2025-02-01 21:00:00+10:00,0.0,10.6227,742.884325,191.145933,0.0,0.0,0.0,988.7275,148.6875
2025-02-01 22:00:00+10:00,0.0,0.0,535.53965,242.718158,0.0,0.0,0.0,935.044167,122.369167
2025-02-01 23:00:00+10:00,0.0,0.0,556.412925,299.252683,0.0,0.0,0.0,900.7625,129.285
2025-02-02 00:00:00+10:00,0.0,0.0,397.933283,313.128658,0.0,0.0,0.0,880.251667,116.614167
2025-02-02 01:00:00+10:00,0.0,0.0,269.270292,297.725667,0.0,0.0,0.0,869.9125,108.186667
2025-02-02 02:00:00+10:00,0.0,0.0,327.147433,239.715033,0.0,0.0,0.0,867.1575,120.04
2025-02-02 03:00:00+10:00,0.0,0.0,387.5702,202.306792,0.0,0.0,0.0,863.06,120.04
2025-02-02 04:00:00+10:00,0.0,0.0,412.864117,187.31715,0.0,0.0,0.0,866.070833,120.04
2025-02-02 05:00:00+10:00,0.0,0.0,428.858942,164.339908,0.074,0.0,0.0,886.3875,121.706667
2025-02-02 06:00:00+10:00,0.0,0.0,422.749967,182.936458,9.0055,0.0,0.0,908.389167,121.708333
2025-02-02 07:00:00+10:00,0.0,0.0,471.795567,140.997742,49.581,0.0,0.0,914.374167,130.058333
2025-02-02 08:00:00+10:00,0.0,0.0,480.220183,135.170392,106.623,0.0,0.0,901.431667,130.05
2025-02-02 09:00:00+10:00,0.0,0.0,438.664092,128.539733,162.308,0.0,0.0,871.81,125.04
2025-02-02 10:00:00+10:00,0.0,0.0,417.046867,128.001458,211.905,0.0,0.0,841.710833,120.04
2025-02-02 11:00:00+10:00,0.0,0.0,403.191142,116.189908,234.7115,0.0,0.0,827.84,120.04
2025-02-02 12:00:00+10:00,0.0,0.0,386.159125,126.597758,237.4355,0.0,0.0,836.283333,120.04
2025-02-02 13:00:00+10:00,0.0,2.342692,366.593167,143.934342,238.3525,0.0,0.0,855.289167,120.04
2025-02-02 14:00:00+10:00,0.0,67.57635,324.106375,159.471242,228.077,0.0,0.0,900.425833,100.316667
2025-02-02 15:00:00+10:00,0.0,80.251558,684.141175,135.528517,192.749,0.0,0.0,983.628333,110.328333
2025-02-02 16:00:00+10:00,0.0,88.83135,1149.326442,107.713492,133.859,0.0,0.0,1045.984167,194.915833
2025-02-02 17:00:00+10:00,0.0,89.628858,1511.660775,133.12655,87.0935,0.0,0.0,1089.79,275.578333
2025-02-02 18:00:00+10:00,0.0,91.544975,1442.453358,120.298375,40.465,0.0,0.0,1130.671667,254.135833
2025-02-02 19:00:00+10:00,0.0,93.261817,1252.737175,92.7187,8.115,0.0,0.0,1112.128333,168.05
2025-02-02 20:00:00+10:00,0.0,94.49375,1106.227333,78.318258,0.0,0.0,0.0,1116.154167,140.26
2025-02-02 21:00:00+10:00,0.0,63.736233,780.482217,97.343567,0.0,0.0,0.0,1043.336667,111.796667
2025-02-02 22:00:00+10:00,0.0,0.0,537.416692,96.591433,0.0,0.0,0.0,970.253333,130.740833
2025-02-02 23:00:00+10:00,0.0,0.0,471.6977,101.099017,0.0,0.0,0.0,945.680833,127.295
2025-02-03 00:00:00+10:00,0.0,0.0,401.873,159.417125,0.0,0.0,0.0,926.675833,120.04
2025-02-03 01:00:00+10:00,0.0,0.0,411.017908,177.527183,0.0,0.0,0.0,904.226667,120.04
2025-02-03 02:00:00+10:00,0.0,0.0,400.882933,180.471175,0.0,0.0,0.0,903.7575,120.04
2025-02-03 03:00:00+10:00,0.0,0.0,430.015158,151.31665,0.0,0.0,0.0,920.4375,121.291667
2025-02-03 04:00:00+10:00,0.0,0.0,492.059567,125.596883,0.0,0.0,0.0,939.245,130.878333
2025-02-03 05:00:00+10:00,0.0,0.0,547.220325,136.415058,0.0915,0.0,0.0,986.450833,136.46
2025-02-03 06:00:00+10:00,0.0,0.0,544.006475,186.7203,9.219,0.0,0.0,1034.041667,146.050833
2025-02-03 07:00:00+10:00,0.0,0.0,500.793933,225.252375,32.1255,0.0,0.0,1039.864167,130.06
2025-02-03 08:00:00+10:00,0.0,0.0,557.237683,205.536108,77.9815,0.0,0.0,1024.225,185.6425
2025-02-03 09:00:00+10:00,0.0,0.0,480.443517,206.40895,116.7665,0.0,0.0,1001.686667,124.213333
2025-02-03 10:00:00+10:00,0.0,0.0,510.866183,226.911925,155.593,0.0,0.0,1000.271667,135.879167
2025-02-03 11:00:00+10:00,0.0,34.296375,698.852183,270.830158,153.755,0.0,0.0,1028.580833,158.3575
2025-02-03 12:00:00+10:00,0.0,93.167475,584.7055,269.387292,155.067,0.0,0.0,1044.7425,120.995
2025-02-03 13:00:00+10:00,0.0,92.894925,544.731633,240.4026,128.128,0.0,0.0,1029.23,106.180833
2025-02-03 14:00:00+10:00,0.0,92.573517,827.174208,164.579275,124.602,10.125333,0.0,1001.0925,187.541667
2025-02-03 15:00:00+10:00,0.0,92.844417,1446.877775,157.984583,112.488,1.348758,0.0,1009.6675,319.9775
2025-02-03 16:00:00+10:00,0.0,92.72925,1328.702,210.110875,102.0685,0.0,0.0,1054.855833,366.168333
2025-02-03 17:00:00+10:00,0.0,91.973933,1385.5693,211.634908,83.041,0.0,0.0,1127.135,303.2625
2025-02-03 18:00:00+10:00,0.0,91.82555,1510.428833,198.897967,32.029,0.0,0.0,1121.889167,320.4675
2025-02-03 19:00:00+10:00,0.0,92.721825,1444.105942,225.512275,8.246,0.0,0.0,1115.805833,293.058333
2025-02-03 20:00:00+10:00,0.0,92.856825,1198.1739,245.222583,0.0,0.0,0.0,1074.0025,174.385833
2025-02-03 21:00:00+10:00,0.0,62.890867,1064.034,278.612875,0.0,0.0,0.0,1060.249167,174.433333
2025-02-03 22:00:00+10:00,0.0,0.0,914.300517,290.98415,0.0,0.0,0.0,1026.261667,148.980833
2025-02-03 23:00:00+10:00,0.0,0.0,870.859367,294.897775,0.0,0.0,0.0,1001.8775,130.854167
2025-02-04 00:00:00+10:00,0.0,0.0,549.517758,264.582708,0.0,0.0,0.0,952.611667,121.171667
2025-02-04 01:00:00+10:00,0.0,0.0,402.259675,267.259617,0.0,0.0,0.0,915.335833,82.941667
2025-02-04 02:00:00+10:00,0.0,0.0,412.3286,262.218858,0.0,0.0,0.0,900.0525,78.628333
2025-02-04 03:00:00+10:00,0.0,0.0,384.704042,272.703492,0.0,0.0,0.0,907.839167,78.483333
2025-02-04 04:00:00+10:00,0.0,0.0,427.394883,260.015867,0.0,0.0,0.0,943.8025,78.128333
2025-02-04 05:00:00+10:00,0.0,0.0,629.112,216.535017,0.1085,0.0,0.0,1024.3,127.05
2025-02-04 06:00:00+10:00,0.0,12.126975,930.457958,161.264575,13.2035,0.0,0.0,1090.619167,168.894167
2025-02-04 07:00:00+10:00,0.0,55.023142,932.742058,114.255442,51.1035,0.0,0.0,1098.2525,161.125
2025-02-04 08:00:00+10:00,0.0,54.202633,881.269925,105.286825,76.6915,0.0,0.0,1086.580833,207.066667
2025-02-04 09:00:00+10:00,0.0,19.080158,555.341383,126.708442,140.537,0.0,0.0,1059.690833,120.773333
2025-02-04 10:00:00+10:00,0.0,0.0,509.129375,167.255133,180.614,0.0,0.0,1019.020833,118.975
2025-02-04 11:00:00+10:00,0.0,0.0,516.980992,215.762317,216.6625,0.0,0.0,1009.1475,120.891667
2025-02-04 12:00:00+10:00,0.0,0.0,550.168117,232.088133,200.275,0.0,0.0,1025.24,121.891667
2025-02-04 13:00:00+10:00,0.0,8.650833,683.738642,224.936875,166.0295,0.0,0.0,1026.363333,146.339167
2025-02-04 14:00:00+10:00,0.0,43.265833,619.127008,252.089958,174.7265,0.0,0.0,1001.226667,97.571667
2025-02-04 15:00:00+10:00,0.0,54.1084,524.444792,306.879233,106.7795,0.0,0.0,1060.110833,84.290833
2025-02-04 16:00:00+10:00,0.0,58.737767,437.628583,323.458042,49.3415,0.0,0.0,1081.500833,120.02
2025-02-04 17:00:00+10:00,0.0,18.75455,503.323183,327.431067,21.6855,0.0,0.0,1109.3625,120.035
2025-02-04 18:00:00+10:00,0.0,0.0,550.901492,281.91135,11.4485,0.0,0.0,1104.265,120.901667
2025-02-04 19:00:00+10:00,0.0,0.0,703.199383,353.571308,2.6035,0.0,0.0,1091.169167,137.721667
2025-02-04 20:00:00+10:00,0.0,0.0,602.83515,368.501833,0.0,4.6995,0.0,1077.18,124.159167
2025-02-04 21:00:00+10:00,0.0,0.0,587.233742,353.87545,0.0,10.32475,0.0,1031.6775,132.484167
2025-02-04 22:00:00+10:00,0.0,0.0,399.512208,365.907925,0.0,9.405,0.0,978.690833,110.225
2025-02-04 23:00:00+10:00,0.0,0.0,271.13945,341.1858,0.0,6.040833,0.0,960.541667,106.093333
2025-02-05 00:00:00+10:00,0.0,0.0,259.810492,314.2426,0.0,0.644417,0.0,946.418333,120.04
2025-02-05 01:00:00+10:00,0.0,0.0,282.390442,288.65335,0.0,0.0,0.0,940.160833,120.04
2025-02-05 02:00:00+10:00,0.0,0.0,288.079408,289.959517,0.0,0.0,0.0,939.520833,120.04
2025-02-05 03:00:00+10:00,0.0,0.0,342.908908,263.563808,0.0,0.0,0.0,954.3975,120.04
2025-02-05 04:00:00+10:00,0.0,0.0,386.486483,261.729442,0.0,0.0,0.0,965.284167,120.04
2025-02-05 05:00:00+10:00,0.0,0.0,537.637192,269.878333,0.055,0.0,0.0,1010.070833,138.574167
2025-02-05 06:00:00+10:00,0.0,0.0,555.556392,245.510358,10.0385,0.0,0.0,1076.113333,137.258333
2025-02-05 07:00:00+10:00,0.0,0.0,513.610617,207.080833,46.117,0.0,0.0,1064.739167,139.943333
2025-02-05 08:00:00+10:00,0.0,0.0,457.692133,187.035833,109.5375,0.0,0.0,1000.6625,131.205
2025-02-05 09:00:00+10:00,0.0,0.0,408.503917,161.018225,175.3895,0.0,0.0,953.6625,121.705
2025-02-05 10:00:00+10:00,0.0,0.0,365.502317,161.982225,202.0995,0.0,0.0,922.093333,120.04
2025-02-05 11:00:00+10:00,0.0,0.0,366.222817,147.190833,217.9765,0.0,0.0,907.203333,120.04
2025-02-05 12:00:00+10:00,0.0,0.0,372.073242,128.843525,226.3855,0.0,0.0,887.156667,120.04
2025-02-05 13:00:00+10:00,0.0,0.0,347.267783,161.263333,240.6335,0.0,0.0,884.028333,120.04
2025-02-05 14:00:00+10:00,0.0,0.0,319.17825,174.436667,234.588,0.0,0.0,904.395833,120.04
2025-02-05 15:00:00+10:00,0.0,0.0,379.341625,157.832292,205.481,0.0,0.0,950.184167,123.373333
2025-02-05 16:00:00+10:00,0.0,0.0,472.376442,166.920992,160.335,0.0,0.0,1019.2875,120.04
2025-02-05 17:00:00+10:00,0.0,0.0,580.60075,158.506317,106.3365,0.0,0.0,1094.2825,136.721667
2025-02-05 18:00:00+10:00,0.0,2.6341,716.3648,164.356533,44.092,0.0,0.0,1148.725833,177.656667
2025-02-05 19:00:00+10:00,0.0,49.053275,842.8922,146.751767,7.3435,0.0,0.0,1146.503333,135.95
2025-02-05 20:00:00+10:00,0.0,53.0093,890.937225,119.787375,0.0,0.0,0.0,1100.469167,143.418333
2025-02-05 21:00:00+10:00,0.0,9.859175,693.282575,79.590342,0.0,0.0,0.0,1068.151667,133.294167
2025-02-05 22:00:00+10:00,0.0,0.0,584.397608,49.741917,0.0,0.0,0.0,1020.146667,140.673333
2025-02-05 23:00:00+10:00,0.0,0.0,533.070408,44.956483,0.0,0.0,0.0,985.63,141.691667
2025-02-06 00:00:00+10:00,0.0,0.0,514.414383,39.079975,0.0,0.0,0.0,966.291667,140.02
2025-02-06 01:00:00+10:00,0.0,0.0,516.034892,42.470833,0.0,0.0,0.0,953.901667,140.02
2025-02-06 02:00:00+10:00,0.0,0.0,507.058983,46.621925,0.0,0.0,0.0,959.7225,138.5
2025-02-06 03:00:00+10:00,0.0,0.0,623.49215,48.705,0.0,0.0,0.0,980.555,137.864167
2025-02-06 04:00:00+10:00,0.0,2.616192,732.950517,62.0225,0.0,0.0,0.0,1012.318333,143.099167
2025-02-06 05:00:00+10:00,0.0,52.652775,905.498167,74.865833,0.0855,0.0,0.0,1085.786667,176.394167
2025-02-06 06:00:00+10:00,0.0,57.881917,885.1797,83.318333,11.155,0.0,0.0,1137.971667,189.244167
2025-02-06 07:00:00+10:00,0.0,11.169708,678.543808,76.275833,51.7855,0.0,0.0,1085.930833,126.7
2025-02-06 08:00:00+10:00,0.0,0.0,526.13075,152.921958,109.519,0.0,0.0,979.474167,133.37
2025-02-06 09:00:00+10:00,0.0,0.0,442.902733,188.515142,169.3725,0.0,0.0,888.813333,120.04
2025-02-06 10:00:00+10:00,0.0,0.0,365.920492,194.529533,211.803,0.0,0.0,846.968333,120.04
2025-02-06 11:00:00+10:00,0.0,0.0,336.483217,185.857067,227.7065,0.0,0.0,832.551667,120.04
2025-02-06 12:00:00+10:00,0.0,0.0,330.365383,169.009258,233.211,0.0,0.0,839.098333,120.04
2025-02-06 13:00:00+10:00,0.0,0.0,339.923667,177.107067,238.3275,0.0,0.0,860.16,120.04
2025-02-06 14:00:00+10:00,0.0,0.0,473.507967,163.939033,221.0375,0.0,0.0,893.1575,126.498333
2025-02-06 15:00:00+10:00,0.0,2.09035,700.551658,169.981117,189.39,0.0,0.0,953.928333,173.94
2025-02-06 16:00:00+10:00,0.0,58.813658,951.128758,171.0204,141.6135,0.0,0.0,1033.3075,181.363333
2025-02-06 17:00:00+10:00,0.0,75.883583,1124.2614,164.506917,87.038,0.0,0.0,1065.015,202.060833
2025-02-06 18:00:00+10:00,0.0,76.114608,1254.592875,166.895975,36.3205,0.0,0.0,1077.123333,280.576667
2025-02-06 19:00:00+10:00,0.0,76.449808,1374.671942,170.637642,5.0365,0.0,0.0,1088.943333,286.905833
2025-02-06 20:00:00+10:00,0.0,76.3157,1271.426217,139.860308,0.0,0.0,0.0,1088.270833,250.250833
2025-02-06 21:00:00+10:00,0.0,58.910767,1023.886467,112.002,0.0,0.0,0.0,1053.67,215.464167
2025-02-06 22:00:00+10:00,0.0,55.745975,928.079533,85.387367,0.0,0.0,0.0,1011.014167,177.163333
2025-02-06 23:00:00+10:00,0.0,38.629175,748.82255,45.1133,0.0,0.0,0.0,974.37,138.3
2025-02-07 00:00:00+10:00,0.0,0.0,712.918492,28.774267,0.0,0.0,0.0,953.2825,137.918333
2025-02-07 01:00:00+10:00,0.0,0.0,804.969567,27.456208,0.0,0.0,0.0,955.861667,147.046667
2025-02-07 02:00:00+10:00,0.0,0.0,783.254192,47.447283,0.0,0.0,0.0,959.454167,153.275833
2025-02-07 03:00:00+10:00,0.0,0.0,805.439167,32.6736,0.0,0.0,0.0,970.161667,163.371667
2025-02-07 04:00:00+10:00,0.0,0.0,894.623475,48.403333,0.0,0.0,0.0,1004.699167,158.483333
2025-02-07 05:00:00+10:00,0.0,34.788717,972.976792,74.559167,0.0705,0.0,0.0,1062.31,242.155
2025-02-07 06:00:00+10:00,0.0,55.457817,955.145408,74.5675,11.0615,0.0,0.0,1113.171667,190.109167
2025-02-07 07:00:00+10:00,0.0,54.998708,645.294067,111.864167,50.002,0.0,0.0,1097.495,120.6825
2025-02-07 08:00:00+10:00,0.0,9.341467,634.250192,106.400833,100.504,0.0,0.0,1052.413333,176.025833
2025-02-07 09:00:00+10:00,0.0,0.0,507.772258,113.5775,143.4025,0.0,0.0,969.605,130.043333
2025-02-07 10:00:00+10:00,0.0,0.0,483.005158,124.87525,186.17,0.0,0.0,929.86,129.225
2025-02-07 11:00:00+10:00,0.0,0.0,439.492267,164.206542,196.1115,0.0,0.0,914.024167,129.216667
2025-02-07 12:00:00+10:00,0.0,0.0,380.865692,214.199117,188.9115,0.0,0.0,923.72,120.04
2025-02-07 13:00:00+10:00,0.0,0.0,366.708075,251.452933,158.875,0.0,0.0,948.845833,120.04
2025-02-07 14:00:00+10:00,0.0,0.0,397.6543,246.40215,134.12,0.0,0.0,977.318333,128.83
2025-02-07 15:00:00+10:00,0.0,0.0,379.991342,302.236058,114.5525,0.0,0.0,996.145833,120.04
2025-02-07 16:00:00+10:00,0.0,0.0,372.447325,357.432892,89.467,0.0,0.0,1041.1725,120.04
2025-02-07 17:00:00+10:00,0.0,0.0,380.249608,376.107275,59.033,0.324917,0.0,1075.685833,120.04
2025-02-07 18:00:00+10:00,0.0,0.0,433.501792,362.161442,29.467,0.044083,0.0,1080.846667,123.735833
2025-02-07 19:00:00+10:00,0.0,0.0,383.098117,367.651633,4.138,0.0,0.0,1079.785833,120.040833
2025-02-07 20:00:00+10:00,0.0,0.0,353.885817,346.858642,0.0,0.0,0.0,1047.060833,120.04
2025-02-07 21:00:00+10:00,0.0,0.0,325.284217,348.409867,0.0,0.0,0.0,1030.143333,120.04
2025-02-07 22:00:00+10:00,0.0,0.0,293.474733,344.689392,0.0,0.0,0.0,992.196667,120.04
2025-02-07 23:00:00+10:00,0.0,0.0,277.776558,316.48665,0.0,0.0,0.0,966.765833,120.04
2025-02-08 00:00:00+10:00,0.0,0.0,274.677775,306.243425,0.0,0.0,0.0,948.074167,120.04
2025-02-08 01:00:00+10:00,0.0,0.0,293.786933,287.286967,0.0,0.0,0.0,944.294167,120.04
2025-02-08 02:00:00+10:00,0.0,0.0,294.146042,260.661708,0.0,0.0,0.0,934.565833,120.04
2025-02-08 03:00:00+10:00,0.0,0.0,314.59475,238.792175,0.0,0.0,0.0,943.3675,120.04
2025-02-08 04:00:00+10:00,0.0,0.0,329.4772,229.443008,0.0,0.0,0.0,965.459167,120.04
2025-02-08 05:00:00+10:00,0.0,0.0,360.004208,231.023475,0.0005,0.0,0.0,986.7475,120.04
2025-02-08 06:00:00+10:00,0.0,0.0,370.626608,253.963308,3.8725,0.0,0.0,1021.501667,120.04
2025-02-08 07:00:00+10:00,0.0,0.0,393.182167,251.678417,21.4695,0.0,0.0,1056.406667,120.04
2025-02-08 08:00:00+10:00,0.0,0.0,425.067058,254.316683,48.3305,0.0,0.0,1066.343333,120.04
2025-02-08 09:00:00+10:00,0.0,0.0,420.518367,256.701267,62.187,0.0,0.0,1048.895,120.04
2025-02-08 10:00:00+10:00,0.0,0.0,386.950425,255.886617,99.99,0.0,0.0,1016.0575,120.04
2025-02-08 11:00:00+10:00,0.0,0.0,375.712875,241.658992,120.563,0.0,0.0,996.795,120.04
2025-02-08 12:00:00+10:00,0.0,0.0,337.632933,248.954092,135.96,6.716908,0.0,970.394167,120.04
2025-02-08 13:00:00+10:00,0.0,0.0,322.708833,266.452775,133.6345,4.279983,0.0,972.151667,119.955833
2025-02-08 14:00:00+10:00,0.0,0.0,310.957817,272.460442,135.631,0.715033,0.0,978.8825,120.039167
2025-02-08 15:00:00+10:00,0.0,0.0,348.069033,252.725542,131.6205,0.186417,0.0,999.1075,120.038333
2025-02-08 16:00:00+10:00,0.0,0.0,394.302267,253.211733,103.684,0.553733,0.0,1062.14,120.206667
2025-02-08 17:00:00+10:00,0.0,0.0,432.370092,262.007558,58.2865,3.02465,0.0,1108.733333,120.04
2025-02-08 18:00:00+10:00,0.0,0.0,443.305567,271.665383,30.9855,8.100333,0.0,1120.580833,120.04
2025-02-08 19:00:00+10:00,0.0,0.0,427.615283,271.287492,4.9385,1.004842,0.0,1122.779167,120.04
2025-02-08 20:00:00+10:00,0.0,0.0,476.8752,202.139092,0.0,0.0,0.0,1101.464167,120.04
2025-02-08 21:00:00+10:00,0.0,0.0,526.921417,130.461083,0.0,0.0,0.0,1053.9275,128.548333
2025-02-08 22:00:00+10:00,0.0,0.0,494.258583,118.038417,0.0,0.0,0.0,1001.006667,126.713333
2025-02-08 23:00:00+10:00,0.0,0.0,454.2189,140.230275,0.0,0.0,0.0,944.526667,120.04
2025-02-09 00:00:00+10:00,0.0,0.0,410.2221,150.545317,0.0,0.0,0.0,917.9425,120.04
2025-02-09 01:00:00+10:00,0.0,0.0,381.360442,182.650825,0.0,0.0,0.0,895.655,120.04
2025-02-09 02:00:00+10:00,0.0,0.0,394.733883,153.952317,0.0,0.0,0.0,888.190833,120.04
2025-02-09 03:00:00+10:00,0.0,0.0,401.219533,136.43145,0.0,0.0,0.0,899.464167,120.04
2025-02-09 04:00:00+10:00,0.0,0.0,397.803058,156.483217,0.0,0.0,0.0,911.530833,120.153333
2025-02-09 05:00:00+10:00,0.0,0.0,424.759858,148.374167,0.011,0.0,0.0,939.145833,120.04
2025-02-09 06:00:00+10:00,0.0,0.0,422.743883,172.792758,6.7285,0.0,0.0,975.031667,120.153333
2025-02-09 07:00:00+10:00,0.0,0.0,437.77415,187.854,33.2485,0.0,0.0,1000.113333,121.06
2025-02-09 08:00:00+10:00,0.0,0.0,406.450867,205.340375,84.6615,1.351917,0.0,992.47,120.606667
2025-02-09 09:00:00+10:00,0.0,0.0,355.305667,213.315675,136.137,0.0,0.0,945.139167,120.04
2025-02-09 10:00:00+10:00,0.0,0.0,357.6826,201.570875,158.049,0.0,0.0,921.84,120.04
2025-02-09 11:00:00+10:00,0.0,0.0,349.581142,200.213933,152.5675,0.0,0.0,895.254167,120.04
2025-02-09 12:00:00+10:00,0.0,0.0,319.05895,211.058783,173.235,0.0,0.0,873.9375,120.04
2025-02-09 13:00:00+10:00,0.0,0.0,275.925,222.619625,195.625,0.321717,0.0,883.604167,120.035833
2025-02-09 14:00:00+10:00,0.0,0.0,343.828517,190.290492,183.55,0.0,0.0,908.691667,120.04
2025-02-09 15:00:00+10:00,0.0,0.0,361.137308,201.303542,164.761,0.0,0.0,949.708333,120.04
2025-02-09 16:00:00+10:00,0.0,0.0,386.791308,236.9545,142.684,0.0,0.0,1010.975,120.04
2025-02-09 17:00:00+10:00,0.0,0.0,469.859175,209.164767,96.4595,0.0,0.0,1091.548333,120.04
2025-02-09 18:00:00+10:00,0.0,0.0,508.718058,193.016475,38.2725,0.0,0.0,1122.036667,120.04
2025-02-09 19:00:00+10:00,0.0,0.0,542.184375,157.976142,5.004,0.0,0.0,1123.889167,120.04
2025-02-09 20:00:00+10:00,0.0,0.0,577.822383,107.39325,0.0,0.0,0.0,1108.846667,122.728333
2025-02-09 21:00:00+10:00,0.0,0.0,558.835475,84.441583,0.0,0.0,0.0,1064.124167,121.173333
2025-02-09 22:00:00+10:00,0.0,0.0,498.815892,103.63855,0.0,0.0,0.0,1021.28,120.493333
2025-02-09 23:00:00+10:00,0.0,0.0,402.673858,172.78625,0.0,0.0,0.0,981.648333,120.04
2025-02-10 00:00:00+10:00,0.0,0.0,368.308742,186.013375,0.0,0.0,0.0,950.666667,120.04
2025-02-10 01:00:00+10:00,0.0,0.0,329.657742,207.988608,0.0,0.0,0.0,935.909167,120.04
2025-02-10 02:00:00+10:00,0.0,0.0,317.209908,218.149067,0.0,0.0,0.0,922.0375,120.039167
2025-02-10 03:00:00+10:00,0.0,0.0,312.307067,225.347317,0.0,0.0,0.0,931.774167,120.04
2025-02-10 04:00:00+10:00,0.0,0.0,346.326583,226.958075,0.0,0.0,0.0,962.7625,120.04
2025-02-10 05:00:00+10:00,0.0,0.0,391.33475,224.491242,0.0005,0.0,0.0,1011.949167,120.04
2025-02-10 06:00:00+10:00,0.0,0.0,432.554775,239.859792,6.8945,0.0,0.0,1064.526667,120.04
2025-02-10 07:00:00+10:00,0.0,0.0,429.810717,241.717525,36.7915,0.0,0.0,1059.546667,128.544167
2025-02-10 08:00:00+10:00,0.0,0.0,426.088317,238.697533,103.153,1.605833,0.0,999.651667,140.053333
2025-02-10 09:00:00+10:00,0.0,0.0,389.290117,250.178783,149.736,1.099167,0.0,957.235833,126.7
2025-02-10 10:00:00+10:00,0.0,0.0,341.383367,251.244442,179.091,0.0,0.0,937.5975,107.570833
2025-02-10 11:00:00+10:00,0.0,0.0,300.94385,258.8308,191.0355,0.0,0.0,906.005,107.275
2025-02-10 12:00:00+10:00,0.0,0.0,271.136908,273.85585,207.0555,0.0,0.0,885.728333,120.039167
2025-02-10 13:00:00+10:00,0.0,8.508333,259.107292,276.991942,203.18,1.809775,0.0,893.564167,63.521667
2025-02-10 14:00:00+10:00,0.0,0.0,267.085683,298.769333,197.2465,2.196692,0.0,922.885833,61.835833
2025-02-10 15:00:00+10:00,0.0,0.0,314.812092,303.568292,176.248,4.226775,0.0,963.600833,113.495
2025-02-10 16:00:00+10:00,0.0,0.0,423.855092,257.168225,126.9775,2.175392,0.0,1053.42,140.0475
2025-02-10 17:00:00+10:00,0.0,0.0,525.5046,215.55695,74.081,4.335075,0.0,1125.819167,138.39
2025-02-10 18:00:00+10:00,0.0,0.0,577.461308,201.567967,27.795,0.884833,0.0,1148.865833,140.06
2025-02-10 19:00:00+10:00,0.0,0.0,558.003333,195.28415,3.199,0.0,0.0,1140.965,140.06
2025-02-10 20:00:00+10:00,0.0,0.0,531.547617,172.108467,0.0,0.0,0.0,1121.648333,140.056667
2025-02-10 21:00:00+10:00,0.0,0.0,484.352533,171.531433,0.0,0.0,0.0,1078.695833,140.06
2025-02-10 22:00:00+10:00,0.0,0.0,438.046158,171.682408,0.0,0.0,0.0,1023.15,135.885
2025-02-10 23:00:00+10:00,0.0,0.0,367.633308,210.108217,0.0,0.0,0.0,958.731667,120.04
2025-02-11 00:00:00+10:00,0.0,0.0,373.064575,203.916142,0.0,0.0,0.0,946.929167,120.04
2025-02-11 01:00:00+10:00,0.0,0.0,357.004008,206.260058,0.0,0.0,0.0,951.925,120.04
2025-02-11 02:00:00+10:00,0.0,0.0,314.788917,248.278275,0.0,0.0,0.0,945.744167,119.623333
2025-02-11 03:00:00+10:00,0.0,0.0,305.759383,260.776608,0.0,0.0,0.0,943.63,119.456667
2025-02-11 04:00:00+10:00,0.0,0.0,376.02,252.8858,0.0,0.0,0.0,979.4575,122.741667
2025-02-11 05:00:00+10:00,0.0,0.0,483.146575,257.21645,0.0,0.0,0.0,1040.9775,143.405
2025-02-11 06:00:00+10:00,0.0,0.0,546.327592,255.329783,4.0425,0.0,0.0,1115.010833,150.734167
2025-02-11 07:00:00+10:00,0.0,0.0,522.835558,252.583375,24.4935,0.0,0.0,1084.893333,140.053333
2025-02-11 08:00:00+10:00,0.0,0.0,516.301958,234.799467,48.4255,0.0,0.0,1041.408333,140.06
2025-02-11 09:00:00+10:00,0.0,0.0,504.424775,210.250092,64.8925,0.0,0.0,1005.243333,140.056667
2025-02-11 10:00:00+10:00,0.0,0.0,464.207892,227.169083,101.471,0.0,0.0,962.736667,140.05
2025-02-11 11:00:00+10:00,0.0,0.0,400.991817,237.545975,128.8885,0.0,0.0,934.266667,135.216667
2025-02-11 12:00:00+10:00,0.0,0.0,370.206417,254.554083,123.4035,0.0,0.0,934.421667,126.698333
2025-02-11 13:00:00+10:00,0.0,0.0,377.525542,251.3579,134.4835,0.0,0.0,947.783333,128.356667
2025-02-11 14:00:00+10:00,0.0,0.0,392.92065,246.7268,137.212,0.0,0.0,953.153333,129.286667
2025-02-11 15:00:00+10:00,0.0,0.0,481.063217,242.845458,121.1395,0.0,0.0,974.4225,133.4475
2025-02-11 16:00:00+10:00,0.0,0.0,496.704525,238.592233,75.6925,0.0,0.0,1023.699167,138.496667
2025-02-11 17:00:00+10:00,0.0,0.0,650.024942,240.55965,46.0265,0.0,0.0,1072.923333,167.105
2025-02-11 18:00:00+10:00,0.0,24.628392,814.436717,252.516958,18.1135,0.0,0.0,1081.463333,242.910833
2025-02-11 19:00:00+10:00,0.0,54.171708,1174.320467,271.091167,2.7965,0.0,0.0,1080.241667,166.289167
2025-02-11 20:00:00+10:00,0.0,54.860342,861.422967,284.557333,0.0,0.0,0.0,1047.478333,139.288333
2025-02-11 21:00:00+10:00,0.0,10.598283,603.85105,336.117775,0.0,0.0,0.0,963.533333,122.460833
2025-02-11 22:00:00+10:00,0.0,0.0,449.198533,341.247225,0.0,0.0,0.0,916.396667,102.590833
2025-02-11 23:00:00+10:00,0.0,0.0,352.108608,316.353008,0.0,0.0,0.0,885.228333,101.268333
2025-02-12 00:00:00+10:00,0.0,0.0,295.041058,310.051992,0.0,0.0,0.0,867.835833,105.249167
2025-02-12 01:00:00+10:00,0.0,0.0,263.371767,321.69895,0.0,0.0,0.0,864.389167,115.836667
2025-02-12 02:00:00+10:00,0.0,0.0,238.974808,323.960225,0.0,0.0,0.0,863.825,119.4
2025-02-12 03:00:00+10:00,0.0,0.0,245.966417,311.125733,0.0,0.0,0.0,867.830833,118.725
2025-02-12 04:00:00+10:00,0.0,0.0,354.541592,283.164617,0.0,0.0,0.0,879.060833,122.324167
2025-02-12 05:00:00+10:00,0.0,0.0,602.676492,247.122617,0.0,0.0,0.0,941.545833,141.345833
2025-02-12 06:00:00+10:00,0.0,0.0,721.935825,238.776667,6.107,0.0,0.0,1028.626667,146.041667
2025-02-12 07:00:00+10:00,0.0,0.0,583.780858,178.156917,31.652,0.0,0.0,1016.074167,144.945833
2025-02-12 08:00:00+10:00,0.0,0.0,553.98785,198.242267,73.12,0.0,0.0,962.244167,134.164167
2025-02-12 09:00:00+10:00,0.0,0.0,439.051525,258.771283,109.7095,0.0,0.0,922.89,128.008333
2025-02-12 10:00:00+10:00,0.0,0.0,446.1508,265.130717,106.311,0.0,0.0,925.876667,139.4325
2025-02-12 11:00:00+10:00,0.0,0.0,446.715408,270.308683,143.2425,0.0,0.0,908.9325,143.3275
2025-02-12 12:00:00+10:00,0.0,0.0,517.1532,261.884758,164.938,0.0,0.0,903.576667,156.715
2025-02-12 13:00:00+10:00,0.0,1.935692,572.143242,294.4934,173.6825,0.0,0.0,927.490833,149.15
2025-02-12 14:00:00+10:00,0.0,46.104958,641.509658,279.255175,154.4625,0.0,0.0,950.9875,120.148333
2025-02-12 15:00:00+10:00,0.0,50.875008,1078.909817,261.64165,155.4105,0.0,0.0,997.363333,141.950833
2025-02-12 16:00:00+10:00,0.0,51.003617,1351.888475,236.30605,118.1245,0.0,0.0,1030.9375,164.614167
2025-02-12 17:00:00+10:00,0.0,51.028033,1504.083067,211.952375,81.275,0.0,0.0,1089.236667,205.240833
2025-02-12 18:00:00+10:00,0.0,51.008483,1630.564675,196.903233,30.7025,0.0,0.0,1092.766667,234.6175
2025-02-12 19:00:00+10:00,0.0,72.410408,1576.18045,191.155658,3.2605,0.0,0.0,1056.466667,151.323333
2025-02-12 20:00:00+10:00,0.0,72.273983,1412.124225,218.075717,0.0,0.0,0.0,1015.8475,141.213333
2025-02-12 21:00:00+10:00,0.0,13.018875,905.725675,294.725967,0.0,0.0,0.0,959.5575,127.670833
2025-02-12 22:00:00+10:00,0.0,0.0,485.049608,317.997417,0.0,0.0,0.0,880.966667,119.030833
2025-02-12 23:00:00+10:00,0.0,0.0,340.431342,300.8178,0.0,0.0,0.0,842.670833,120.464167
2025-02-13 00:00:00+10:00,0.0,0.0,287.280792,298.464967,0.0,0.0,0.0,820.889167,99.0175
2025-02-13 01:00:00+10:00,0.0,0.0,238.402675,325.8863,0.0,0.0,0.0,802.003333,82.6
2025-02-13 02:00:00+10:00,0.0,0.0,250.4257,315.055392,0.0,0.0,0.0,797.965,82.591667
2025-02-13 03:00:00+10:00,0.0,0.0,233.81315,363.824642,0.0,0.0,0.0,803.205833,5.389167
2025-02-13 04:00:00+10:00,0.0,0.0,257.281567,398.423033,0.0,0.0,0.0,835.8625,7.23
2025-02-13 05:00:00+10:00,0.0,0.0,277.20325,435.1652,0.0,0.0,0.0,891.8625,46.124167
2025-02-13 06:00:00+10:00,0.0,0.0,318.66565,406.261167,10.6045,0.0,0.0,956.541667,112.86
2025-02-13 07:00:00+10:00,0.0,0.0,316.0474,399.549092,36.7595,0.0,0.0,974.776667,120.000833
2025-02-13 08:00:00+10:00,0.0,0.0,335.860008,368.523617,70.337,0.0,0.0,935.524167,119.945833
2025-02-13 09:00:00+10:00,0.0,0.0,356.633908,332.128208,111.292,0.0,0.0,918.245833,120.0375
2025-02-13 10:00:00+10:00,0.0,0.0,358.522008,283.484533,136.6025,0.0,0.0,921.5975,79.51
2025-02-13 11:00:00+10:00,0.0,0.0,343.948075,246.779183,146.935,0.001667,0.0,890.060833,119.8625
2025-02-13 12:00:00+10:00,0.0,0.0,352.304933,242.2145,166.022,0.000833,0.0,929.379167,119.706667
2025-02-13 13:00:00+10:00,0.0,0.0,450.786625,252.3913,172.18,0.0,0.0,980.629167,121.7675
2025-02-13 14:00:00+10:00,0.0,5.49125,735.946625,217.684267,155.947,0.0,0.0,1027.839167,147.3375
2025-02-13 15:00:00+10:00,0.0,51.1485,1113.248733,212.68835,138.306,0.0,0.0,1059.148333,101.580833
2025-02-13 16:00:00+10:00,0.0,50.98895,1256.238433,178.111308,88.956,0.0,0.0,1108.798333,117.8725
2025-02-13 17:00:00+10:00,0.0,51.001983,1228.756808,182.7129,51.8485,0.0,0.0,1134.268333,120.803333
2025-02-13 18:00:00+10:00,0.0,51.0199,1159.462542,183.025917,15.635,0.0,0.0,1141.106667,113.414167
2025-02-13 19:00:00+10:00,0.0,51.026408,815.819508,230.850717,1.5955,0.0,0.0,1121.5,123.1125
2025-02-13 20:00:00+10:00,0.0,9.3724,548.929533,318.297617,0.0,0.849083,0.0,1058.9775,115.2575
2025-02-13 21:00:00+10:00,0.0,0.0,392.839317,356.18635,0.0,37.23425,0.0,964.036667,117.829167
2025-02-13 22:00:00+10:00,0.0,0.0,311.528825,386.994708,0.0,0.0,0.0,924.375,119.239167
2025-02-13 23:00:00+10:00,0.0,0.0,284.044792,357.004542,0.0,0.0,0.0,894.125,121.625833
2025-02-14 00:00:00+10:00,0.0,0.0,219.993917,330.907108,0.0,0.0,0.0,871.549167,95.890833
2025-02-14 01:00:00+10:00,0.0,0.0,219.815,327.472808,0.0,0.0,0.0,874.235,94.07
2025-02-14 02:00:00+10:00,0.0,0.0,224.38725,341.486158,0.0,0.0,0.0,868.111667,89.574167
2025-02-14 03:00:00+10:00,0.0,0.0,230.608217,340.66115,0.0,0.615833,0.0,901.636667,93.429167
2025-02-14 04:00:00+10:00,0.0,0.0,262.500067,331.322683,0.0,0.0,0.0,918.383333,111.500833
2025-02-14 05:00:00+10:00,0.0,0.0,593.170267,333.976267,0.0,0.0,0.0,986.004167,132.395833
2025-02-14 06:00:00+10:00,0.0,0.0,724.4987,307.861025,5.925,0.0,0.0,1056.264167,156.716667
2025-02-14 07:00:00+10:00,0.0,0.0,644.704517,275.225208,36.4975,0.0,0.0,1039.665833,125.05
2025-02-14 08:00:00+10:00,0.0,0.0,409.472242,232.099567,76.6645,0.0,0.0,973.608333,86.053333
2025-02-14 09:00:00+10:00,0.0,0.0,418.327667,191.216733,122.94,0.0,0.0,928.888333,101.8
2025-02-14 10:00:00+10:00,0.0,0.0,391.137767,174.2428,171.114,0.0,0.0,924.278333,119.39
2025-02-14 11:00:00+10:00,0.0,0.0,383.007992,165.552708,181.6215,0.0,0.0,931.269167,119.806667
2025-02-14 12:00:00+10:00,0.0,0.0,383.058133,195.816825,171.6985,0.0,0.0,912.031667,119.305833
2025-02-14 13:00:00+10:00,0.0,0.0,355.2926,235.063717,157.336,0.0,0.0,893.4425,114.0375
2025-02-14 14:00:00+10:00,0.0,0.0,330.778425,280.691592,147.237,0.047967,0.0,899.494167,111.5925
2025-02-14 15:00:00+10:00,0.0,0.0,360.558767,273.844292,97.4925,0.0,0.0,931.918333,116.296667
2025-02-14 16:00:00+10:00,0.0,0.0,411.823825,278.537567,89.3055,0.0,0.0,971.0375,114.7875
2025-02-14 17:00:00+10:00,0.0,0.0,498.959767,258.138333,41.7515,0.827433,0.0,1025.17,116.3775
2025-02-14 18:00:00+10:00,0.0,0.0,488.41445,272.7375,21.8155,0.66785,0.0,1037.594167,114.035
2025-02-14 19:00:00+10:00,0.0,0.0,453.184017,304.6414,2.063,0.0,0.0,1027.4225,110.104167
2025-02-14 20:00:00+10:00,0.0,0.0,406.260858,334.281125,0.0,0.0,0.0,985.28,108.921667
2025-02-14 21:00:00+10:00,0.0,0.0,335.977175,352.781958,0.0,0.619508,0.0,941.740833,104.6225
2025-02-14 22:00:00+10:00,0.0,0.0,321.579767,288.058542,0.0,0.0,0.0,894.259167,112.405
2025-02-14 23:00:00+10:00,0.0,0.0,301.869217,276.249333,0.0,0.0,0.0,890.116667,109.186667
2025-02-15 00:00:00+10:00,0.0,0.0,278.955758,285.829483,0.0,0.0,0.0,871.464167,101.78
2025-02-15 01:00:00+10:00,0.0,0.0,282.363942,249.561033,0.0,0.0,0.0,879.296667,109.683333
2025-02-15 02:00:00+10:00,0.0,0.0,281.287358,249.342167,0.0,0.0,0.0,884.589167,92.503333
2025-02-15 03:00:00+10:00,0.0,0.0,367.72435,158.309317,0.0,0.0,0.0,895.6625,110.19
2025-02-15 04:00:00+10:00,0.0,0.0,427.544958,115.078517,0.0,0.0,0.0,908.464167,112.878333
2025-02-15 05:00:00+10:00,0.0,0.0,428.653125,127.165308,0.0,0.0,0.0,885.383333,109.668333
2025-02-15 06:00:00+10:00,0.0,0.0,430.918283,175.941608,4.1855,0.0,0.0,881.474167,110.611667
2025-02-15 07:00:00+10:00,0.0,0.0,513.189542,123.404308,39.586,0.0,0.0,912.17,119.743333
2025-02-15 08:00:00+10:00,0.0,0.0,513.646242,106.510675,77.25,0.0,0.0,924.694167,119.825833
2025-02-15 09:00:00+10:00,0.0,0.0,467.727967,147.766625,104.5125,0.0,0.0,899.385,119.315
2025-02-15 10:00:00+10:00,0.0,0.0,427.799517,187.921117,99.664,0.0,0.0,915.771667,118.394167
2025-02-15 11:00:00+10:00,0.0,0.0,303.018633,293.191708,92.953,0.0,0.0,889.434167,110.0825
2025-02-15 12:00:00+10:00,0.0,0.0,306.562142,301.112417,91.168,1.875592,0.0,867.6225,69.2775
2025-02-15 13:00:00+10:00,0.0,0.0,402.838708,193.972508,102.909,0.0,0.0,857.375,118.905
2025-02-15 14:00:00+10:00,0.0,0.0,393.212542,245.44795,87.412,1.304067,0.0,858.69,83.764167
2025-02-15 15:00:00+10:00,0.0,0.0,370.818892,282.1562,114.245,21.026992,0.0,893.843333,0.8975
2025-02-15 16:00:00+10:00,0.0,0.0,422.020283,267.959658,80.323,0.0,0.0,943.525,113.275
2025-02-15 17:00:00+10:00,0.0,0.0,560.20545,192.0734,63.4085,0.0,0.0,984.0275,120.069167
2025-02-15 18:00:00+10:00,0.0,0.0,543.470592,228.372508,32.9355,0.0,0.0,1004.673333,118.655833
2025-02-15 19:00:00+10:00,0.0,0.0,578.538117,199.739975,5.233,0.0,0.0,1018.776667,119.41
2025-02-15 20:00:00+10:00,0.0,0.0,511.428242,251.351375,0.0,0.0,0.0,984.456667,111.34
2025-02-15 21:00:00+10:00,0.0,0.0,458.671933,262.547275,0.0,0.0,0.0,940.0575,78.304167
2025-02-15 22:00:00+10:00,0.0,0.0,401.415683,253.610867,0.0,0.0,0.0,895.7375,61.795833
2025-02-15 23:00:00+10:00,0.0,0.0,384.129417,242.108783,0.0,0.0,0.0,848.7,55.76
2025-02-16 00:00:00+10:00,0.0,0.0,389.592417,216.17,0.0,0.0,0.0,852.446667,30.145
2025-02-16 01:00:00+10:00,0.0,0.0,406.007783,182.593542,0.0,0.0,0.0,890.61,68.795833
2025-02-16 02:00:00+10:00,0.0,0.0,404.377883,169.054308,0.0,0.0,0.0,902.206667,104.155833
2025-02-16 03:00:00+10:00,0.0,0.0,416.883375,133.595525,0.0,0.0,0.0,911.419167,104.0825
2025-02-16 04:00:00+10:00,0.0,0.0,441.519633,96.058383,0.0,0.0,0.0,921.32,117.255
2025-02-16 05:00:00+10:00,0.0,0.0,501.4864,71.441417,0.0,0.0,0.0,943.57,119.183333
2025-02-16 06:00:00+10:00,0.0,0.0,504.620108,94.245275,5.7985,0.0,0.0,987.54,119.516667
2025-02-16 07:00:00+10:00,0.0,0.0,552.483658,79.45955,45.2105,0.0,0.0,991.373333,119.964167
2025-02-16 08:00:00+10:00,0.0,0.0,468.365442,116.003308,112.0975,0.0,0.0,937.1125,118.683333
2025-02-16 09:00:00+10:00,0.0,0.0,416.622925,117.449442,172.8735,0.0,0.0,895.316667,111.555
2025-02-16 10:00:00+10:00,0.0,0.0,391.040608,129.617217,184.996,0.0,0.0,868.8125,109.206667
2025-02-16 11:00:00+10:00,0.0,0.0,379.065433,156.31755,178.772,0.0,0.0,858.209167,93.37
2025-02-16 12:00:00+10:00,0.0,0.0,375.23145,147.339875,163.596,0.0,0.0,857.698333,101.2875
2025-02-16 13:00:00+10:00,0.0,0.0,391.56105,145.2512,165.938,0.0,0.0,864.068333,101.536667
2025-02-16 14:00:00+10:00,0.0,0.0,414.053117,140.066225,144.5625,0.0,0.0,884.378333,93.364167
2025-02-16 15:00:00+10:00,0.0,0.0,493.8072,121.038042,134.187,0.0,0.0,910.363333,104.224167
2025-02-16 16:00:00+10:00,0.0,0.0,574.358467,120.421217,104.343,0.0,0.0,957.934167,111.305
2025-02-16 17:00:00+10:00,0.0,0.0,648.20065,99.5338,81.5655,0.0,0.0,1027.7125,119.999167
2025-02-16 18:00:00+10:00,0.0,0.0,747.083442,122.223225,35.0745,0.0,0.0,1061.491667,133.055
2025-02-16 19:00:00+10:00,0.0,0.0,1012.76595,108.576125,3.5165,0.0,0.0,1085.098333,135.95
2025-02-16 20:00:00+10:00,0.0,0.0,1001.835967,114.466983,0.0,0.0,0.0,1081.054167,124.269167
2025-02-16 21:00:00+10:00,0.0,0.0,871.474725,100.301767,0.0,0.0,0.0,1030.17,122.033333
2025-02-16 22:00:00+10:00,0.0,0.0,630.016592,88.278783,0.0,0.0,0.0,976.180833,113.510833
2025-02-16 23:00:00+10:00,0.0,0.0,537.46055,93.086108,0.0,0.0,0.0,932.115833,111.755833
2025-02-17 00:00:00+10:00,0.0,0.0,509.072758,117.605083,0.0,0.0,0.0,928.743333,105.56
2025-02-17 01:00:00+10:00,0.0,0.0,484.434417,98.085592,0.0,0.0,0.0,919.655833,101.675833
2025-02-17 02:00:00+10:00,0.0,0.0,489.7585,75.816975,0.0,0.0,0.0,914.983333,110.02
2025-02-17 03:00:00+10:00,0.0,0.0,505.569867,70.919467,0.0,0.0,0.0,925.275,110.02
2025-02-17 04:00:00+10:00,0.0,0.0,593.611058,67.282558,0.0,0.0,0.0,968.918333,111.805833
2025-02-17 05:00:00+10:00,0.0,0.0,894.723667,62.7623,0.0,0.0,0.0,1061.444167,136.855833
2025-02-17 06:00:00+10:00,0.0,0.0,1035.386275,52.01515,6.079,0.0,0.0,1156.230833,187.251667
2025-02-17 07:00:00+10:00,0.0,0.0,736.196725,29.920958,46.2915,0.0,0.0,1106.894167,118.335
2025-02-17 08:00:00+10:00,0.0,0.0,645.336808,10.008017,108.196,0.0,0.0,1040.449167,119.58
2025-02-17 09:00:00+10:00,0.0,0.0,600.712267,0.435,168.557,0.0,0.0,968.321667,120.079167
2025-02-17 10:00:00+10:00,0.0,0.0,538.454708,3.165833,212.2725,0.0,0.0,917.709167,120.08
2025-02-17 11:00:00+10:00,0.0,0.0,489.920967,9.000433,232.76,0.0,0.0,897.335,120.08
2025-02-17 12:00:00+10:00,0.0,0.0,466.48955,21.423058,240.9435,0.0,0.0,890.675,120.08
2025-02-17 13:00:00+10:00,0.0,0.0,457.765633,28.116542,237.8005,0.0,0.0,877.715,120.08
2025-02-17 14:00:00+10:00,0.0,0.0,458.351683,40.892683,228.455,0.0,0.0,888.293333,120.08
2025-02-17 15:00:00+10:00,0.0,0.0,490.554775,56.621775,193.861,0.0,0.0,943.698333,120.08
2025-02-17 16:00:00+10:00,0.0,0.0,587.664325,46.314867,105.072,0.0,0.0,1037.806667,124.34
2025-02-17 17:00:00+10:00,0.0,0.0,719.786533,30.512717,77.6115,0.0,0.0,1100.473333,131.401667
2025-02-17 18:00:00+10:00,0.0,10.391525,1105.573175,21.681108,39.311,0.0,0.0,1141.1775,156.4275
2025-02-17 19:00:00+10:00,0.0,57.73865,1300.671842,16.66095,2.401,0.0,0.0,1124.345833,137.26
2025-02-17 20:00:00+10:00,0.0,57.857508,1228.920667,21.4575,0.0,0.0,0.0,1089.378333,125.8675
2025-02-17 21:00:00+10:00,0.0,40.105775,1107.754767,22.252933,0.0,0.0,0.0,1017.464167,123.014167
2025-02-17 22:00:00+10:00,0.0,0.0,908.518558,20.600017,0.0,0.0,0.0,970.856667,120.1125
2025-02-17 23:00:00+10:00,0.0,0.0,787.319242,19.115342,0.0,0.0,0.0,937.1075,120.054167
2025-02-18 00:00:00+10:00,0.0,0.0,684.4643,27.861308,0.0,0.0,0.0,917.914167,127.886667
2025-02-18 01:00:00+10:00,0.0,0.0,758.63225,48.362242,0.0,0.0,0.0,910.148333,136.553333
2025-02-18 02:00:00+10:00,0.0,0.0,736.375017,53.779492,0.0,0.0,0.0,899.059167,122.428333
2025-02-18 03:00:00+10:00,0.0,0.0,739.784533,108.857967,0.0,0.0,0.0,899.1975,120.484167
2025-02-18 04:00:00+10:00,0.0,0.0,879.55055,151.048717,0.0,2.491667,0.0,921.998333,124.41
2025-02-18 05:00:00+10:00,0.0,0.0,1170.32585,195.85385,0.0,0.0,0.0,984.295833,130.158333
2025-02-18 06:00:00+10:00,0.0,0.0,1271.242767,184.049242,3.9805,0.0,0.0,1077.611667,131.655
2025-02-18 07:00:00+10:00,0.0,0.0,723.093975,178.606942,33.408,0.0,0.0,1008.090833,96.274167
2025-02-18 08:00:00+10:00,0.0,0.0,443.182575,206.77875,64.389,0.0,0.0,933.345,119.869167
2025-02-18 09:00:00+10:00,0.0,0.0,356.279933,233.329533,109.9165,0.0,0.0,842.7575,71.376667
2025-02-18 10:00:00+10:00,0.0,0.0,328.151525,217.363475,134.7855,0.0,0.0,825.050833,92.183333
2025-02-18 11:00:00+10:00,0.0,0.0,278.430783,241.509142,163.767,0.0,0.0,797.969167,38.055
2025-02-18 12:00:00+10:00,0.0,0.0,285.582133,235.905133,184.2325,0.0,0.0,787.245833,11.036667
2025-02-18 13:00:00+10:00,0.0,0.0,267.680392,241.792342,186.4505,0.0,0.0,773.3525,11.0325
2025-02-18 14:00:00+10:00,0.0,0.0,279.010358,232.947967,170.363,0.3612,0.0,788.109167,60.7825
2025-02-18 15:00:00+10:00,0.0,0.0,274.897033,244.851558,167.6215,21.775625,0.0,804.1725,13.433333
2025-02-18 16:00:00+10:00,0.0,0.0,316.171867,278.454833,132.582,0.0,0.0,883.548333,83.0075
2025-02-18 17:00:00+10:00,0.0,0.0,413.660775,271.414108,78.6635,0.0,0.0,946.631667,120.035833
2025-02-18 18:00:00+10:00,0.0,0.0,479.247717,248.728758,27.1175,0.0,0.0,991.4925,120.119167
2025-02-18 19:00:00+10:00,0.0,0.0,539.917892,210.575025,2.051,0.0,0.0,1036.419167,121.625
2025-02-18 20:00:00+10:00,0.0,0.0,539.482975,167.258958,0.0,0.0,0.0,1040.6625,120.12
2025-02-18 21:00:00+10:00,0.0,0.0,530.617225,148.418092,0.0,0.0,0.0,1007.425,120.12
2025-02-18 22:00:00+10:00,0.0,0.0,526.2431,110.842917,0.0,0.0,0.0,955.600833,120.12
2025-02-18 23:00:00+10:00,0.0,0.0,482.314333,131.224917,0.0,0.0,0.0,901.278333,120.12
2025-02-19 00:00:00+10:00,0.0,0.0,416.020275,173.8681,0.0,0.0,0.0,881.775,119.12
2025-02-19 01:00:00+10:00,0.0,0.0,374.564067,195.035933,0.0,0.0,0.0,876.606667,116.870833
2025-02-19 02:00:00+10:00,0.0,0.0,411.984158,142.891667,0.0,0.0,0.0,892.445833,119.984167
2025-02-19 03:00:00+10:00,0.0,0.0,434.071258,155.002967,0.0,0.0,0.0,891.548333,119.785833
2025-02-19 04:00:00+10:00,0.0,0.0,453.324567,155.17385,0.0,0.0,0.0,926.630833,120.156667
2025-02-19 05:00:00+10:00,0.0,0.0,481.752192,193.4429,0.0,0.0,0.0,1000.056667,121.731667
2025-02-19 06:00:00+10:00,0.0,0.0,624.90235,180.041258,5.8485,0.0,0.0,1082.09,121.144167
2025-02-19 07:00:00+10:00,0.0,0.0,551.412917,181.975333,45.3455,0.0,0.0,1039.150833,120.16
2025-02-19 08:00:00+10:00,0.0,0.0,448.735833,191.774733,104.9915,0.0,0.0,923.650833,120.16
2025-02-19 09:00:00+10:00,0.0,0.0,376.974783,227.304225,140.7415,0.0,0.0,885.081667,117.288333
2025-02-19 10:00:00+10:00,0.0,0.0,268.280592,273.125808,147.8495,0.0,0.0,840.029167,114.133333
2025-02-19 11:00:00+10:00,0.0,0.0,215.465742,289.828758,179.7635,0.0,0.0,815.625833,100.6575
2025-02-19 12:00:00+10:00,0.0,0.0,201.742133,311.704792,186.685,0.0,0.0,819.971667,94.595833
2025-02-19 13:00:00+10:00,0.0,0.0,171.480642,332.244758,190.235,1.580658,0.0,822.004167,42.060833
2025-02-19 14:00:00+10:00,0.0,0.0,211.636042,315.978233,172.7785,0.0,0.0,841.080833,86.184167
2025-02-19 15:00:00+10:00,0.0,0.0,226.5297,336.614333,155.7155,5.528167,0.0,872.381667,43.231667
2025-02-19 16:00:00+10:00,0.0,0.0,282.326967,378.24635,127.37,0.0,0.0,925.364167,110.225833
2025-02-19 17:00:00+10:00,0.0,0.0,383.0328,374.91975,83.9525,0.0,0.0,1003.993333,117.204167
2025-02-19 18:00:00+10:00,0.0,0.0,441.04515,368.201383,30.798,0.0,0.0,1036.733333,124.405833
2025-02-19 19:00:00+10:00,0.0,0.0,461.18665,322.050833,2.8045,0.0,0.0,1050.613333,127.6725
2025-02-19 20:00:00+10:00,0.0,0.0,466.492592,295.523442,0.0,0.0,0.0,1039.46,122.031667
2025-02-19 21:00:00+10:00,0.0,0.0,449.4402,262.068925,0.0,0.0,0.0,989.966667,121.095833
2025-02-19 22:00:00+10:00,0.0,0.0,394.982067,249.360475,0.0,0.0,0.0,938.835,117.291667
2025-02-19 23:00:00+10:00,0.0,0.0,360.725058,236.229967,0.0,0.0,0.0,910.806667,113.828333
2025-02-20 00:00:00+10:00,0.0,0.0,311.7877,264.413092,0.0,0.0,0.0,898.714167,103.5425
2025-02-20 01:00:00+10:00,0.0,0.0,363.52845,211.110892,0.0,0.0,0.0,917.681667,117.72
2025-02-20 02:00:00+10:00,0.0,0.0,424.18485,162.752183,0.0,0.0,0.0,937.24,120.335833
2025-02-20 03:00:00+10:00,0.0,0.0,484.281775,125.280917,0.0,0.0,0.0,963.415,127.531667
2025-02-20 04:00:00+10:00,0.0,0.0,474.4313,171.117275,0.0,0.0,0.0,989.315,123.61
2025-02-20 05:00:00+10:00,0.0,0.0,602.370017,123.3591,0.0,0.0,0.0,1072.580833,123.443333
2025-02-20 06:00:00+10:00,0.0,0.0,704.993008,103.360767,5.816,0.0,0.0,1144.033333,132.53
2025-02-20 07:00:00+10:00,0.0,0.0,704.105233,71.399783,38.7135,0.0,0.0,1136.621667,139.233333
2025-02-20 08:00:00+10:00,0.0,0.0,653.253675,61.628883,83.6585,0.0,0.0,1059.340833,135.031667
2025-02-20 09:00:00+10:00,0.0,0.0,611.493167,65.970508,122.683,0.0,0.0,1037.235833,138.4
2025-02-20 10:00:00+10:00,0.0,0.0,536.7862,58.529767,158.138,0.0,0.0,999.153333,135.853333
2025-02-20 11:00:00+10:00,0.0,0.0,513.284883,76.334392,169.8675,0.0,0.0,978.828333,134.186667
2025-02-20 12:00:00+10:00,0.0,0.0,518.8659,85.247175,174.3765,0.0,0.0,947.165833,127.56
2025-02-20 13:00:00+10:00,0.0,0.0,495.660158,111.763208,181.092,0.0,0.0,951.105,120.963333
2025-02-20 14:00:00+10:00,0.0,0.0,528.25555,80.105367,163.638,0.0,0.0,956.720833,129.373333
2025-02-20 15:00:00+10:00,0.0,0.0,534.173442,89.515458,148.8785,0.0,0.0,984.803333,135.02
2025-02-20 16:00:00+10:00,0.0,0.0,561.390258,105.008917,125.326,0.0,0.0,1027.368333,125.08
2025-02-20 17:00:00+10:00,0.0,0.0,612.914467,111.653942,78.882,0.0,0.0,1099.101667,125.08
2025-02-20 18:00:00+10:00,0.0,0.0,655.935392,84.002742,28.1475,0.0,0.0,1131.599167,139.353333
2025-02-20 19:00:00+10:00,0.0,0.0,692.680792,57.986917,1.8435,0.0,0.0,1157.900833,140.148333
2025-02-20 20:00:00+10:00,0.0,0.0,707.151042,33.194425,0.0,0.0,0.0,1157.773333,140.16
2025-02-20 21:00:00+10:00,0.0,0.0,681.960233,18.707533,0.0,0.0,0.0,1104.293333,140.078333
2025-02-20 22:00:00+10:00,0.0,0.0,653.689167,12.772708,0.0,0.0,0.0,1055.273333,140.078333
2025-02-20 23:00:00+10:00,0.0,0.0,633.431817,15.424383,0.0,0.0,0.0,1018.515833,135.853333
2025-02-21 00:00:00+10:00,0.0,0.0,611.593192,14.402708,0.0,0.0,0.0,994.761667,132.52
2025-02-21 01:00:00+10:00,0.0,0.0,605.175292,15.435,0.0,0.0,0.0,989.7,130.853333
2025-02-21 02:00:00+10:00,0.0,0.0,589.693083,22.319167,0.0,0.0,0.0,989.289167,133.02
2025-02-21 03:00:00+10:00,0.0,0.0,593.3289,22.815833,0.0,0.0,0.0,995.15,137.52
2025-02-21 04:00:00+10:00,0.0,0.0,624.824108,21.099892,0.0,0.0,0.0,1038.271667,138.498333
2025-02-21 05:00:00+10:00,0.0,0.0,710.67435,23.557208,0.0,0.0,0.0,1119.82,136.826667
2025-02-21 06:00:00+10:00,0.0,0.0,775.597492,34.411492,5.0875,0.0,0.0,1202.7275,140.515
2025-02-21 07:00:00+10:00,0.0,0.0,738.091617,21.728275,38.06,0.0,0.0,1158.453333,135.14
2025-02-21 08:00:00+10:00,0.0,0.0,642.1012,10.88,98.999,0.0,0.0,1086.270833,139.409167
2025-02-21 09:00:00+10:00,0.0,0.0,599.748933,15.497758,143.6475,0.0,0.0,1052.669167,137.67
2025-02-21 10:00:00+10:00,0.0,0.0,534.726583,22.111667,185.688,0.0,0.0,979.290833,130.08
2025-02-21 11:00:00+10:00,0.0,0.0,479.129117,25.229425,217.2555,0.0,0.0,943.15,120.08
2025-02-21 12:00:00+10:00,0.0,0.0,453.090517,31.388983,231.318,0.0,0.0,935.9675,120.08
2025-02-21 13:00:00+10:00,0.0,0.0,468.55925,26.926217,234.79,0.0,0.0,944.329167,120.08
2025-02-21 14:00:00+10:00,0.0,0.0,492.5577,37.308942,203.9325,0.0,0.0,965.844167,120.08
2025-02-21 15:00:00+10:00,0.0,0.0,544.775875,37.52835,176.6465,0.0,0.0,1009.6175,120.08
2025-02-21 16:00:00+10:00,0.0,0.0,633.059383,45.902483,115.7995,0.0,0.0,1074.203333,127.745833
2025-02-21 17:00:00+10:00,0.0,0.0,903.321442,47.658208,58.874,0.0,0.0,1127.539167,144.110833
2025-02-21 18:00:00+10:00,0.0,26.596633,1245.774958,59.509933,27.6195,0.0,0.0,1140.701667,156.6925
2025-02-21 19:00:00+10:00,0.0,57.62305,1568.510058,75.037508,4.067,0.0,0.0,1165.559167,154.863333
2025-02-21 20:00:00+10:00,0.0,57.865633,1443.861683,96.307,0.0,0.0,0.0,1115.116667,132.533333
2025-02-21 21:00:00+10:00,0.0,40.294625,1157.490517,110.103908,0.0,0.0,0.0,1041.175,127.229167
2025-02-21 22:00:00+10:00,0.0,0.0,834.138167,113.869367,0.0,0.0,0.0,946.970833,120.568333
2025-02-21 23:00:00+10:00,0.0,0.0,750.238667,138.666108,0.0,0.0,0.0,920.93,126.174167
2025-02-22 00:00:00+10:00,0.0,0.0,553.155267,145.619608,0.0,0.0,0.0,913.735,126.72
2025-02-22 01:00:00+10:00,0.0,0.0,411.701158,160.029,0.0,0.0,0.0,903.565,119.663333
2025-02-22 02:00:00+10:00,0.0,0.0,378.780917,193.637967,0.0,0.0,0.0,901.926667,86.763333
2025-02-22 03:00:00+10:00,0.0,0.0,341.45955,241.222858,0.0,0.0,0.0,905.9,119.316667
2025-02-22 04:00:00+10:00,0.0,0.0,364.823358,238.290567,0.0,0.0,0.0,914.819167,120.313333
2025-02-22 05:00:00+10:00,0.0,0.0,367.093358,264.376817,0.0,0.0,0.0,945.348333,120.026667
2025-02-22 06:00:00+10:00,0.0,0.0,381.070475,278.097142,4.2625,0.0,0.0,976.1775,120.101667
2025-02-22 07:00:00+10:00,0.0,0.0,393.296692,275.453892,42.116,0.0,0.0,981.688333,121.453333
2025-02-22 08:00:00+10:00,0.0,0.0,405.919558,252.601233,95.6995,0.0,0.0,968.283333,120.953333
2025-02-22 09:00:00+10:00,0.0,0.0,340.304558,259.457367,154.5495,0.0,0.0,914.379167,65.59
2025-02-22 10:00:00+10:00,0.0,0.0,290.871933,269.511208,198.85,0.0,0.0,875.8925,11.03
2025-02-22 11:00:00+10:00,0.0,0.0,270.38905,264.091608,208.072,0.0,0.0,859.370833,11.02
2025-02-22 12:00:00+10:00,0.0,0.0,252.021483,263.282583,208.083,0.0,0.0,849.065,56.436667
2025-02-22 13:00:00+10:00,0.0,0.0,254.657875,269.33225,205.0125,0.0,0.0,851.495,120.02
2025-02-22 14:00:00+10:00,0.0,0.0,319.968942,289.753783,201.439,0.0,0.0,883.264167,120.086667
2025-02-22 15:00:00+10:00,0.0,2.658525,614.906533,318.97405,177.6745,0.0,0.0,935.369167,52.125
2025-02-22 16:00:00+10:00,0.0,46.269392,1418.053017,307.29695,139.043,0.0,0.0,1104.124167,-33.221667
2025-02-22 17:00:00+10:00,0.0,49.870525,1224.379275,329.787183,83.11,0.0,0.0,1100.341667,68.744167
2025-02-22 18:00:00+10:00,0.0,50.306833,1370.4625,341.26365,26.894,0.0,0.0,1101.3875,54.575
2025-02-22 19:00:00+10:00,0.0,51.649917,1350.285458,329.654058,0.9995,0.0,0.0,1081.198333,144.5525
2025-02-22 20:00:00+10:00,0.0,52.714642,1343.66835,359.2934,0.0,0.0,0.0,1045.9875,134.8175
2025-02-22 21:00:00+10:00,0.0,9.885217,797.1896,386.57425,0.0,0.0,0.0,979.7925,123.0975
2025-02-22 22:00:00+10:00,0.0,0.0,509.076933,388.523042,0.0,0.0,0.0,923.709167,120.72
2025-02-22 23:00:00+10:00,0.0,0.0,503.793075,369.755358,0.0,0.0,0.0,898.651667,137.379167
2025-02-23 00:00:00+10:00,0.0,0.0,433.349658,362.631367,0.0,0.0,0.0,881.705833,145.088333
2025-02-23 01:00:00+10:00,0.0,0.0,904.028958,386.676633,0.0,0.0,0.0,902.21,180.520833
2025-02-23 02:00:00+10:00,0.0,0.0,874.456017,347.676517,0.0,0.0,0.0,937.025833,135.7125
2025-02-23 03:00:00+10:00,0.0,0.0,742.58325,255.564642,0.0,0.0,0.0,975.5625,221.345833
2025-02-23 04:00:00+10:00,0.0,0.0,449.696875,228.829775,0.0,0.0,0.0,955.456667,122.6425
2025-02-23 05:00:00+10:00,0.0,0.0,733.566258,183.923225,0.0,0.0,0.0,1004.963333,247.3025
2025-02-23 06:00:00+10:00,0.0,0.0,767.418442,170.779358,0.241,0.0,0.0,1002.001667,129.64
2025-02-23 07:00:00+10:00,0.0,0.0,548.916458,201.68505,5.1365,0.0,0.0,999.11,29.544167
2025-02-23 08:00:00+10:00,0.0,0.0,509.71,227.311692,13.8945,0.0,0.0,1042.0875,85.51
2025-02-23 09:00:00+10:00,0.0,0.0,575.45435,158.657467,47.0445,0.0,0.0,1051.36,20.183333
2025-02-23 10:00:00+10:00,0.0,0.0,474.962992,196.644325,115.4715,0.0,0.0,978.830833,11.1
2025-02-23 11:00:00+10:00,0.0,0.0,438.693975,260.071092,151.127,0.0,0.0,944.553333,18.641667
2025-02-23 12:00:00+10:00,0.0,0.0,370.02505,351.198217,121.1075,0.0,0.0,936.718333,29.21
2025-02-23 13:00:00+10:00,0.0,0.0,312.349983,393.470042,137.747,2.16535,0.0,929.12,2.44
2025-02-23 14:00:00+10:00,0.0,0.0,287.788367,386.119658,153.0965,4.27305,0.0,875.35,-20.328333
2025-02-23 15:00:00+10:00,0.0,0.0,329.280967,354.980075,173.545,3.15735,0.0,907.755833,5.661667
2025-02-23 16:00:00+10:00,0.0,0.0,399.974142,385.119508,131.6795,0.496333,0.0,993.665,11.083333
2025-02-23 17:00:00+10:00,0.0,0.0,424.000792,411.426817,67.973,64.960975,0.0,1027.311667,11.151667
2025-02-23 18:00:00+10:00,0.0,0.0,424.021142,444.322258,26.746,34.009375,0.0,1069.673333,120.09
2025-02-23 19:00:00+10:00,0.0,0.0,367.857342,484.758267,1.282,0.300117,0.0,1070.255,120.07
2025-02-23 20:00:00+10:00,0.0,0.0,345.240325,480.6717,0.0,0.0,0.0,1055.335833,112.4075
2025-02-23 21:00:00+10:00,0.0,0.0,303.2277,472.3657,0.0,0.0,0.0,1010.294167,108.785
2025-02-23 22:00:00+10:00,0.0,0.0,291.225358,470.429067,0.0,0.0,0.0,969.911667,67.734167
2025-02-23 23:00:00+10:00,0.0,0.0,294.119992,434.823242,0.0,0.0,0.0,952.975,73.576667
2025-02-24 00:00:00+10:00,0.0,0.0,283.913283,460.869033,0.0,0.0,0.0,922.45,69.886667
2025-02-24 01:00:00+10:00,0.0,0.0,280.619492,451.934333,0.0,0.0,0.0,909.660833,66.344167
2025-02-24 02:00:00+10:00,0.0,0.0,278.529517,427.343042,0.0,0.0,0.0,920.1525,64.9875
2025-02-24 03:00:00+10:00,0.0,0.0,299.529933,388.420042,0.0,0.0,0.0,928.729167,108.725
2025-02-24 04:00:00+10:00,0.0,0.0,383.33095,360.767725,0.0,0.0,0.0,971.7975,120.07
2025-02-24 05:00:00+10:00,0.0,0.0,483.518725,397.0993,0.0,0.0,0.0,1025.72,120.145833
2025-02-24 06:00:00+10:00,0.0,0.0,606.542658,417.570733,3.247,0.6585,0.0,1108.525833,128.990833
2025-02-24 07:00:00+10:00,0.0,0.0,485.911733,393.075683,29.156,0.0,0.0,1099.8125,120.085
2025-02-24 08:00:00+10:00,0.0,0.0,413.423375,381.18415,92.9095,0.0,0.0,1031.798333,44.2625
2025-02-24 09:00:00+10:00,0.0,0.0,384.406508,381.871042,141.9765,0.52295,0.0,1007.610833,21.318333
2025-02-24 10:00:00+10:00,0.0,0.0,363.201383,371.339425,176.5535,1.61,0.0,993.584167,15.183333
2025-02-24 11:00:00+10:00,0.0,0.0,292.7611,395.327192,208.4705,2.637317,0.0,935.184167,14.814167
2025-02-24 12:00:00+10:00,0.0,0.0,251.157008,369.299942,208.8735,0.629525,0.0,914.3825,11.098333
2025-02-24 13:00:00+10:00,0.0,0.0,285.32645,341.01085,200.8085,2.045858,0.0,910.41,7.826667
2025-02-24 14:00:00+10:00,0.0,0.0,297.638767,310.295908,207.5265,0.925825,0.0,929.265833,11.954167
2025-02-24 15:00:00+10:00,0.0,0.0,346.725325,310.4331,177.609,3.035767,0.0,974.813333,21.776667
2025-02-24 16:00:00+10:00,0.0,0.0,397.90505,295.528842,118.9245,0.113075,0.0,1067.438333,78.538333
2025-02-24 17:00:00+10:00,0.0,0.0,544.3025,217.993825,74.0705,0.0,0.0,1143.998333,148.441667
2025-02-24 18:00:00+10:00,0.0,24.507908,1157.059817,186.071658,27.1655,0.0,0.0,1168.121667,164.680833
2025-02-24 19:00:00+10:00,0.0,54.6894,1037.621108,132.063008,1.59,0.0,0.0,1160.583333,126.425
2025-02-24 20:00:00+10:00,0.0,38.267767,642.093558,52.390392,0.0,0.0,0.0,1135.071667,120.22
2025-02-24 21:00:00+10:00,0.0,0.0,682.906958,26.133258,0.0,0.0,0.0,1112.763333,134.026667
2025-02-24 22:00:00+10:00,0.0,0.0,565.895308,73.253767,0.0,0.0,0.0,1063.0525,120.265833
2025-02-24 23:00:00+10:00,0.0,0.0,469.160125,142.02215,0.0,0.0,0.0,1040.79,120.095
2025-02-25 00:00:00+10:00,0.0,0.0,435.52265,154.321717,0.0,0.0,0.0,1020.9325,120.07
2025-02-25 01:00:00+10:00,0.0,0.0,463.166742,126.627008,0.0,0.0,0.0,1013.9175,120.085
2025-02-25 02:00:00+10:00,0.0,0.0,487.704367,94.678225,0.0,0.0,0.0,1007.555,120.1
2025-02-25 03:00:00+10:00,0.0,0.0,549.916425,64.062583,0.0,0.0,0.0,1015.603333,120.1
2025-02-25 04:00:00+10:00,0.0,0.0,583.450883,61.198633,0.0,0.0,0.0,1043.146667,120.08
2025-02-25 05:00:00+10:00,0.0,0.0,796.033858,32.327992,0.0,0.0,0.0,1132.14,131.789167
2025-02-25 06:00:00+10:00,0.0,0.0,1073.167508,20.812425,4.27,0.0,0.0,1210.366667,148.509167
2025-02-25 07:00:00+10:00,0.0,0.0,763.086525,31.19,38.2155,0.0,0.0,1155.983333,120.598333
2025-02-25 08:00:00+10:00,0.0,0.0,654.332208,21.171667,99.458,0.0,0.0,1084.691667,84.836667
2025-02-25 09:00:00+10:00,0.0,0.0,590.777608,23.978333,158.328,0.0,0.0,1020.715,99.51
2025-02-25 10:00:00+10:00,0.0,0.0,515.266425,38.858333,203.27,0.0,0.0,966.89,60.08
2025-02-25 11:00:00+10:00,0.0,0.0,473.064258,50.126667,229.869,0.0,0.0,945.405,60.08
2025-02-25 12:00:00+10:00,0.0,0.0,464.407642,48.6325,240.761,0.0,0.0,944.709167,60.08
2025-02-25 13:00:00+10:00,0.0,0.0,501.5454,36.778333,237.6695,0.0,0.0,955.156667,60.08
2025-02-25 14:00:00+10:00,0.0,0.0,528.643117,36.599808,228.0295,0.0,0.0,980.825,115.573333
2025-02-25 15:00:00+10:00,0.0,0.0,561.572567,32.498658,194.692,0.0,0.0,1021.583333,130.750833
2025-02-25 16:00:00+10:00,0.0,0.0,676.524183,19.890133,147.8645,0.0,0.0,1116.1075,148.854167
2025-02-25 17:00:00+10:00,0.0,3.253867,972.772183,24.911808,84.3615,0.0,0.0,1202.486667,146.825
2025-02-25 18:00:00+10:00,0.0,50.013783,1324.2784,31.872633,22.9695,0.0,0.0,1242.069167,140.250833
2025-02-25 19:00:00+10:00,0.0,55.003608,1388.667083,17.208083,1.265,0.0,0.0,1224.733333,139.621667
2025-02-25 20:00:00+10:00,0.0,56.003183,1175.075508,26.550842,0.0,0.0,0.0,1166.350833,126.805
2025-02-25 21:00:00+10:00,0.0,56.836742,943.863458,64.6329,0.0,0.0,0.0,1083.195,125.258333
2025-02-25 22:00:00+10:00,0.0,11.036208,913.524083,109.662425,0.0,0.0,0.0,1017.0825,128.11
2025-02-25 23:00:00+10:00,0.0,0.0,963.05425,175.8522,0.0,0.0,0.0,970.32,140.739167
2025-02-26 00:00:00+10:00,0.0,0.0,1038.0273,227.693667,0.0,0.0,0.0,990.1075,140.928333
2025-02-26 01:00:00+10:00,0.0,0.0,871.910342,288.351717,0.0,0.0,0.0,960.564167,126.853333
2025-02-26 02:00:00+10:00,0.0,0.0,702.092542,308.667933,0.0,0.0,0.0,951.395,143.540833
2025-02-26 03:00:00+10:00,0.0,0.0,610.3614,315.383208,0.0,0.0,0.0,952.036667,132.8375
2025-02-26 04:00:00+10:00,0.0,0.0,665.206833,305.744617,0.0,0.0,0.0,985.985833,125.7125
2025-02-26 05:00:00+10:00,0.0,0.0,939.545742,275.528583,0.0,0.0,0.0,1070.3,148.781667
2025-02-26 06:00:00+10:00,0.0,0.0,1139.131742,307.144308,2.9925,0.0,0.0,1150.885833,143.761667
2025-02-26 07:00:00+10:00,0.0,0.0,507.21165,305.205042,37.5285,0.0,0.0,1096.260833,120.073333
2025-02-26 08:00:00+10:00,0.0,0.0,388.469567,327.588625,90.7445,0.0,0.0,1033.009167,58.415
2025-02-26 09:00:00+10:00,0.0,0.0,346.717283,310.049267,133.252,0.0,0.0,988.209167,69.916667
2025-02-26 10:00:00+10:00,0.0,0.0,398.65985,205.910608,160.0085,0.0,0.0,965.960833,79.753333
2025-02-26 11:00:00+10:00,0.0,0.0,437.393783,169.665192,176.598,0.0,0.0,983.165833,42.809167
2025-02-26 12:00:00+10:00,0.0,0.0,430.713017,165.792225,170.7785,0.0,0.0,959.895,71.695
2025-02-26 13:00:00+10:00,0.0,0.0,428.435917,177.533408,156.9415,0.0,0.0,996.013333,79.998333
2025-02-26 14:00:00+10:00,0.0,0.0,512.5604,150.055625,121.9825,0.0,0.0,1049.208333,79.916667
2025-02-26 15:00:00+10:00,0.0,0.0,657.09415,164.730458,76.088,0.0,0.0,1046.879167,142.415833
2025-02-26 16:00:00+10:00,0.0,0.0,603.094133,165.55705,104.2065,0.0,0.0,1041.733333,117.0825
2025-02-26 17:00:00+10:00,0.0,0.0,652.156017,144.994058,80.6255,0.0,0.0,1088.225,125.121667
2025-02-26 18:00:00+10:00,0.0,27.229917,1144.922783,187.310425,24.6955,0.0,0.0,1115.92,159.84
2025-02-26 19:00:00+10:00,0.0,56.0781,1153.138008,157.776508,0.9125,0.0,0.0,1138.634167,136.171667
2025-02-26 20:00:00+10:00,0.0,56.266933,831.33735,131.590792,0.0,0.0,0.0,1119.4875,121.566667
2025-02-26 21:00:00+10:00,0.0,56.299508,745.027308,144.128992,0.0,0.0,0.0,1087.141667,129.5425
2025-02-26 22:00:00+10:00,0.0,10.326408,709.7065,123.89185,0.0,0.0,0.0,1068.901667,137.28
2025-02-26 23:00:00+10:00,0.0,0.0,842.706525,86.474117,0.0,0.0,0.0,1039.2325,177.805833
2025-02-27 00:00:00+10:00,0.0,0.0,757.060558,51.037617,0.0,0.0,0.0,1033.86,147.315833
2025-02-27 01:00:00+10:00,0.0,0.0,701.677975,47.141683,0.0,0.0,0.0,1033.39,127.243333
2025-02-27 02:00:00+10:00,0.0,0.0,675.043392,42.692167,0.0,0.0,0.0,1027.436667,121.0025
2025-02-27 03:00:00+10:00,0.0,0.0,666.958817,40.659167,0.0,0.0,0.0,1030.720833,120.94
2025-02-27 04:00:00+10:00,0.0,0.0,716.84355,38.3975,0.0,0.0,0.0,1056.0125,132.146667
2025-02-27 05:00:00+10:00,0.0,0.0,963.910117,51.159733,0.0,0.0,0.0,1133.664167,148.840833
2025-02-27 06:00:00+10:00,0.0,0.0,1426.698117,62.238183,0.5985,0.0,0.0,1241.75,204.2675
2025-02-27 07:00:00+10:00,0.0,0.0,1123.492408,38.195,14.5345,0.0,0.0,1246.9425,187.303333
2025-02-27 08:00:00+10:00,0.0,0.0,932.003217,27.378217,47.3795,0.0,0.0,1185.6575,137.989167
2025-02-27 09:00:00+10:00,0.0,0.0,672.8415,45.729508,101.2,0.0,0.0,1113.5025,80.125833
2025-02-27 10:00:00+10:00,0.0,0.0,569.470033,75.30105,147.163,0.0,0.0,1041.684167,84.445833
2025-02-27 11:00:00+10:00,0.0,0.0,519.139508,84.425458,173.594,0.0,0.0,1015.799167,101.33
2025-02-27 12:00:00+10:00,0.0,0.0,496.804575,86.067733,201.689,0.0,0.0,1020.5625,95.07
2025-02-27 13:00:00+10:00,0.0,0.0,483.517992,95.200892,227.508,0.0,0.0,1002.886667,80.165
2025-02-27 14:00:00+10:00,0.0,0.0,521.797875,76.65895,220.5,0.0,0.0,998.313333,87.711667
2025-02-27 15:00:00+10:00,0.0,0.0,569.550425,82.423375,187.7725,0.0,0.0,1052.951667,118.795
2025-02-27 16:00:00+10:00,0.0,2.655267,875.364092,69.422467,135.8755,0.0,0.0,1136.28,148.119167
2025-02-27 17:00:00+10:00,0.0,51.124092,1208.110825,69.4379,71.6435,0.0,0.0,1213.95,178.948333
2025-02-27 18:00:00+10:00,0.0,55.923425,1477.035075,94.850967,21.47,0.0,0.0,1236.663333,221.999167
2025-02-27 19:00:00+10:00,0.0,56.014583,1519.191075,111.925517,0.9545,0.0,0.0,1240.2175,183.771667
2025-02-27 20:00:00+10:00,0.0,56.507883,1185.270525,121.494217,0.0,0.0,0.0,1209.773333,137.7325
2025-02-27 21:00:00+10:00,0.0,56.704875,830.80525,97.780192,0.0,0.0,0.0,1119.1025,136.6925
2025-02-27 22:00:00+10:00,0.0,56.6886,869.066275,95.547617,0.0,0.0,0.0,1065.0025,147.820833
2025-02-27 23:00:00+10:00,0.0,56.667425,756.58245,131.639425,0.0,0.0,0.0,1000.314167,120.0825
2025-02-28 00:00:00+10:00,0.0,39.44645,790.423067,133.452783,0.0,0.0,0.0,992.945833,130.058333
2025-02-28 01:00:00+10:00,0.0,0.0,553.343933,210.834683,0.0,0.0,0.0,989.85,119.883333
2025-02-28 02:00:00+10:00,0.0,0.0,320.432708,334.720192,0.0,0.0,0.0,971.529167,113.489167
2025-02-28 03:00:00+10:00,0.0,0.0,309.650583,386.491758,0.0,0.0,0.0,963.795,112.3425
2025-02-28 04:00:00+10:00,0.0,0.0,305.8613,414.083717,0.0,0.0,0.0,990.494167,109.866667
2025-02-28 05:00:00+10:00,0.0,0.0,468.475133,445.44795,0.0,0.0,0.0,1028.2975,114.7825
2025-02-28 06:00:00+10:00,0.0,0.0,957.824675,425.872525,2.393,0.0,0.0,1127.808333,131.150833
2025-02-28 07:00:00+10:00,0.0,0.0,599.793292,430.540467,27.268,0.0,0.0,1067.704167,123.185833
2025-02-28 08:00:00+10:00,0.0,0.0,412.692717,399.684717,76.3365,0.2557,0.0,1019.5775,123.126667
2025-02-28 09:00:00+10:00,0.0,0.0,263.413333,376.431092,129.622,2.751467,0.0,953.4625,90.486667
2025-02-28 10:00:00+10:00,0.0,0.0,256.669083,343.679917,186.179,5.03525,0.0,926.865833,98.4425
2025-02-28 11:00:00+10:00,0.0,0.0,200.387967,343.218817,213.335,3.37345,0.0,928.879167,33.2825
2025-02-28 12:00:00+10:00,0.0,0.0,232.532975,328.412183,226.8955,3.798417,0.0,947.608333,61.151667
2025-02-28 13:00:00+10:00,0.0,0.0,259.07465,297.634875,231.443,2.97175,0.0,949.53,61.725
2025-02-28 14:00:00+10:00,0.0,0.0,303.447458,265.534075,232.8275,3.461983,0.0,954.743333,60.700833
2025-02-28 15:00:00+10:00,0.0,0.0,402.533167,231.827,179.8185,0.0,0.0,1017.153333,66.780833
2025-02-28 16:00:00+10:00,0.0,0.0,516.095117,199.469642,124.289,0.0,0.0,1110.6175,115.859167
2025-02-28 17:00:00+10:00,0.0,0.0,646.374742,194.607042,76.561,0.237258,0.0,1159.788333,127.980833
2025-02-28 18:00:00+10:00,0.0,12.06185,861.3482,198.856683,24.9995,0.0,0.0,1173.598333,128.740833
2025-02-28 19:00:00+10:00,0.0,55.724817,1375.182608,182.104358,0.676,0.0,0.0,1178.8325,146.673333
2025-02-28 20:00:00+10:00,0.0,55.9983,1232.218425,178.363142,0.0,0.0,0.0,1140.436667,138.9675
2025-02-28 21:00:00+10:00,0.0,56.371125,1100.895508,193.895075,0.0,0.0,0.0,1109.266667,128.964167
2025-02-28 22:00:00+10:00,0.0,57.027208,1039.758075,157.774783,0.0,0.0,0.0,1076.98,127.0075
2025-02-28 23:00:00+10:00,0.0,57.277908,979.159208,154.999975,0.0,0.0,0.0,1039.0725,122.248333
2025-03-01 00:00:00+10:00,0.0,57.833083,903.590125,126.515733,0.0,0.0,0.0,1018.198333,121.695833
2025-03-01 01:00:00+10:00,0.0,57.844475,886.346675,145.925492,0.0,0.0,0.0,971.888333,134.189167
2025-03-01 02:00:00+10:00,0.0,39.977158,805.560925,158.448883,0.0,0.0,0.0,901.878333,120.7475
2025-03-01 03:00:00+10:00,0.0,0.0,732.155158,207.227283,0.0,0.0,0.0,955.608333,123.315833
2025-03-01 04:00:00+10:00,0.0,0.0,752.204633,247.479633,0.0,0.0,0.0,955.633333,123.524167
2025-03-01 05:00:00+10:00,0.0,0.0,794.922233,280.712792,0.0,0.0,0.0,949.346667,134.325833
2025-03-01 06:00:00+10:00,0.0,0.0,884.907392,295.948525,2.28,0.0,0.0,1003.810833,145.1525
2025-03-01 07:00:00+10:00,0.0,0.0,446.74975,308.079567,27.839,0.0,0.0,1006.155833,83.373333
2025-03-01 08:00:00+10:00,0.0,0.0,227.530525,346.689908,87.947,0.0,0.0,972.303333,92.01
2025-03-01 09:00:00+10:00,0.0,0.0,256.9924,309.371958,138.7695,0.0,0.0,991.43,82.519167
2025-03-01 10:00:00+10:00,0.0,0.0,294.864242,320.176825,159.522,0.0,0.0,1043.710833,16.830833
2025-03-01 11:00:00+10:00,0.0,0.0,268.57915,332.933492,152.4485,0.090433,0.0,995.815,14.07
2025-03-01 12:00:00+10:00,0.0,0.0,241.938475,335.357642,159.6565,0.0,0.0,993.28,4.793333
2025-03-01 13:00:00+10:00,0.0,0.0,219.727867,340.654575,176.157,0.0,0.0,941.454167,23.4025
2025-03-01 14:00:00+10:00,0.0,0.0,229.65585,352.6602,176.2505,0.0773,0.0,966.519167,27.306667
2025-03-01 15:00:00+10:00,0.0,0.0,283.890542,322.863658,146.5365,0.0,0.0,999.828333,129.9
2025-03-01 16:00:00+10:00,0.0,0.0,339.36615,311.346825,98.0475,0.0,0.0,1045.8125,121.485833
2025-03-01 17:00:00+10:00,0.0,0.0,422.952433,310.579858,55.948,0.0,0.0,1101.801667,122.595833
2025-03-01 18:00:00+10:00,0.0,0.0,462.4995,277.783033,20.4705,1.044508,0.0,1121.863333,120.068333
2025-03-01 19:00:00+10:00,0.0,0.0,620.04425,275.777425,0.838,0.0,0.0,1116.43,123.789167
2025-03-01 20:00:00+10:00,0.0,0.0,491.865867,292.8232,0.0,0.0,0.0,1055.613333,119.9275
2025-03-01 21:00:00+10:00,0.0,0.0,484.945,304.014692,0.0,0.0,0.0,1020.261667,119.24
2025-03-01 22:00:00+10:00,0.0,0.0,549.394867,309.023525,0.0,0.0,0.0,1019.071667,127.804167
2025-03-01 23:00:00+10:00,0.0,0.0,522.654808,303.663317,0.0,0.0,0.0,997.774167,120.791667
2025-03-02 00:00:00+10:00,0.0,0.0,334.259508,254.805,0.0,0.0,0.0,974.62,120.02
2025-03-02 01:00:00+10:00,0.0,0.0,325.417367,269.250067,0.0,0.0,0.0,966.020833,120.025
2025-03-02 02:00:00+10:00,0.0,0.0,297.763717,304.540192,0.0,0.0,0.0,952.056667,111.565
2025-03-02 03:00:00+10:00,0.0,0.0,290.538258,304.133283,0.0,0.0,0.0,946.261667,119.936667
2025-03-02 04:00:00+10:00,0.0,0.0,360.251817,234.474792,0.0,0.0,0.0,956.699167,120.511667
2025-03-02 05:00:00+10:00,0.0,0.0,421.685192,182.046033,0.0,0.0,0.0,976.313333,127.331667
2025-03-02 06:00:00+10:00,0.0,0.0,448.334825,166.050625,1.942,0.0,0.0,1012.780833,126.728333
2025-03-02 07:00:00+10:00,0.0,0.0,540.050025,130.221492,25.141,0.0,0.0,1050.2475,121.945
2025-03-02 08:00:00+10:00,0.0,26.450108,506.930933,152.392742,71.5235,0.0,0.0,1035.983333,75.410833
2025-03-02 09:00:00+10:00,0.0,56.104133,440.338517,156.79815,103.3985,0.0,0.0,1019.03,105.659167
2025-03-02 10:00:00+10:00,0.0,55.752483,403.530075,109.474908,174.7585,0.0,0.0,964.6475,12.773333
2025-03-02 11:00:00+10:00,0.0,55.690617,351.301958,120.11495,192.271,0.0,0.0,931.644167,11.08
2025-03-02 12:00:00+10:00,0.0,54.761033,327.707275,129.048083,205.9715,0.0,0.0,909.8825,11.07
2025-03-02 13:00:00+10:00,0.0,53.977975,342.021325,122.697825,200.632,0.0,0.0,915.539167,11.08
2025-03-02 14:00:00+10:00,0.0,53.911217,355.730883,134.249375,194.0315,0.0,0.0,930.780833,11.08
2025-03-02 15:00:00+10:00,0.0,54.629175,385.045817,139.897033,173.149,0.0,0.0,977.8,11.246667
2025-03-02 16:00:00+10:00,0.0,54.720333,467.978575,136.58925,124.1185,0.0,0.0,1048.9575,58.7275
2025-03-02 17:00:00+10:00,0.0,54.927092,566.532142,117.392575,73.1445,0.0,0.0,1121.254167,125.2825
2025-03-02 18:00:00+10:00,0.0,55.5669,604.884408,85.635617,21.7445,0.0,0.0,1146.225,140.1375
2025-03-02 19:00:00+10:00,0.0,56.566492,637.273083,50.5208,0.765,0.0,0.0,1159.401667,140.199167
2025-03-02 20:00:00+10:00,0.0,56.978367,621.093033,51.57535,0.0,0.0,0.0,1139.481667,140.103333
2025-03-02 21:00:00+10:00,0.0,57.237233,567.7865,58.313142,0.0,0.0,0.0,1083.536667,125.065
2025-03-02 22:00:00+10:00,0.0,57.647467,503.186058,64.800833,0.0,0.0,0.0,1038.491667,120.08
2025-03-02 23:00:00+10:00,0.0,57.766325,494.686833,49.829167,0.0,0.0,0.0,1008.148333,120.08
2025-03-03 00:00:00+10:00,0.0,57.821667,473.956042,50.865833,0.0,0.0,0.0,965.245,120.08
2025-03-03 01:00:00+10:00,0.0,57.828192,478.23835,56.001667,0.0,0.0,0.0,975.35,120.08
2025-03-03 02:00:00+10:00,0.0,57.764692,485.530308,50.298333,0.0,0.0,0.0,974.27,120.08
2025-03-03 03:00:00+10:00,0.0,57.836325,494.42155,46.591667,0.0,0.0,0.0,981.73,120.08
2025-03-03 04:00:00+10:00,0.0,57.86075,524.763917,48.473033,0.0,0.0,0.0,1010.711667,120.08
2025-03-03 05:00:00+10:00,0.0,57.8754,598.792342,50.90385,0.0,0.0,0.0,1084.4625,121.745833
2025-03-03 06:00:00+10:00,0.0,57.857492,703.921183,55.5536,2.053,0.0,0.0,1171.923333,125.9775
2025-03-03 07:00:00+10:00,0.0,57.854233,695.6199,40.483767,25.605,0.0,0.0,1192.758333,128.413333
2025-03-03 08:00:00+10:00,0.0,57.647483,668.242283,26.265833,55.543,0.0,0.0,1154.491667,138.420833
2025-03-03 09:00:00+10:00,0.0,56.85465,588.667633,41.171542,103.2675,0.0,0.0,1068.315,120.08
2025-03-03 10:00:00+10:00,0.0,55.926675,505.319042,57.9445,181.758,0.0,0.0,1010.171667,120.08
2025-03-03 11:00:00+10:00,0.0,55.055708,434.952033,90.91755,203.3865,0.0,0.0,967.679167,120.08
2025-03-03 12:00:00+10:00,0.0,54.946642,415.080075,88.736658,230.3185,0.0,0.0,952.1625,137.3625
2025-03-03 13:00:00+10:00,0.0,54.621033,421.417658,91.654442,234.1565,0.0,0.0,945.920833,131.265833
2025-03-03 14:00:00+10:00,0.0,54.705667,405.956358,123.416067,208.4495,0.0,0.0,960.051667,129.516667
2025-03-03 15:00:00+10:00,0.0,54.840808,464.907433,129.149758,178.3155,0.0,0.0,1007.933333,140.078333
2025-03-03 16:00:00+10:00,0.0,54.993842,520.154908,143.730358,132.6045,0.0,0.0,1074.6075,140.265833
2025-03-03 17:00:00+10:00,0.0,54.984083,592.321517,143.693908,78.495,0.0,0.0,1138.731667,142.226667
2025-03-03 18:00:00+10:00,0.0,55.006875,656.580767,98.972767,20.0495,0.0,0.0,1174.958333,139.923333
2025-03-03 19:00:00+10:00,0.0,55.013367,663.183075,74.812617,0.373,0.0,0.0,1184.285,136.03
2025-03-03 20:00:00+10:00,0.0,55.0085,647.267933,57.858508,0.0,0.0,0.0,1156.915,131.186667
2025-03-03 21:00:00+10:00,0.0,10.248267,649.431033,61.483158,0.0,0.0,0.0,1113.346667,131.424167
2025-03-03 22:00:00+10:00,0.0,0.0,624.159917,56.738342,0.0,0.0,0.0,1059.6025,140.179167
2025-03-03 23:00:00+10:00,0.0,0.0,633.31445,24.839167,0.0,0.0,0.0,1049.8125,140.203333
2025-03-04 00:00:00+10:00,0.0,0.0,620.087883,23.33,0.0,0.0,0.0,1038.388333,140.12
2025-03-04 01:00:00+10:00,0.0,0.0,597.867958,43.9325,0.0,0.0,0.0,1024.110833,140.103333
2025-03-04 02:00:00+10:00,0.0,0.0,586.22645,43.715833,0.0,0.0,0.0,1023.040833,140.12
2025-03-04 03:00:00+10:00,0.0,0.0,586.178683,37.532317,0.0,0.0,0.0,1034.08,140.13
2025-03-04 04:00:00+10:00,0.0,0.0,601.9406,59.992333,0.0,0.0,0.0,1064.423333,140.115
2025-03-04 05:00:00+10:00,0.0,0.0,698.634783,94.181483,0.0,0.0,0.0,1132.44,133.389167
2025-03-04 06:00:00+10:00,0.0,0.0,896.424067,98.951208,1.2795,0.0,0.0,1215.1575,137.149167
2025-03-04 07:00:00+10:00,0.0,0.0,665.904308,121.316333,24.1845,0.0,0.0,1150.759167,83.535833
2025-03-04 08:00:00+10:00,0.0,26.080558,574.189542,151.9661,64.809,0.0,0.0,1065.036667,49.9725
2025-03-04 09:00:00+10:00,0.0,54.967792,396.483492,209.545225,115.149,0.0,0.0,980.2,2.4
2025-03-04 10:00:00+10:00,0.0,54.909183,297.203775,260.089675,167.7035,1.60185,0.0,964.4775,0.539167
2025-03-04 11:00:00+10:00,0.0,10.4713,319.418975,285.520575,185.009,0.0,0.0,967.1275,24.695833
2025-03-04 12:00:00+10:00,0.0,0.0,360.8606,314.291767,177.811,0.0,0.0,996.88,61.043333
2025-03-04 13:00:00+10:00,0.0,0.0,375.673717,313.973333,192.4135,0.0,0.0,986.458333,56.588333
2025-03-04 14:00:00+10:00,0.0,0.0,330.853225,315.971183,185.547,0.0,0.0,969.439167,55.5475
2025-03-04 15:00:00+10:00,0.0,0.0,379.0834,341.866842,146.8945,0.0,0.0,1008.334167,69.180833
2025-03-04 16:00:00+10:00,0.0,2.642242,466.505442,324.213467,108.466,0.0,0.0,1074.468333,128.115
2025-03-04 17:00:00+10:00,0.0,50.603133,790.093533,340.962733,62.36,0.0,0.0,1143.001667,155.404167
2025-03-04 18:00:00+10:00,0.0,55.350358,1431.812558,364.211275,16.157,0.0,0.0,1176.55,169.161667
2025-03-04 19:00:00+10:00,0.0,56.001558,1503.332792,342.582325,0.2845,0.0,0.0,1169.664167,157.405833
2025-03-04 20:00:00+10:00,0.0,56.180658,1154.435533,344.58845,0.0,0.0,0.0,1105.683333,126.203333
2025-03-04 21:00:00+10:00,0.0,56.823708,872.8315,382.528117,0.0,0.0,0.0,1059.925,111.003333
2025-03-04 22:00:00+10:00,0.0,10.777367,552.970158,391.6763,0.0,0.0,0.0,1006.093333,110.728333
2025-03-04 23:00:00+10:00,0.0,0.0,422.876783,382.747942,0.0,0.0,0.0,975.644167,113.7125
2025-03-05 00:00:00+10:00,0.0,0.0,372.730208,384.346967,0.0,0.0,0.0,948.115833,103.385
2025-03-05 01:00:00+10:00,0.0,0.0,294.061517,354.125475,0.0,0.0,0.0,933.948333,109.196667
2025-03-05 02:00:00+10:00,0.0,0.0,279.311783,334.605692,0.0,0.0,0.0,933.404167,108.926667
2025-03-05 03:00:00+10:00,0.0,0.0,302.410733,330.177817,0.0,0.0,0.0,942.3375,115.566667
2025-03-05 04:00:00+10:00,0.0,0.0,324.828925,308.290275,0.0,0.0,0.0,953.465,123.26
2025-03-05 05:00:00+10:00,0.0,0.0,403.754242,302.865417,0.0,0.0,0.0,1004.211667,119.9425
2025-03-05 06:00:00+10:00,0.0,0.0,682.8837,273.682233,1.566,0.0,0.0,1094.811667,146.651667
2025-03-05 07:00:00+10:00,0.0,0.0,651.721942,209.316833,29.768,0.0,0.0,1087.215,125.324167
2025-03-05 08:00:00+10:00,0.0,-0.279167,543.857783,172.070742,84.063,0.0,0.0,1026.565,20.165833
2025-03-05 09:00:00+10:00,0.0,0.9923,553.388883,127.498292,135.4535,0.0,0.0,971.1775,100.573333
2025-03-05 10:00:00+10:00,0.0,48.929475,525.2152,112.59675,190.619,0.0,0.0,930.364167,16.4425
2025-03-05 11:00:00+10:00,0.0,52.797475,462.8482,104.623867,213.652,0.0,0.0,919.055833,8.229167
2025-03-05 12:00:00+10:00,0.0,52.629933,422.967558,56.0762,230.4565,0.0,0.0,942.038333,11.3625
2025-03-05 13:00:00+10:00,0.0,51.879967,458.405658,28.273392,240.8595,0.0,0.0,968.193333,11.538333
2025-03-05 14:00:00+10:00,0.0,52.394508,479.416383,57.833908,208.2645,0.0,0.0,1014.435,11.44
2025-03-05 15:00:00+10:00,0.0,51.61545,484.03045,137.296625,155.7575,0.0,0.0,1037.86,58.665
2025-03-05 16:00:00+10:00,0.0,52.417275,528.828133,152.175058,123.5645,0.0,0.0,1115.775,65.093333
2025-03-05 17:00:00+10:00,0.0,52.411317,702.830417,189.356875,62.7885,0.0,0.0,1180.868333,131.1225
2025-03-05 18:00:00+10:00,0.0,35.9515,852.451775,213.6539,9.0885,0.0,0.0,1195.343333,124.63
2025-03-05 19:00:00+10:00,0.0,-1.016667,1151.28635,239.753867,0.257,0.0,0.0,1175.094167,145.290833
2025-03-05 20:00:00+10:00,0.0,-1.244167,1102.156992,259.079042,0.0,0.0,0.0,1131.138333,139.871667
2025-03-05 21:00:00+10:00,0.0,-0.754167,517.472792,257.824133,0.0,0.0,0.0,1051.438333,106.4725
2025-03-05 22:00:00+10:00,0.0,-0.964167,362.794908,282.14625,0.0,0.0,0.0,1004.711667,94.799167
2025-03-05 23:00:00+10:00,0.0,-1.026667,360.964333,264.343917,0.0,0.0,0.0,1007.908333,122.820833
2025-03-06 00:00:00+10:00,0.0,-1.18,335.51015,299.941692,0.0,0.0,0.0,997.636667,83.393333
2025-03-06 01:00:00+10:00,0.0,-0.98,317.655033,299.053508,0.0,0.0,0.0,999.466667,66.366667
2025-03-06 02:00:00+10:00,0.0,-0.5375,328.816625,276.553842,0.0,0.0,0.0,993.734167,17.3
2025-03-06 03:00:00+10:00,0.0,-0.91,355.186033,263.521442,0.0,0.0,0.0,1000.755833,13.235
2025-03-06 04:00:00+10:00,0.0,-0.618333,383.527758,249.554217,0.0,0.0,0.0,1038.885833,44.524167
2025-03-06 05:00:00+10:00,0.0,-0.344167,459.283792,251.35505,0.0,0.0,0.0,1141.985833,111.216667
2025-03-06 06:00:00+10:00,0.0,-0.7125,550.3046,243.931083,0.3185,0.0,0.0,1231.028333,138.473333
2025-03-06 07:00:00+10:00,0.0,-0.979167,561.9528,219.467025,15.3815,0.0,0.0,1205.193333,109.736667
2025-03-06 08:00:00+10:00,0.0,-0.996667,549.528625,193.729242,55.0695,0.0,0.0,1105.1025,16.031667
2025-03-06 09:00:00+10:00,0.0,-0.731667,509.855992,179.863192,108.62,0.0,0.0,1074.633333,29.3775
2025-03-06 10:00:00+10:00,0.0,-0.924167,462.662142,169.810042,153.6785,0.181583,0.0,1018.5,16.605
2025-03-06 11:00:00+10:00,0.0,-0.981667,414.971433,169.97635,185.176,4.616767,0.0,987.96,36.263333
2025-03-06 12:00:00+10:00,0.0,-0.788333,387.10125,192.107433,181.678,1.359492,0.0,1001.7125,11.1
2025-03-06 13:00:00+10:00,0.0,-0.891667,395.403058,199.077642,165.4695,1.7268,0.0,1015.405833,11.103333
2025-03-06 14:00:00+10:00,0.0,-0.97,426.9005,186.913758,161.6175,1.5954,0.0,1028.055833,11.106667
2025-03-06 15:00:00+10:00,0.0,-0.923333,477.178267,164.465792,153.2925,0.200242,0.0,1054.230833,11.14
2025-03-06 16:00:00+10:00,0.0,-0.943333,541.812025,157.091617,118.969,0.0,0.0,1114.8675,33.8475
2025-03-06 17:00:00+10:00,0.0,-0.61,584.424708,187.460392,66.3495,0.0,0.0,1194.384167,56.235
2025-03-06 18:00:00+10:00,0.0,-0.4325,631.46845,177.259608,15.3115,0.0,0.0,1237.3675,65.14
2025-03-06 19:00:00+10:00,0.0,-0.258333,632.719942,163.125808,0.1615,0.0,0.0,1233.996667,60.719167
2025-03-06 20:00:00+10:00,0.0,-0.356667,639.980667,121.957575,0.0,0.0,0.0,1193.689167,65.14
2025-03-06 21:00:00+10:00,0.0,-0.544167,617.814233,107.901217,0.0,0.0,0.0,1143.5975,65.14
2025-03-06 22:00:00+10:00,0.0,-0.614167,567.510867,106.165,0.0,0.0,0.0,1092.478333,47.126667
2025-03-06 23:00:00+10:00,0.0,-0.906667,539.803258,103.575833,0.0,0.0,0.0,1062.726667,56.146667
2025-03-07 00:00:00+10:00,0.0,-0.936667,527.569125,94.221925,0.0,0.0,0.0,1046.4725,65.14
2025-03-07 01:00:00+10:00,0.0,-1.0425,520.95755,95.329067,0.0,0.0,0.0,1034.590833,38.286667
2025-03-07 02:00:00+10:00,0.0,-0.700833,504.648925,101.165292,0.0,0.0,0.0,1029.505,65.14
2025-03-07 03:00:00+10:00,0.0,-0.98,518.549642,100.522217,0.0,0.0,0.0,1041.613333,65.14
2025-03-07 04:00:00+10:00,0.0,-0.89,557.537767,99.721642,0.0,0.0,0.0,1087.185,65.138333
2025-03-07 05:00:00+10:00,0.0,-0.711667,650.6802,77.200833,0.0,0.0,0.0,1163.293333,115.133333
2025-03-07 06:00:00+10:00,0.0,-0.98,709.890633,90.404275,1.234,0.0,0.0,1240.750833,140.14
2025-03-07 07:00:00+10:00,0.0,-1.13,699.589742,69.163592,26.1335,0.0,0.0,1184.974167,140.14
2025-03-07 08:00:00+10:00,0.0,-0.88,651.6571,57.048883,76.094,0.0,0.0,1108.025833,140.14
2025-03-07 09:00:00+10:00,0.0,0.0,553.3241,57.668642,128.0215,0.0,0.0,1021.66,133.621667
2025-03-07 10:00:00+10:00,0.0,0.0,482.969017,55.609592,167.7735,0.0,0.0,962.395,120.325833
2025-03-07 11:00:00+10:00,0.0,0.0,463.092025,47.428633,208.864,0.0,0.0,939.460833,120.531667
2025-03-07 12:00:00+10:00,0.0,0.0,438.543725,44.060833,223.1935,0.0,0.0,898.588333,120.12
2025-03-07 13:00:00+10:00,0.0,0.0,439.99565,53.943492,230.215,0.0,0.0,899.783333,120.12
2025-03-07 14:00:00+10:00,0.0,0.0,497.402667,57.978033,210.9315,0.0,0.0,978.9675,122.033333
2025-03-07 15:00:00+10:00,0.0,0.0,574.611783,66.758192,177.5565,0.0,0.0,1050.063333,122.175833
2025-03-07 16:00:00+10:00,0.0,0.0,648.821275,65.400333,126.3705,0.0,0.0,1128.2225,127.6625
2025-03-07 17:00:00+10:00,0.0,0.0,741.115858,59.658583,66.1295,0.0,0.0,1194.226667,143.630833
2025-03-07 18:00:00+10:00,0.0,0.0,1038.2001,39.8379,14.585,0.0,0.0,1222.390833,190.675
2025-03-07 19:00:00+10:00,0.0,0.0,1101.333117,34.359967,0.2465,0.0,0.0,1215.7475,163.698333
2025-03-07 20:00:00+10:00,0.0,0.0,935.493175,30.222475,0.0,0.0,0.0,1194.106667,130.208333
2025-03-07 21:00:00+10:00,0.0,0.0,752.0025,14.184167,0.0,0.0,0.0,1158.1475,128.158333
2025-03-07 22:00:00+10:00,0.0,0.0,668.100017,15.604167,0.0,0.0,0.0,1097.056667,130.128333
2025-03-07 23:00:00+10:00,0.0,0.0,620.840358,22.0,0.0,0.0,0.0,1059.565833,123.455
2025-03-08 00:00:00+10:00,0.0,0.0,588.713133,30.831225,0.0,0.0,0.0,1038.748333,128.461667
2025-03-08 01:00:00+10:00,0.0,0.0,574.666367,42.033992,0.0,0.0,0.0,1031.286667,140.14
2025-03-08 02:00:00+10:00,0.0,0.0,550.272875,67.442383,0.0,0.0,0.0,1022.9225,140.14
2025-03-08 03:00:00+10:00,0.0,0.0,532.71725,79.339233,0.0,0.0,0.0,1012.569167,136.801667
2025-03-08 04:00:00+10:00,0.0,0.0,535.025925,89.404892,0.0,0.0,0.0,1016.855,138.435
2025-03-08 05:00:00+10:00,0.0,0.0,546.948067,103.979008,0.0,0.0,0.0,1034.568333,131.763333
2025-03-08 06:00:00+10:00,0.0,0.0,595.963875,100.028117,0.8145,0.0,0.0,1061.435833,115.513333
2025-03-08 07:00:00+10:00,0.0,0.0,575.703217,125.305,27.167,0.0,0.0,1055.829167,70.128333
2025-03-08 08:00:00+10:00,0.0,0.0,548.717675,136.472483,86.6075,0.0,0.0,1015.034167,22.0225
2025-03-08 09:00:00+10:00,0.0,0.0,510.726292,138.81535,147.5915,0.0,0.0,983.4575,61.985
2025-03-08 10:00:00+10:00,0.0,0.0,444.76815,161.331942,178.776,0.0,0.0,944.324167,66.520833
2025-03-08 11:00:00+10:00,0.0,0.0,396.587025,171.234075,207.204,0.0,0.0,907.275,68.771667
2025-03-08 12:00:00+10:00,0.0,0.0,369.022425,187.234833,222.6755,0.0,0.0,892.5775,67.55
2025-03-08 13:00:00+10:00,0.0,0.0,359.431475,190.760992,231.187,0.0,0.0,871.613333,66.321667
2025-03-08 14:00:00+10:00,0.0,0.0,375.632017,196.875058,216.2095,0.0,0.0,905.464167,67.55
2025-03-08 15:00:00+10:00,0.0,0.0,424.083733,211.10105,185.4665,0.0,0.0,950.510833,71.895
2025-03-08 16:00:00+10:00,0.0,0.0,512.302458,217.964575,132.8725,0.0,0.0,1028.375833,89.845833
2025-03-08 17:00:00+10:00,0.0,0.0,572.1926,226.89485,66.057,0.0,0.0,1087.146667,128.900833
2025-03-08 18:00:00+10:00,0.0,0.0,932.78665,221.65375,13.6445,0.0,0.0,1116.85,140.22
2025-03-08 19:00:00+10:00,0.0,0.0,842.503542,249.908208,0.115,0.0,0.0,1114.3875,120.47
2025-03-08 20:00:00+10:00,0.0,0.0,502.099167,283.688958,0.0,0.0,0.0,1078.4975,120.260833
2025-03-08 21:00:00+10:00,0.0,0.0,435.59695,290.167458,0.0,0.0,0.0,1041.415833,120.6675
2025-03-08 22:00:00+10:00,0.0,0.0,353.419258,311.709817,0.0,0.0,0.0,994.171667,117.530833
2025-03-08 23:00:00+10:00,0.0,0.0,356.254633,283.870225,0.0,0.0,0.0,965.7175,121.005833
2025-03-09 00:00:00+10:00,0.0,0.0,328.701458,298.129133,0.0,0.0,0.0,955.104167,120.025
2025-03-09 01:00:00+10:00,0.0,0.0,295.029333,338.396808,0.0,0.0,0.0,946.643333,113.8875
2025-03-09 02:00:00+10:00,0.0,0.0,273.902725,331.567908,0.0,0.0,0.0,945.621667,103.580833
2025-03-09 03:00:00+10:00,0.0,0.0,292.532825,316.251875,0.0,0.0,0.0,946.301667,116.720833
2025-03-09 04:00:00+10:00,0.0,0.0,322.022033,290.696442,0.0,0.0,0.0,958.7225,119.82
2025-03-09 05:00:00+10:00,0.0,0.0,347.865533,274.908467,0.0,0.0,0.0,977.9675,87.884167
2025-03-09 06:00:00+10:00,0.0,0.0,397.465417,257.0923,0.5395,0.0,0.0,1003.540833,64.761667
2025-03-09 07:00:00+10:00,0.0,-0.099167,450.788825,243.616892,21.32,0.0,0.0,1009.753333,64.68
2025-03-09 08:00:00+10:00,0.0,-0.6275,439.150992,239.5827,72.158,0.0,0.0,1003.1225,64.466667
2025-03-09 09:00:00+10:00,0.0,-0.779167,443.626817,208.049633,122.6535,0.0,0.0,968.2775,64.7675
2025-03-09 10:00:00+10:00,0.0,-0.678333,437.062408,188.495708,159.7545,0.0,0.0,941.679167,64.326667
2025-03-09 11:00:00+10:00,0.0,-0.93,435.225717,160.019692,190.772,0.0,0.0,931.395833,60.269167
2025-03-09 12:00:00+10:00,0.0,-1.001667,437.728983,146.368633,187.875,0.0,0.0,930.954167,64.615
2025-03-09 13:00:00+10:00,0.0,-0.724167,436.2542,140.582525,212.3435,0.0,0.0,942.176667,64.079167
2025-03-09 14:00:00+10:00,0.0,-1.074167,481.229417,154.521517,198.182,0.0,0.0,966.946667,107.803333
2025-03-09 15:00:00+10:00,0.0,1.559842,822.98335,148.565383,176.861,0.0,0.0,1029.896667,194.521667
2025-03-09 16:00:00+10:00,0.0,47.107683,1543.133717,143.471108,112.0525,0.0,0.0,1152.855833,273.229167
2025-03-09 17:00:00+10:00,0.0,52.009708,1701.682467,132.383108,64.3535,0.0,0.0,1231.764167,219.310833
2025-03-09 18:00:00+10:00,0.0,52.13345,1404.466125,123.072408,13.9075,0.0,0.0,1200.144167,155.141667
2025-03-09 19:00:00+10:00,0.0,53.05,844.220408,145.856883,0.051,0.0,0.0,1154.7,74.853333
2025-03-09 20:00:00+10:00,0.0,53.006042,619.762067,138.872025,0.0,0.0,0.0,1106.2275,115.394167
2025-03-09 21:00:00+10:00,0.0,53.0028,610.25745,140.861767,0.0,0.0,0.0,1057.253333,119.985833
2025-03-09 22:00:00+10:00,0.0,36.537208,500.212567,124.399683,0.0,0.0,0.0,1032.631667,119.6075
2025-03-09 23:00:00+10:00,0.0,0.0,498.770858,128.139642,0.0,0.0,0.0,1006.005,127.533333
2025-03-10 00:00:00+10:00,0.0,0.0,490.95635,127.480708,0.0,0.0,0.0,983.375,125.014167
2025-03-10 01:00:00+10:00,0.0,0.0,442.839,155.293358,0.0,0.0,0.0,977.2225,121.2025
2025-03-10 02:00:00+10:00,0.0,0.0,394.932142,198.7643,0.0,0.0,0.0,966.189167,120.903333
2025-03-10 03:00:00+10:00,0.0,0.0,412.088142,189.282025,0.0,0.0,0.0,999.046667,121.155833
2025-03-10 04:00:00+10:00,0.0,0.0,465.415892,149.739658,0.0,0.0,0.0,1027.145,104.006667
2025-03-10 05:00:00+10:00,0.0,0.0,498.800158,137.584008,0.0,0.0,0.0,1051.945833,106.42
2025-03-10 06:00:00+10:00,0.0,0.0,549.443925,93.645783,0.4485,0.0,0.0,1063.8925,133.859167
2025-03-10 07:00:00+10:00,0.0,0.0,637.436225,38.720008,25.6835,0.0,0.0,1106.011667,142.746667
2025-03-10 08:00:00+10:00,0.0,0.0,633.784892,32.071375,78.3965,0.0,0.0,1106.938333,133.014167
2025-03-10 09:00:00+10:00,0.0,0.0,556.469142,54.681633,145.411,0.0,0.0,1056.1775,120.285833
2025-03-10 10:00:00+10:00,0.0,0.0,539.051533,51.093925,187.145,0.0,0.0,1031.623333,133.896667
2025-03-10 11:00:00+10:00,0.0,0.0,512.772875,79.013383,215.605,0.0,0.0,1025.6825,132.644167
2025-03-10 12:00:00+10:00,0.0,2.277575,676.919583,103.356525,213.169,0.0,0.0,1037.971667,125.933333
2025-03-10 13:00:00+10:00,0.0,47.381308,722.448442,149.281733,196.416,0.0,0.0,1050.766667,122.3825
2025-03-10 14:00:00+10:00,0.0,51.218517,825.650125,143.998958,193.5505,0.0,0.0,1056.78,130.403333
2025-03-10 15:00:00+10:00,0.0,51.934833,792.6379,168.676133,141.6325,0.0,0.0,1078.336667,105.805833
2025-03-10 16:00:00+10:00,0.0,52.703258,832.678458,158.851875,83.2165,0.0,0.0,1178.8575,112.895833
2025-03-10 17:00:00+10:00,0.0,52.831858,1135.51145,160.434458,42.4195,0.0,0.0,1243.8925,135.051667
2025-03-10 18:00:00+10:00,0.0,53.124892,1234.311675,215.551992,9.006,0.0,0.0,1241.7875,128.225833
2025-03-10 19:00:00+10:00,0.0,53.373975,826.348725,268.611392,0.0375,0.0,0.0,1174.2425,104.12
2025-03-10 20:00:00+10:00,0.0,37.595408,740.740075,301.280392,0.0,0.0,0.0,1135.255833,113.393333
2025-03-10 21:00:00+10:00,0.0,0.0,766.7173,294.423958,0.0,0.0,0.0,1080.535833,124.846667
2025-03-10 22:00:00+10:00,0.0,0.0,414.429792,275.686925,0.0,0.0,0.0,1038.396667,90.448333
2025-03-10 23:00:00+10:00,0.0,0.0,358.566025,281.95615,0.0,0.0,0.0,1003.34,86.898333
2025-03-11 00:00:00+10:00,0.0,0.0,334.770275,306.296208,0.0,1.171833,0.0,963.030833,73.921667
2025-03-11 01:00:00+10:00,0.0,0.0,330.130308,323.011767,0.0,0.8525,0.0,939.905833,73.5025
2025-03-11 02:00:00+10:00,0.0,0.0,327.290992,316.243425,0.0,0.0,0.0,930.343333,80.924167
2025-03-11 03:00:00+10:00,0.0,0.0,318.785483,316.418592,0.0,0.0,0.0,946.063333,81.101667
2025-03-11 04:00:00+10:00,0.0,0.0,369.046608,303.969358,0.0,0.0,0.0,982.651667,106.703333
2025-03-11 05:00:00+10:00,0.0,0.0,589.741492,298.166458,0.0,0.0,0.0,1038.7725,121.299167
2025-03-11 06:00:00+10:00,0.0,0.0,1230.037725,283.945375,0.146,0.0,0.0,1120.2675,158.745
2025-03-11 07:00:00+10:00,0.0,0.0,789.359858,272.115083,11.443,0.0,0.0,1093.639167,108.475
2025-03-11 08:00:00+10:00,0.0,0.0,552.304317,265.072342,33.713,0.116667,0.0,1034.038333,86.6575
2025-03-11 09:00:00+10:00,0.0,0.0,489.280767,272.499008,60.4185,1.626167,0.0,960.114167,110.849167
2025-03-11 10:00:00+10:00,0.0,0.0,446.27575,251.916575,96.1415,0.0,0.0,949.855,69.658333
2025-03-11 11:00:00+10:00,0.0,0.0,413.7248,238.228025,130.718,0.0,0.0,911.1875,101.7475
2025-03-11 12:00:00+10:00,0.0,0.0,362.086917,249.3687,162.081,0.0,0.0,885.065,120.925
2025-03-11 13:00:00+10:00,0.0,0.0,593.524425,236.7254,164.359,0.0,0.0,887.844167,130.0875
2025-03-11 14:00:00+10:00,0.0,0.0,443.0166,219.409758,164.769,0.0,0.0,874.545833,120.039167
2025-03-11 15:00:00+10:00,0.0,0.0,697.610642,243.740408,153.776,0.0,0.0,897.143333,124.0775
2025-03-11 16:00:00+10:00,0.0,0.0,802.530283,237.125658,112.9445,0.201233,0.0,938.211667,120.1275
2025-03-11 17:00:00+10:00,0.0,0.0,941.707867,221.750367,43.0975,0.412658,0.0,1012.0875,134.8
2025-03-11 18:00:00+10:00,0.0,0.0,1430.608342,204.154617,10.1105,0.0,0.0,1073.2475,132.23
2025-03-11 19:00:00+10:00,0.0,0.0,1089.920358,215.3271,0.025,0.0,0.0,1035.6725,138.373333
2025-03-11 20:00:00+10:00,0.0,0.0,1051.131758,202.531517,0.0,0.0,0.0,986.791667,136.25
2025-03-11 21:00:00+10:00,0.0,0.0,744.781575,211.146292,0.0,0.0,0.0,902.385833,120.245833
2025-03-11 22:00:00+10:00,0.0,0.0,601.21655,251.571283,0.0,0.0,0.0,923.054167,118.283333
2025-03-11 23:00:00+10:00,0.0,0.0,389.304625,276.21155,0.0,0.0,0.0,908.304167,112.501667
2025-03-12 00:00:00+10:00,0.0,0.0,344.075042,280.636358,0.0,0.0,0.0,903.680833,120.08
2025-03-12 01:00:00+10:00,0.0,0.0,339.660417,280.309508,0.0,0.0,0.0,895.19,120.08
2025-03-12 02:00:00+10:00,0.0,0.0,325.548,279.65985,0.0,0.0,0.0,881.59,120.08
2025-03-12 03:00:00+10:00,0.0,0.0,297.970525,288.505975,0.0,0.0,0.0,895.991667,120.08
2025-03-12 04:00:00+10:00,0.0,0.0,312.3453,305.066692,0.0,0.0,0.0,919.0425,108.844167
2025-03-12 05:00:00+10:00,0.0,0.0,391.727758,309.008458,0.0,0.0,0.0,1000.695,103.323333
2025-03-12 06:00:00+10:00,0.0,0.0,470.131583,328.416733,0.41,0.0,0.0,1098.305833,120.026667
2025-03-12 07:00:00+10:00,0.0,0.0,457.014933,344.690617,6.5755,0.0,0.0,1092.221667,120.028333
2025-03-12 08:00:00+10:00,0.0,0.0,452.190592,302.007058,27.8745,0.0,0.0,1036.8325,112.129167
2025-03-12 09:00:00+10:00,0.0,0.0,477.4537,240.219683,64.2655,0.0,0.0,1056.450833,139.233333
2025-03-12 10:00:00+10:00,0.0,0.0,370.415508,339.505117,79.9075,0.0,0.0,995.156667,70.938333
2025-03-12 11:00:00+10:00,0.0,0.0,375.62745,309.198017,90.131,0.0,0.0,1023.790833,126.593333
2025-03-12 12:00:00+10:00,0.0,0.0,378.917817,215.6351,94.316,0.0,0.0,941.793333,113.790833
2025-03-12 13:00:00+10:00,0.0,0.0,420.168642,232.392633,90.2215,0.9675,0.0,989.128333,113.348333
2025-03-12 14:00:00+10:00,0.0,0.0,547.546017,129.281933,24.662,4.403833,0.0,1036.700833,129.13
2025-03-12 15:00:00+10:00,0.0,2.666667,649.089875,107.511792,12.3295,0.0,0.0,1052.088333,122.5775
2025-03-12 16:00:00+10:00,0.0,51.428517,677.089992,175.417858,27.303,0.313192,0.0,1083.213333,122.675833
2025-03-12 17:00:00+10:00,0.0,55.659692,1044.172383,217.1012,19.2835,0.0,0.0,1122.585833,128.321667
2025-03-12 18:00:00+10:00,0.0,55.5213,1135.049467,188.316625,4.88,0.0,0.0,1108.374167,124.051667
2025-03-12 19:00:00+10:00,0.0,54.489283,1128.02435,146.926725,0.001,0.0,0.0,1118.320833,128.8925
2025-03-12 20:00:00+10:00,0.0,54.174242,747.65855,91.944458,0.0,0.0,0.0,1051.044167,121.2125
2025-03-12 21:00:00+10:00,0.0,37.372992,543.12655,80.047375,0.0,0.0,0.0,1021.460833,120.055
2025-03-12 22:00:00+10:00,0.0,0.0,525.608867,99.1638,0.0,0.0,0.0,997.669167,119.241667
2025-03-12 23:00:00+10:00,0.0,0.0,494.773008,83.313975,0.0,0.0,0.0,960.018333,120.08
2025-03-13 00:00:00+10:00,0.0,0.0,472.974117,83.637533,0.0,0.0,0.0,944.625833,122.195
2025-03-13 01:00:00+10:00,0.0,0.0,370.938792,159.237033,0.0,0.0,0.0,927.7,120.03
2025-03-13 02:00:00+10:00,0.0,0.0,370.219108,170.548967,0.0,0.0,0.0,948.220833,120.230833
2025-03-13 03:00:00+10:00,0.0,0.0,460.13275,101.409125,0.0,0.0,0.0,941.551667,124.734167
2025-03-13 04:00:00+10:00,0.0,0.0,495.898167,96.141283,0.0,0.0,0.0,962.376667,120.158333
2025-03-13 05:00:00+10:00,0.0,0.0,893.253275,91.176292,0.0,0.0,0.0,1058.523333,122.74
2025-03-13 06:00:00+10:00,0.0,0.0,1553.413717,81.193467,0.2955,0.0,0.0,1166.778333,183.281667
2025-03-13 07:00:00+10:00,0.0,0.0,1473.794883,54.471208,22.312,0.0,0.0,1153.620833,143.7125
2025-03-13 08:00:00+10:00,0.0,0.0,1250.228892,35.608217,66.6845,0.0,0.0,1075.4075,142.104167
2025-03-13 09:00:00+10:00,0.0,0.0,612.547308,40.505508,105.4945,0.0,0.0,1031.395,97.145
2025-03-13 10:00:00+10:00,0.0,0.0,532.576025,55.648533,145.5385,0.0,0.0,983.033333,65.081667
2025-03-13 11:00:00+10:00,0.0,0.0,514.4713,50.571992,180.416,0.0,0.0,961.600833,78.855
2025-03-13 12:00:00+10:00,0.0,0.0,489.943983,57.928092,193.8405,0.0,0.0,965.8475,57.309167
2025-03-13 13:00:00+10:00,0.0,0.0,527.549658,54.404933,193.1245,0.0,0.0,955.149167,47.859167
2025-03-13 14:00:00+10:00,0.0,0.0,539.012767,62.289917,189.0655,0.0,0.0,975.919167,84.239167
2025-03-13 15:00:00+10:00,0.0,0.0,572.190733,46.5653,144.7775,0.0,0.0,1031.511667,134.421667
2025-03-13 16:00:00+10:00,0.0,2.544567,776.429933,25.823333,104.971,0.0,0.0,1116.220833,131.904167
2025-03-13 17:00:00+10:00,0.0,50.409392,1288.694242,27.555833,50.9515,0.0,0.0,1161.305,144.855833
2025-03-13 18:00:00+10:00,0.0,54.949892,1572.32005,11.796792,9.0735,0.0,0.0,1212.013333,190.158333
2025-03-13 19:00:00+10:00,0.0,55.000358,1786.738933,8.587183,0.0055,0.0,0.0,1221.108333,153.351667
2025-03-13 20:00:00+10:00,0.0,54.984075,1552.565367,4.191667,0.0,0.0,0.0,1163.781667,119.88
2025-03-13 21:00:00+10:00,0.0,54.985692,1306.438275,2.258333,0.0,0.0,0.0,1134.595,121.561667
2025-03-13 22:00:00+10:00,0.0,10.332917,1178.771092,5.634542,0.0,0.0,0.0,1088.053333,121.8475
2025-03-13 23:00:00+10:00,0.0,0.0,1001.329375,11.310617,0.0,0.0,0.0,1053.685,129.849167
2025-03-14 00:00:00+10:00,0.0,0.0,916.178533,62.105208,0.0,0.0,0.0,1029.740833,128.410833
2025-03-14 01:00:00+10:00,0.0,0.0,665.292017,56.815767,0.0,0.0,0.0,998.905,120.945
2025-03-14 02:00:00+10:00,0.0,0.0,677.919117,63.979325,0.0,0.0,0.0,972.235,121.773333
2025-03-14 03:00:00+10:00,0.0,0.0,692.982592,104.254833,0.0,0.0,0.0,975.340833,130.995833
2025-03-14 04:00:00+10:00,0.0,0.0,971.780133,121.479592,0.0,0.0,0.0,1008.58,130.845833
2025-03-14 05:00:00+10:00,0.0,0.0,1171.446592,158.9968,0.0,0.0,0.0,1069.3275,131.69
2025-03-14 06:00:00+10:00,0.0,-0.4425,1452.491017,214.548667,0.1365,0.0,0.0,1171.053333,159.845
2025-03-14 07:00:00+10:00,0.0,-1.145,930.149425,277.967633,19.6755,0.0,0.0,1158.64,123.803333
2025-03-14 08:00:00+10:00,0.0,-1.1175,475.034075,278.213742,33.2415,0.0,0.0,1130.830833,124.775833
2025-03-14 09:00:00+10:00,0.0,-1.129167,453.072367,265.228033,43.1365,0.0,0.0,1094.075833,98.889167
2025-03-14 10:00:00+10:00,0.0,-1.056667,452.301142,245.6673,57.0185,0.0,0.0,1056.9075,54.150833
2025-03-14 11:00:00+10:00,0.0,-1.165,477.867042,178.083892,73.0795,0.0,0.0,1015.593333,111.053333
2025-03-14 12:00:00+10:00,0.0,-1.12,437.250267,243.112067,138.093,0.0,0.0,949.025833,44.779167
2025-03-14 13:00:00+10:00,0.0,-1.131667,329.827767,231.625708,182.5525,0.0,0.0,884.330833,101.654167
2025-03-14 14:00:00+10:00,0.0,-1.135833,419.87665,161.241525,198.001,0.0,0.0,886.5875,123.085833
2025-03-14 15:00:00+10:00,0.0,-1.1275,727.128175,144.0451,179.172,0.0,0.0,941.971667,140.678333
2025-03-14 16:00:00+10:00,0.0,-1.13,536.176242,146.228092,119.4525,0.0,0.0,997.666667,120.245
2025-03-14 17:00:00+10:00,0.0,25.841275,1143.658017,139.578083,55.1725,0.0,0.0,1073.678333,129.2425
2025-03-14 18:00:00+10:00,0.0,53.758683,1521.986967,112.186083,9.386,0.0,0.0,1083.626667,144.325
2025-03-14 19:00:00+10:00,0.0,54.031333,1471.526875,104.3509,0.0005,0.0,0.0,1096.509167,135.051667
2025-03-14 20:00:00+10:00,0.0,54.390325,1489.316442,63.756908,0.0,0.0,0.0,1093.596667,138.904167
2025-03-14 21:00:00+10:00,0.0,54.655008,1202.6228,34.600308,0.0,0.0,0.0,1059.344167,120.121667
2025-03-14 22:00:00+10:00,0.0,54.861758,1098.902742,33.36735,0.0,0.0,0.0,1036.24,114.483333
2025-03-14 23:00:00+10:00,0.0,9.452,889.4192,43.581267,0.0,0.0,0.0,991.808333,110.464167
2025-03-15 00:00:00+10:00,0.0,-1.138333,603.4792,54.288417,0.0,0.0,0.0,980.9425,111.168333
2025-03-15 01:00:00+10:00,0.0,-1.140833,477.412408,77.254658,0.0,0.0,0.0,978.9925,118.213333
2025-03-15 02:00:00+10:00,0.0,-1.126667,479.871442,56.624283,0.0,0.0,0.0,978.415833,120.06
2025-03-15 03:00:00+10:00,0.0,-1.1525,479.49895,98.137183,0.0,0.0,0.0,986.775,119.3225
2025-03-15 04:00:00+10:00,0.0,-1.1275,538.956208,137.962008,0.0,0.0,0.0,989.803333,120.071667
2025-03-15 05:00:00+10:00,0.0,-1.134167,680.815158,156.129542,0.0,0.0,0.0,1020.85,124.524167
2025-03-15 06:00:00+10:00,0.0,-1.0225,755.186092,136.297817,0.538,0.0,0.0,1068.738333,124.204167
2025-03-15 07:00:00+10:00,0.0,-0.769167,594.496067,103.648375,11.621,0.0,0.0,1106.644167,121.07
2025-03-15 08:00:00+10:00,0.0,-0.945,619.649333,103.474617,20.7845,0.0,0.0,1129.179167,104.454167
2025-03-15 09:00:00+10:00,0.0,-0.534167,632.11015,92.309433,31.79,0.0,0.0,1124.575,93.716667
2025-03-15 10:00:00+10:00,0.0,-0.441667,595.748575,99.985492,37.83,0.0,0.0,1097.551667,141.496667
2025-03-15 11:00:00+10:00,0.0,-0.71,459.034183,199.7613,53.282,0.0,0.0,1077.386667,65.13
2025-03-15 12:00:00+10:00,0.0,-1.0425,409.653833,210.03015,90.6775,0.0,0.0,1040.62,67.3375
2025-03-15 13:00:00+10:00,0.0,-1.173333,447.1892,188.407467,101.113,0.0,0.0,1038.579167,119.033333
2025-03-15 14:00:00+10:00,0.0,-1.161667,478.481567,177.543258,94.7465,0.0,0.0,1057.010833,103.52
2025-03-15 15:00:00+10:00,0.0,-1.21,656.43565,249.9467,94.167,0.0,0.0,1069.675,134.149167
2025-03-15 16:00:00+10:00,0.0,24.62415,1061.143733,266.550433,61.192,0.0,0.0,1114.123333,100.0625
2025-03-15 17:00:00+10:00,0.0,54.126575,1243.519817,271.744667,20.682,0.0,0.0,1188.43,141.4925
2025-03-15 18:00:00+10:00,0.0,53.871575,1317.283383,276.515283,3.337,0.0,0.0,1192.5275,135.033333
2025-03-15 19:00:00+10:00,0.0,55.196617,949.7802,310.056725,0.0,0.0,0.0,1129.42,85.133333
2025-03-15 20:00:00+10:00,0.0,32.92965,961.289825,319.015633,0.0,0.0,0.0,1079.9875,99.955833
2025-03-15 21:00:00+10:00,0.0,-1.090833,880.4195,311.797283,0.0,0.0,0.0,1021.3175,112.116667
2025-03-15 22:00:00+10:00,0.0,-1.0475,910.506142,329.828758,0.0,0.0,0.0,952.194167,118.448333
2025-03-15 23:00:00+10:00,0.0,-0.976667,1126.156225,374.984667,0.0,0.0,0.0,936.568333,122.25
2025-03-16 00:00:00+10:00,0.0,-1.031667,1105.264808,376.248392,0.0,0.0,0.0,933.695833,119.255833
2025-03-16 01:00:00+10:00,0.0,-0.448333,498.601108,458.437833,0.0,0.234433,0.0,884.705833,83.098333
2025-03-16 02:00:00+10:00,0.0,-0.934167,178.657833,523.430108,0.0,0.0,0.0,872.880833,81.690833
2025-03-16 03:00:00+10:00,0.0,-1.109167,137.112133,516.281333,0.0,0.0,0.0,882.9,74.005
2025-03-16 04:00:00+10:00,0.0,-1.05,116.467992,498.141858,0.0,0.0,0.0,906.174167,83.77
2025-03-16 05:00:00+10:00,0.0,-1.125,97.554875,513.121383,0.0,0.0,0.0,930.431667,61.505
2025-03-16 06:00:00+10:00,0.0,-1.0075,123.897708,498.604733,0.0885,0.0,0.0,973.5175,60.0775
2025-03-16 07:00:00+10:00,0.0,-0.940833,190.525617,491.847017,7.7745,0.0,0.0,1017.09,17.335
2025-03-16 08:00:00+10:00,0.0,-1.155,274.148692,422.768883,43.6405,0.0,0.0,1026.165,23.3875
2025-03-16 09:00:00+10:00,0.0,-1.1775,272.410075,451.848192,77.797,0.0,0.0,1008.130833,63.089167
2025-03-16 10:00:00+10:00,0.0,-1.156667,217.692242,460.464808,84.6855,0.161508,0.0,967.161667,65.866667
2025-03-16 11:00:00+10:00,0.0,-1.1175,178.341367,457.416308,137.384,1.684867,0.0,912.225,48.791667
2025-03-16 12:00:00+10:00,0.0,-1.176667,167.883483,450.946642,164.4275,2.866625,0.0,851.9175,11.154167
2025-03-16 13:00:00+10:00,0.0,-1.150833,154.268158,452.129558,167.901,2.893708,0.0,862.923333,-3.938333
2025-03-16 14:00:00+10:00,0.0,-1.159167,213.297367,461.188033,149.243,2.731358,0.0,902.6525,21.835
2025-03-16 15:00:00+10:00,0.0,-1.0175,178.567717,460.391783,143.9335,3.226858,0.0,935.578333,3.5325
2025-03-16 16:00:00+10:00,0.0,-0.885,236.0364,466.167792,100.1795,3.678967,0.0,1018.245,12.496667
2025-03-16 17:00:00+10:00,0.0,-1.108333,322.138483,443.108175,50.2775,0.0,0.0,1090.353333,21.194167
2025-03-16 18:00:00+10:00,0.0,-0.800833,383.770933,425.379333,10.6495,0.0,0.0,1126.715,51.73
2025-03-16 19:00:00+10:00,0.0,-1.11,406.798625,395.288617,0.0,0.0,0.0,1120.970833,65.24
2025-03-16 20:00:00+10:00,0.0,-1.074167,373.3042,411.595842,0.0,0.0,0.0,1088.983333,88.6125
2025-03-16 21:00:00+10:00,0.0,-1.034167,293.191742,441.858733,0.0,0.0,0.0,1031.955,16.841667
2025-03-16 22:00:00+10:00,0.0,-1.189167,278.827367,397.584383,0.0,0.0,0.0,959.758333,36.565
2025-03-16 23:00:00+10:00,0.0,-1.148333,261.040483,393.402525,0.0,0.0,0.0,958.271667,43.7775
2025-03-17 00:00:00+10:00,0.0,-1.0925,266.148458,367.252567,0.0,0.0,0.0,948.5,59.943333
2025-03-17 01:00:00+10:00,0.0,-1.228333,246.108592,360.739008,0.0,0.0,0.0,951.553333,98.130833
2025-03-17 02:00:00+10:00,0.0,-1.185,305.560375,327.985,0.0,0.0,0.0,962.76,103.44
2025-03-17 03:00:00+10:00,0.0,-1.218333,295.552225,340.042825,0.0,0.0,0.0,972.685833,97.775
2025-03-17 04:00:00+10:00,0.0,-1.068333,346.045975,333.421742,0.0,0.0,0.0,1017.3725,120.395833
2025-03-17 05:00:00+10:00,0.0,-0.905,468.9458,290.492975,0.0,0.0,0.0,1125.275,139.426667
2025-03-17 06:00:00+10:00,0.0,-1.195833,814.049208,251.211433,0.329,0.0,0.0,1256.114167,143.074167
2025-03-17 07:00:00+10:00,0.0,-1.12,639.797592,231.390467,21.484,0.0,0.0,1245.474167,122.025
2025-03-17 08:00:00+10:00,0.0,-0.634167,491.000767,252.565883,74.5205,0.0,0.0,1136.973333,108.999167
2025-03-17 09:00:00+10:00,0.0,0.0,488.911267,175.908008,123.779,0.0,0.0,1058.955,65.064167
2025-03-17 10:00:00+10:00,0.0,0.0,466.113517,159.638992,171.5595,0.0,0.0,1024.7875,88.579167
2025-03-17 11:00:00+10:00,0.0,0.0,473.11735,173.3333,168.308,0.0,0.0,1028.520833,59.686667
2025-03-17 12:00:00+10:00,0.0,0.0,455.326933,195.554417,148.4805,0.0,0.0,1030.971667,59.864167
2025-03-17 13:00:00+10:00,0.0,0.0,402.640692,221.392642,150.4625,0.0,0.0,1004.380833,45.945833
2025-03-17 14:00:00+10:00,0.0,0.0,348.967542,265.169258,141.3405,0.0,0.0,994.403333,27.509167
2025-03-17 15:00:00+10:00,0.0,0.0,379.792675,267.855117,93.448,0.0,0.0,1003.678333,56.895
2025-03-17 16:00:00+10:00,0.0,0.0,436.830125,268.6798,70.714,0.0,0.0,1041.665,72.3675
2025-03-17 17:00:00+10:00,0.0,0.0,492.24095,241.015042,37.764,0.0,0.0,1105.871667,133.7675
2025-03-17 18:00:00+10:00,0.0,0.0,537.211708,237.254825,5.943,0.0,0.0,1136.645833,130.804167
2025-03-17 19:00:00+10:00,0.0,0.0,549.2856,219.693308,0.0,0.0,0.0,1123.8275,123.4875
2025-03-17 20:00:00+10:00,0.0,0.0,490.562858,204.149525,0.0,0.0,0.0,1089.533333,120.350833
2025-03-17 21:00:00+10:00,0.0,0.0,460.351925,174.729158,0.0,0.0,0.0,1027.700833,115.689167
2025-03-17 22:00:00+10:00,0.0,0.0,442.367958,143.115908,0.0,0.0,0.0,990.338333,116.4975
2025-03-17 23:00:00+10:00,0.0,0.0,430.766867,133.816908,0.0,0.0,0.0,973.625,114.428333
2025-03-18 00:00:00+10:00,0.0,0.0,417.7374,142.531358,0.0,0.0,0.0,977.283333,102.400833
2025-03-18 01:00:00+10:00,0.0,0.0,425.629517,143.615058,0.0,0.0,0.0,989.649167,99.6275
2025-03-18 02:00:00+10:00,0.0,0.0,430.349775,165.33465,0.0,0.0,0.0,991.103333,83.960833
2025-03-18 03:00:00+10:00,0.0,0.0,443.107267,183.657417,0.0,0.0,0.0,994.584167,83.619167
2025-03-18 04:00:00+10:00,0.0,0.0,505.941558,152.11615,0.0,0.0,0.0,1057.304167,123.054167
2025-03-18 05:00:00+10:00,0.0,0.0,939.697617,55.481817,0.0,0.0,0.0,1163.646667,119.484167
2025-03-18 06:00:00+10:00,0.0,0.0,1393.459217,80.351433,0.408,0.0,0.0,1284.554167,141.909167
2025-03-18 07:00:00+10:00,0.0,0.0,1212.848008,52.463933,22.21,0.0,0.0,1251.850833,133.768333
2025-03-18 08:00:00+10:00,0.0,0.0,717.5593,44.389767,76.5635,0.0,0.0,1145.671667,140.528333
2025-03-18 09:00:00+10:00,0.0,0.0,595.043583,66.213933,136.0595,0.0,0.0,1070.185833,79.841667
2025-03-18 10:00:00+10:00,0.0,0.0,506.236325,94.712267,191.5745,0.0,0.0,1013.246667,65.133333
2025-03-18 11:00:00+10:00,0.0,0.0,457.293975,103.356433,216.0605,0.0,0.0,987.775833,65.093333
2025-03-18 12:00:00+10:00,0.0,0.0,453.178475,97.064767,220.932,0.0,0.0,984.299167,65.176667
2025-03-18 13:00:00+10:00,0.0,0.0,503.537217,68.871433,215.5005,0.0,0.0,996.695833,78.185
2025-03-18 14:00:00+10:00,0.0,0.0,529.760225,66.5981,204.752,0.0,0.0,1015.105833,104.339167
2025-03-18 15:00:00+10:00,0.0,0.0,589.667858,58.144767,167.822,0.0,0.0,1052.314167,109.423333
2025-03-18 16:00:00+10:00,0.0,0.0,686.80075,57.939767,113.823,0.0,0.0,1132.92,135.975
2025-03-18 17:00:00+10:00,0.0,0.0,1117.965917,53.004308,51.0925,0.0,0.0,1202.829167,135.8675
2025-03-18 18:00:00+10:00,0.0,0.0,1435.94245,49.2175,6.3165,5.428333,0.0,1236.635,139.23
2025-03-18 19:00:00+10:00,0.0,0.0,1396.907958,57.233975,0.0,0.25975,0.0,1194.491667,130.921667
2025-03-18 20:00:00+10:00,0.0,0.0,1221.213383,47.469092,0.0,0.0,0.0,1155.469167,123.57
2025-03-18 21:00:00+10:00,0.0,0.0,959.569542,45.933333,0.0,0.0,0.0,1125.459167,123.013333
2025-03-18 22:00:00+10:00,0.0,0.0,777.480567,29.905,0.0,0.0,0.0,1076.398333,116.600833
2025-03-18 23:00:00+10:00,0.0,0.0,814.519533,27.923408,0.0,0.0,0.0,1047.795,134.1075
2025-03-19 00:00:00+10:00,0.0,0.0,723.864517,54.862208,0.0,0.0,0.0,1026.6025,130.23
2025-03-19 01:00:00+10:00,0.0,0.0,594.130167,86.681158,0.0,0.0,0.0,1014.839167,127.084167
2025-03-19 02:00:00+10:00,0.0,0.0,547.728117,86.145817,0.0,0.0,0.0,1012.809167,125.215
2025-03-19 03:00:00+10:00,0.0,0.0,563.209992,74.62465,0.0,0.0,0.0,1012.455833,132.3125
2025-03-19 04:00:00+10:00,0.0,0.0,617.936967,70.956967,0.0,0.0,0.0,1051.446667,135.6725
2025-03-19 05:00:00+10:00,0.0,0.0,688.083375,60.144883,0.0,0.0,0.0,1141.406667,117.406667
2025-03-19 06:00:00+10:00,0.0,0.0,1050.446117,74.962267,0.18,0.0,0.0,1234.9675,143.568333
2025-03-19 07:00:00+10:00,0.0,0.0,938.889792,89.7156,16.719,0.0,0.0,1196.98,125.223333
2025-03-19 08:00:00+10:00,0.0,0.0,636.6017,79.419767,70.164,0.0,0.0,1098.755833,90.214167
2025-03-19 09:00:00+10:00,0.0,0.0,541.496158,86.281433,137.8265,0.0,0.0,986.7875,94.956667
2025-03-19 10:00:00+10:00,0.0,0.0,474.125992,82.353933,196.0765,0.0,0.0,887.3975,68.359167
2025-03-19 11:00:00+10:00,0.0,0.0,446.938842,79.997267,217.9315,0.0,0.0,882.259167,15.458333
2025-03-19 12:00:00+10:00,0.0,0.0,454.515992,74.144767,235.6775,0.0,0.0,877.270833,11.035
2025-03-19 13:00:00+10:00,0.0,0.0,506.507275,68.244767,234.971,0.0,0.0,907.028333,57.02
2025-03-19 14:00:00+10:00,0.0,0.0,519.131333,73.677267,210.4885,0.0,0.0,941.504167,66.505
2025-03-19 15:00:00+10:00,0.0,0.0,587.0913,91.051433,175.192,0.0,0.0,1003.156667,114.966667
2025-03-19 16:00:00+10:00,0.0,25.447275,848.806467,97.9406,117.3205,0.0,0.0,1081.730833,151.709167
2025-03-19 17:00:00+10:00,0.0,53.626308,1490.783467,108.953275,52.0845,0.0,0.0,1174.980833,145.895
2025-03-19 18:00:00+10:00,0.0,53.904725,1695.505258,119.0861,6.4935,0.0,0.0,1195.06,201.824167
2025-03-19 19:00:00+10:00,0.0,53.990983,1637.060175,157.189092,0.0,0.0,0.0,1213.555833,140.4525
2025-03-19 20:00:00+10:00,0.0,55.824117,1232.893358,227.391383,0.0,0.0,0.0,1145.384167,129.8775
2025-03-19 21:00:00+10:00,0.0,39.355292,1246.042625,279.620517,0.0,0.0,0.0,1110.363333,139.3025
2025-03-19 22:00:00+10:00,0.0,0.0,903.884792,264.963642,0.0,0.0,0.0,1025.89,122.4775
2025-03-19 23:00:00+10:00,0.0,0.0,573.929683,250.691058,0.0,0.0,0.0,935.380833,123.709167
2025-03-20 00:00:00+10:00,0.0,0.0,360.4269,279.582875,0.0,0.0,0.0,943.669167,119.901667
2025-03-20 01:00:00+10:00,0.0,0.0,289.584167,297.77455,0.0,0.0,0.0,932.9725,87.203333
2025-03-20 02:00:00+10:00,0.0,0.0,302.299625,296.825208,0.0,0.0,0.0,936.909167,42.62
2025-03-20 03:00:00+10:00,0.0,0.0,315.082575,306.131375,0.0,0.0,0.0,956.4825,10.345833
2025-03-20 04:00:00+10:00,0.0,0.0,364.738025,289.0622,0.0,0.0,0.0,1000.916667,11.915
2025-03-20 05:00:00+10:00,0.0,0.0,548.041708,173.017,0.0,0.0,0.0,1098.8425,71.230833
2025-03-20 06:00:00+10:00,0.0,0.0,701.680575,147.188933,0.364,0.0,0.0,1215.633333,98.084167
2025-03-20 07:00:00+10:00,0.0,0.0,649.390092,164.827267,21.3975,0.0,0.0,1207.883333,85.536667
2025-03-20 08:00:00+10:00,0.0,0.0,611.337375,155.2406,58.608,0.0,0.0,1131.169167,79.703333
2025-03-20 09:00:00+10:00,0.0,0.0,610.018908,126.453933,88.066,18.169525,0.0,1127.2325,85.480833
2025-03-20 10:00:00+10:00,0.0,0.0,569.618433,135.088933,131.1325,0.0,0.0,1113.631667,77.049167
2025-03-20 11:00:00+10:00,0.0,0.0,578.657467,154.5706,113.6275,0.0,0.0,1105.386667,71.3875
2025-03-20 12:00:00+10:00,0.0,0.0,524.40705,193.643675,117.847,0.0,0.0,1106.756667,88.76
2025-03-20 13:00:00+10:00,0.0,0.0,554.38495,160.605917,113.1375,0.0,0.0,1108.759167,96.0325
2025-03-20 14:00:00+10:00,0.0,0.0,601.845708,170.429508,75.341,0.0,0.0,1131.696667,100.538333
2025-03-20 15:00:00+10:00,0.0,2.591775,812.059058,213.769942,36.949,5.566842,0.0,1135.834167,154.61
2025-03-20 16:00:00+10:00,0.0,49.551408,937.781417,207.860833,32.8055,13.575417,0.0,1129.8825,132.078333
2025-03-20 17:00:00+10:00,0.0,53.973075,1338.203217,292.115825,15.49,0.001633,0.0,1181.75,126.8875
2025-03-20 18:00:00+10:00,0.0,54.65195,1202.276925,219.9992,0.8385,0.0,0.0,1162.9975,133.124167
2025-03-20 19:00:00+10:00,0.0,54.8636,1235.76975,163.684083,0.0,0.0,0.0,1184.474167,135.115
2025-03-20 20:00:00+10:00,0.0,55.210367,1132.10005,160.379175,0.0,0.0,0.0,1156.499167,135.26
2025-03-20 21:00:00+10:00,0.0,10.894567,835.685658,125.45865,0.0,0.0,0.0,1079.9075,132.250833
2025-03-20 22:00:00+10:00,0.0,0.0,554.619108,109.631558,0.0,0.0,0.0,1029.269167,120.915833
2025-03-20 23:00:00+10:00,0.0,0.0,489.867275,135.332067,0.0,0.0,0.0,999.215833,120.254167
2025-03-21 00:00:00+10:00,0.0,0.0,595.036658,54.825058,0.0,0.0,0.0,1010.073333,134.880833
2025-03-21 01:00:00+10:00,0.0,0.0,736.573908,27.252975,0.0,0.0,0.0,1014.545833,155.093333
2025-03-21 02:00:00+10:00,0.0,0.0,657.50725,35.046933,0.0,0.0,0.0,1013.671667,155.855
2025-03-21 03:00:00+10:00,0.0,0.0,818.742675,35.388933,0.0,0.0,0.0,1034.546667,137.944167
2025-03-21 04:00:00+10:00,0.0,0.0,877.215642,67.296208,0.0,0.0,0.0,1055.825833,131.319167
2025-03-21 05:00:00+10:00,0.0,0.0,1296.800658,95.56955,0.0,0.0,0.0,1142.701667,143.023333
2025-03-21 06:00:00+10:00,0.0,48.366258,1768.014833,78.772817,0.2475,0.0,0.0,1230.876667,160.224167
2025-03-21 07:00:00+10:00,0.0,57.857483,1721.9428,62.087875,21.1655,0.0,0.0,1182.366667,138.035
2025-03-21 08:00:00+10:00,0.0,57.667,1448.212375,65.698283,64.7025,0.0,0.0,1119.875833,137.2025
2025-03-21 09:00:00+10:00,0.0,12.040692,952.718967,86.4325,113.424,0.0,0.0,1054.2725,130.828333
2025-03-21 10:00:00+10:00,0.0,0.0,610.9553,95.250833,153.787,0.0,0.0,1025.396667,107.406667
2025-03-21 11:00:00+10:00,0.0,0.0,526.024008,90.57,183.9925,0.0,0.0,1016.84,112.255
2025-03-21 12:00:00+10:00,0.0,0.0,523.199633,88.4625,177.9235,0.0,0.0,1005.745,88.589167
2025-03-21 13:00:00+10:00,0.0,0.0,504.482883,67.551667,169.677,0.0,0.0,990.0725,65.6475
2025-03-21 14:00:00+10:00,0.0,0.0,542.860217,49.735833,163.903,0.0,0.0,996.106667,65.4125
2025-03-21 15:00:00+10:00,0.0,0.0,594.763417,55.346667,146.8445,0.0,0.0,1047.733333,100.115
2025-03-21 16:00:00+10:00,0.0,0.0,662.356083,42.6375,89.7185,0.0,0.0,1111.119167,114.703333
2025-03-21 17:00:00+10:00,0.0,2.6162,1144.445725,34.404608,35.4875,0.0,0.0,1174.5075,148.533333
2025-03-21 18:00:00+10:00,0.0,52.410183,1109.401775,27.189208,4.653,0.0,0.0,1171.963333,119.211667
2025-03-21 19:00:00+10:00,0.0,57.497708,1109.512308,43.451308,0.0,0.0,0.0,1165.019167,120.2575
2025-03-21 20:00:00+10:00,0.0,57.611658,1255.54505,48.768425,0.0,0.0,0.0,1174.9125,127.501667
2025-03-21 21:00:00+10:00,0.0,57.776092,1149.710475,50.953342,0.0,0.0,0.0,1130.765,122.903333
2025-03-21 22:00:00+10:00,0.0,11.002025,927.246525,42.339408,0.0,0.0,0.0,1061.730833,120.569167
2025-03-21 23:00:00+10:00,0.0,0.0,965.389867,59.964592,0.0,0.0,0.0,1028.755,122.285
2025-03-22 00:00:00+10:00,0.0,0.0,757.145692,70.373717,0.0,0.0,0.0,1013.288333,138.873333
2025-03-22 01:00:00+10:00,0.0,0.0,646.4648,90.726783,0.0,0.0,0.0,1005.858333,149.695
2025-03-22 02:00:00+10:00,0.0,0.0,673.359792,100.483775,0.0,0.0,0.0,1008.239167,164.211667
2025-03-22 03:00:00+10:00,0.0,0.0,840.8685,151.083442,0.0,0.0,0.0,1000.366667,141.030833
2025-03-22 04:00:00+10:00,0.0,0.0,992.05705,214.694825,0.0,0.0,0.0,1004.17,134.570833
2025-03-22 05:00:00+10:00,0.0,0.0,1130.631725,226.918033,0.0,0.0,0.0,1035.9225,133.0725
2025-03-22 06:00:00+10:00,0.0,0.0,1346.011358,238.488475,0.224,0.0,0.0,1089.966667,148.285
2025-03-22 07:00:00+10:00,0.0,0.0,854.431017,224.4148,19.0715,0.0,0.0,1103.74,101.4725
2025-03-22 08:00:00+10:00,0.0,0.0,525.952725,268.689008,60.4885,0.0,0.0,1116.5025,78.221667
2025-03-22 09:00:00+10:00,0.0,0.0,422.89945,263.422467,107.512,0.0,0.0,1060.723333,11.531667
2025-03-22 10:00:00+10:00,0.0,0.0,370.436133,308.376517,165.654,0.0,0.0,1003.698333,25.731667
2025-03-22 11:00:00+10:00,0.0,0.0,358.933967,265.222817,182.734,11.638633,0.0,965.363333,16.575
2025-03-22 12:00:00+10:00,0.0,0.0,302.496208,264.479983,188.5995,17.083333,0.0,966.025,8.6275
2025-03-22 13:00:00+10:00,0.0,0.0,290.1708,325.338875,161.3845,5.403483,0.0,982.8175,-7.233333
2025-03-22 14:00:00+10:00,0.0,0.0,342.541833,302.458225,125.1055,1.0609,0.0,1008.951667,11.679167
2025-03-22 15:00:00+10:00,0.0,0.0,395.147233,253.158533,111.9555,1.371625,0.0,1027.161667,36.648333
2025-03-22 16:00:00+10:00,0.0,0.0,533.7688,203.1211,89.188,1.189958,0.0,1104.829167,116.795
2025-03-22 17:00:00+10:00,0.0,0.0,811.721425,157.05565,35.427,0.0,0.0,1168.238333,135.7875
2025-03-22 18:00:00+10:00,0.0,0.0,946.560817,148.667783,4.7295,0.0,0.0,1196.089167,126.42
2025-03-22 19:00:00+10:00,0.0,0.0,1020.060417,144.274775,0.0,0.0,0.0,1184.778333,125.024167
2025-03-22 20:00:00+10:00,0.0,0.0,730.449617,111.415075,0.0,0.0,0.0,1142.304167,117.235
2025-03-22 21:00:00+10:00,0.0,0.0,606.530725,90.310058,0.0,0.0,0.0,1100.41,120.118333
2025-03-22 22:00:00+10:00,0.0,0.0,569.578867,82.299742,0.0,0.0,0.0,1076.224167,120.266667
2025-03-22 23:00:00+10:00,0.0,0.0,568.37575,49.660992,0.0,0.0,0.0,1049.0425,120.741667
2025-03-23 00:00:00+10:00,0.0,0.0,584.16045,26.075492,0.0,0.0,0.0,1043.663333,122.66
2025-03-23 01:00:00+10:00,0.0,0.0,579.292542,23.865,0.0,0.0,0.0,1016.6925,131.428333
2025-03-23 02:00:00+10:00,0.0,0.0,586.63715,15.143158,0.0,0.0,0.0,1034.65,121.443333
2025-03-23 03:00:00+10:00,0.0,0.0,600.246108,15.378758,0.0,0.0,0.0,1041.436667,130.125
2025-03-23 04:00:00+10:00,0.0,0.0,600.683175,24.610342,0.0,0.0,0.0,1037.170833,123.911667
2025-03-23 05:00:00+10:00,0.0,0.0,642.555017,24.639642,0.0,0.0,0.0,1067.964167,126.415
2025-03-23 06:00:00+10:00,0.0,0.0,757.037883,21.035833,0.0535,0.0,0.0,1111.446667,131.805
2025-03-23 07:00:00+10:00,0.0,0.0,696.395825,28.415833,14.227,0.0,0.0,1123.0425,112.641667
2025-03-23 08:00:00+10:00,0.0,0.0,712.394625,23.133333,43.5155,0.0,0.0,1127.7125,162.065
2025-03-23 09:00:00+10:00,0.0,0.0,668.238975,39.283333,66.895,0.0,0.0,1100.006667,120.13
2025-03-23 10:00:00+10:00,0.0,0.0,631.33605,28.955,104.7065,0.0,0.0,1056.380833,111.796667
2025-03-23 11:00:00+10:00,0.0,0.0,586.7159,19.753933,135.131,0.0,0.0,1020.670833,100.14
2025-03-23 12:00:00+10:00,0.0,0.0,532.720308,28.440517,170.0555,0.0,0.0,976.836667,85.556667
2025-03-23 13:00:00+10:00,0.0,0.0,537.61875,36.185425,143.4615,0.0,0.0,980.806667,65.14
2025-03-23 14:00:00+10:00,0.0,0.0,537.84555,36.4813,145.0695,0.0,0.0,989.159167,65.14
2025-03-23 15:00:00+10:00,0.0,0.0,593.788192,29.066817,133.9735,0.0,0.0,1040.140833,98.063333
2025-03-23 16:00:00+10:00,0.0,0.0,687.547858,19.129408,85.35,0.0,0.0,1104.966667,100.14
2025-03-23 17:00:00+10:00,0.0,0.0,830.32815,20.882317,43.741,0.0,0.0,1178.3675,131.381667
2025-03-23 18:00:00+10:00,0.0,0.0,1038.8025,21.7175,3.652,0.0,0.0,1200.8,133.720833
2025-03-23 19:00:00+10:00,0.0,0.0,873.128467,19.208333,0.0,0.0,0.0,1183.345833,121.46
2025-03-23 20:00:00+10:00,0.0,0.0,712.686467,13.336375,0.0,0.0,0.0,1142.325833,121.364167
2025-03-23 21:00:00+10:00,0.0,0.0,688.501767,18.3075,0.0,0.0,0.0,1109.750833,119.721667
2025-03-23 22:00:00+10:00,0.0,0.0,637.481067,28.024167,0.0,0.0,0.0,1070.688333,103.675833
2025-03-23 23:00:00+10:00,0.0,0.0,614.588683,25.566667,0.0,0.0,0.0,1040.046667,101.788333
2025-03-24 00:00:00+10:00,0.0,0.0,582.020067,31.02,0.0,0.0,0.0,1008.7975,116.7575
2025-03-24 01:00:00+10:00,0.0,0.0,567.567983,28.294125,0.0,0.0,0.0,1000.625,120.45
2025-03-24 02:00:00+10:00,0.0,0.0,554.086725,32.630575,0.0,0.0,0.0,1000.25,120.303333
2025-03-24 03:00:00+10:00,0.0,0.0,558.617292,38.608133,0.0,0.0,0.0,1016.806667,120.12
2025-03-24 04:00:00+10:00,0.0,0.0,611.377267,42.582025,0.0,0.0,0.0,1053.819167,120.795833
2025-03-24 05:00:00+10:00,0.0,0.0,834.7265,58.036608,0.0,0.0,0.0,1161.375,123.623333
2025-03-24 06:00:00+10:00,0.0,0.0,1298.607517,88.361467,0.0765,0.0,0.0,1257.68,143.266667
2025-03-24 07:00:00+10:00,0.0,0.0,1153.107933,80.882592,18.0735,0.0,0.0,1237.993333,122.640833
2025-03-24 08:00:00+10:00,0.0,0.0,710.805658,65.841392,64.003,0.0,0.0,1151.385833,118.9425
2025-03-24 09:00:00+10:00,0.0,0.0,622.484042,45.708308,115.793,0.0,0.0,1047.130833,111.98
2025-03-24 10:00:00+10:00,0.0,0.0,569.53,28.293242,163.9085,0.0,0.0,977.79,96.4575
2025-03-24 11:00:00+10:00,0.0,0.0,521.056333,30.297208,210.973,0.0,0.0,962.49,87.8275
2025-03-24 12:00:00+10:00,0.0,0.0,497.6868,58.528517,224.6985,0.0,0.0,968.275833,72.470833
2025-03-24 13:00:00+10:00,0.0,0.0,466.688758,97.084633,198.2595,0.0,0.0,974.4025,68.463333
2025-03-24 14:00:00+10:00,0.0,0.0,455.793425,115.564925,173.4805,0.0,0.0,975.165833,17.180833
2025-03-24 15:00:00+10:00,0.0,0.0,528.031292,91.338575,144.6525,0.0,0.0,1020.120833,20.434167
2025-03-24 16:00:00+10:00,0.0,0.0,670.770692,37.759775,90.4465,0.0,0.0,1116.085833,47.521667
2025-03-24 17:00:00+10:00,0.0,0.0,759.2508,35.3077,41.3365,0.0,0.0,1162.708333,67.983333
2025-03-24 18:00:00+10:00,0.0,0.0,818.344092,22.630275,4.1325,0.0,0.0,1177.6525,125.23
2025-03-24 19:00:00+10:00,0.0,0.0,745.090767,11.872217,0.0,0.0,0.0,1177.3175,127.055
2025-03-24 20:00:00+10:00,0.0,0.0,689.723442,18.802025,0.0,0.0,0.0,1123.883333,127.491667
2025-03-24 21:00:00+10:00,0.0,0.0,645.263158,17.776975,0.0,0.0,0.0,1080.739167,101.826667
2025-03-24 22:00:00+10:00,0.0,0.0,615.316742,6.209217,0.0,0.0,0.0,1033.388333,100.16
2025-03-24 23:00:00+10:00,0.0,0.0,595.999183,4.151083,0.0,0.0,0.0,1006.318333,100.16
2025-03-25 00:00:00+10:00,0.0,0.0,565.973892,9.4556,0.0,0.0,0.0,985.365,100.16
2025-03-25 01:00:00+10:00,0.0,0.0,527.586842,35.640433,0.0,0.0,0.0,944.1475,100.16
2025-03-25 02:00:00+10:00,0.0,0.0,511.140617,42.230883,0.0,0.0,0.0,918.94,100.16
2025-03-25 03:00:00+10:00,0.0,0.0,539.713317,18.64275,0.0,0.0,0.0,938.400833,101.826667
2025-03-25 04:00:00+10:00,0.0,0.0,569.132092,37.549817,0.0,0.0,0.0,982.254167,132.233333
2025-03-25 05:00:00+10:00,0.0,0.0,684.5847,7.0068,0.0,0.0,0.0,1075.525833,144.329167
2025-03-25 06:00:00+10:00,0.0,0.0,846.658025,5.4375,0.068,0.0,0.0,1195.893333,128.6275
2025-03-25 07:00:00+10:00,0.0,0.0,780.17775,2.3625,14.71,0.0,0.0,1183.69,112.22
2025-03-25 08:00:00+10:00,0.0,0.0,714.084367,4.008333,66.4305,0.0,0.0,1088.518333,101.2275
2025-03-25 09:00:00+10:00,0.0,0.0,610.728592,10.921608,127.311,0.0,0.0,982.608333,96.81
2025-03-25 10:00:00+10:00,0.0,0.0,541.614483,13.469233,180.6185,0.0,0.0,930.29,87.295833
2025-03-25 11:00:00+10:00,0.0,0.0,495.172417,22.963042,214.297,0.0,0.0,888.879167,72.041667
2025-03-25 12:00:00+10:00,0.0,0.0,493.140567,25.106525,219.5015,0.0,0.0,903.601667,64.65
2025-03-25 13:00:00+10:00,0.0,0.0,503.936742,25.199875,208.4935,0.0,0.0,918.934167,65.153333
2025-03-25 14:00:00+10:00,0.0,0.0,535.908908,37.782458,196.886,0.0,0.0,933.1775,91.396667
2025-03-25 15:00:00+10:00,0.0,0.0,566.221692,46.910083,157.4915,0.0,0.0,976.7525,114.743333
2025-03-25 16:00:00+10:00,0.0,0.0,621.806725,57.269975,83.3605,0.0,0.0,1045.488333,138.559167
2025-03-25 17:00:00+10:00,0.0,0.0,713.878075,47.898275,35.3405,0.0,0.0,1101.2975,137.131667
2025-03-25 18:00:00+10:00,0.0,26.793625,883.313133,32.873025,3.5665,0.0,0.0,1121.8675,121.109167
2025-03-25 19:00:00+10:00,0.0,57.802133,820.1947,28.661933,0.0,0.0,0.0,1104.698333,122.51
2025-03-25 20:00:00+10:00,0.0,57.725608,628.021725,33.392758,0.0,0.0,0.0,1057.656667,133.395
2025-03-25 21:00:00+10:00,0.0,57.86075,547.181708,52.76,0.0,0.0,0.0,993.001667,120.199167
2025-03-25 22:00:00+10:00,0.0,57.89655,490.517242,54.9575,0.0,0.0,0.0,950.335833,120.176667
2025-03-25 23:00:00+10:00,0.0,57.846108,459.611133,54.023333,0.0,0.0,0.0,917.346667,120.196667
2025-03-26 00:00:00+10:00,0.0,57.854242,449.121858,50.32,0.0,0.0,0.0,888.885,120.145833
2025-03-26 01:00:00+10:00,0.0,11.285292,480.842,56.811667,0.0,0.0,0.0,853.59,120.158333
2025-03-26 02:00:00+10:00,0.0,0.0,481.040258,52.004075,0.0,0.0,0.0,834.7,120.12
2025-03-26 03:00:00+10:00,0.0,0.0,491.551425,38.800342,0.0,0.0,0.0,835.286667,120.12
2025-03-26 04:00:00+10:00,0.0,0.0,522.122167,38.506233,0.0,0.0,0.0,865.201667,120.125833
2025-03-26 05:00:00+10:00,0.0,2.663408,692.473825,37.495725,0.0,0.0,0.0,946.553333,126.528333
2025-03-26 06:00:00+10:00,0.0,53.121625,1200.414933,29.9183,0.0425,0.0,0.0,1071.989167,164.889167
2025-03-26 07:00:00+10:00,0.0,57.867267,1144.137308,37.426458,6.982,0.0,0.0,1059.625833,133.9375
2025-03-26 08:00:00+10:00,0.0,40.113917,768.068925,50.186925,48.8195,0.0,0.0,951.9375,127.6675
2025-03-26 09:00:00+10:00,0.0,0.0,593.49905,54.435658,119.2605,0.0,0.0,865.106667,120.055833
2025-03-26 10:00:00+10:00,0.0,0.0,576.267558,45.137833,154.794,0.0,0.0,822.471667,100.143333
2025-03-26 11:00:00+10:00,0.0,0.0,539.843558,44.454342,188.4975,0.0,0.0,795.766667,100.136667
2025-03-26 12:00:00+10:00,0.0,0.0,554.576,55.309275,204.4995,0.0,0.0,791.798333,100.116667
2025-03-26 13:00:00+10:00,0.0,0.0,546.33635,51.3379,208.0995,0.0,0.0,800.898333,100.153333
2025-03-26 14:00:00+10:00,0.0,0.0,547.586583,79.144475,191.4125,0.0,0.0,820.315833,100.156667
2025-03-26 15:00:00+10:00,0.0,0.0,604.98845,75.5355,149.909,0.0,0.0,875.1975,101.770833
2025-03-26 16:00:00+10:00,0.0,0.0,620.165375,78.064083,87.1115,0.0,0.0,945.821667,134.445833
2025-03-26 17:00:00+10:00,0.0,0.0,615.598567,94.590058,37.339,0.0,0.0,1007.029167,122.3325
2025-03-26 18:00:00+10:00,0.0,0.0,612.2033,92.523533,2.9845,0.0,0.0,1018.025833,120.105
2025-03-26 19:00:00+10:00,0.0,0.0,618.183383,91.233592,0.0,0.0,0.0,1057.0125,120.145
2025-03-26 20:00:00+10:00,0.0,0.0,616.534083,85.406642,0.0,0.0,0.0,1040.883333,89.7075
2025-03-26 21:00:00+10:00,0.0,0.0,588.644508,79.1812,0.0,0.0,0.0,1003.341667,85.5425
2025-03-26 22:00:00+10:00,0.0,0.0,565.263875,59.32945,0.0,0.0,0.0,941.301667,81.3725
2025-03-26 23:00:00+10:00,0.0,0.0,515.323017,71.120167,0.0,0.0,0.0,883.848333,75.12
2025-03-27 00:00:00+10:00,0.0,0.0,482.60305,81.678308,0.0,0.0,0.0,867.1325,75.125
2025-03-27 01:00:00+10:00,0.0,0.0,447.091025,95.414308,0.0,0.0,0.0,853.234167,75.12
2025-03-27 02:00:00+10:00,0.0,0.0,432.749108,95.697917,0.0,0.0,0.0,854.915,75.121667
2025-03-27 03:00:00+10:00,0.0,0.0,444.583667,100.063225,0.0,0.0,0.0,878.205833,75.138333
2025-03-27 04:00:00+10:00,0.0,0.0,464.749742,101.229542,0.0,0.0,0.0,906.744167,75.16
2025-03-27 05:00:00+10:00,0.0,0.0,612.761942,86.89035,0.0,0.0,0.0,1001.1225,85.573333
2025-03-27 06:00:00+10:00,0.0,26.645475,788.867,75.634592,0.0665,0.0,0.0,1130.784167,108.493333
2025-03-27 07:00:00+10:00,0.0,57.894942,637.147842,69.820325,13.097,0.0,0.0,1117.571667,111.483333
2025-03-27 08:00:00+10:00,0.0,57.862383,581.8634,52.689375,57.8235,0.0,0.0,1047.4675,100.09
2025-03-27 09:00:00+10:00,0.0,57.7305,536.635867,30.340833,116.3345,0.0,0.0,980.694167,50.536667
2025-03-27 10:00:00+10:00,0.0,56.818808,487.187383,27.858333,170.9295,0.0,0.0,907.7425,11.12
2025-03-27 11:00:00+10:00,0.0,55.996692,484.887733,35.2175,200.696,0.0,0.0,877.1925,11.12
2025-03-27 12:00:00+10:00,0.0,55.560383,458.989042,40.7475,218.0665,0.0,0.0,855.1825,10.9075
2025-03-27 13:00:00+10:00,0.0,54.9857,452.197633,46.679342,214.5545,0.0,0.0,846.43,10.834167
2025-03-27 14:00:00+10:00,0.0,55.43015,456.924958,46.9025,197.747,0.0,0.0,873.315,11.0375
2025-03-27 15:00:00+10:00,0.0,55.382933,501.48185,52.5075,163.7565,0.0,0.0,922.755833,38.06
2025-03-27 16:00:00+10:00,0.0,55.054075,584.216092,54.240833,104.2355,0.0,0.0,1016.03,96.8425
2025-03-27 17:00:00+10:00,0.0,55.347117,1021.104142,50.201817,37.647,0.0,0.0,1110.480833,119.744167
2025-03-27 18:00:00+10:00,0.0,56.0211,1423.638117,34.844792,2.5935,0.0,0.0,1153.978333,139.464167
2025-03-27 19:00:00+10:00,0.0,56.86605,1391.457967,21.741742,0.0,0.0,0.0,1121.779167,135.384167
2025-03-27 20:00:00+10:00,0.0,57.478167,1181.288558,17.63025,0.0,0.0,0.0,1063.009167,131.594167
2025-03-27 21:00:00+10:00,0.0,57.673533,929.844825,22.478708,0.0,0.0,0.0,987.1825,128.566667
2025-03-27 22:00:00+10:00,0.0,11.153425,619.060425,32.551967,0.0,0.0,0.0,923.396667,105.208333
2025-03-27 23:00:00+10:00,0.0,0.0,559.899383,54.28925,0.0,0.0,0.0,898.565,109.458333
2025-03-28 00:00:00+10:00,0.0,0.0,488.297892,53.696975,0.0,0.0,0.0,887.916667,106.475
2025-03-28 01:00:00+10:00,0.0,0.0,469.96035,56.559458,0.0,0.0,0.0,901.7625,114.055
2025-03-28 02:00:00+10:00,0.0,0.0,474.774467,57.799583,0.0,0.0,0.0,895.929167,114.7725
2025-03-28 03:00:00+10:00,0.0,0.0,514.654925,61.886792,0.0,0.0,0.0,896.246667,118.249167
2025-03-28 04:00:00+10:00,0.0,2.676433,945.498408,61.843483,0.0,0.0,0.0,947.273333,142.151667
2025-03-28 05:00:00+10:00,0.0,53.136292,1384.629492,45.52505,0.0,0.0,0.0,1048.016667,129.82
2025-03-28 06:00:00+10:00,0.0,57.859117,1446.918375,44.291367,0.0335,0.0,0.0,1158.211667,154.661667
2025-03-28 07:00:00+10:00,0.0,57.886783,1380.215283,60.71695,12.7205,0.0,0.0,1158.444167,142.613333
2025-03-28 08:00:00+10:00,0.0,25.735425,925.84345,86.5175,60.814,0.0,0.0,1045.190833,124.5
2025-03-28 09:00:00+10:00,0.0,0.0,620.93345,112.854633,113.2785,0.0,0.0,957.668333,120.4775
2025-03-28 10:00:00+10:00,0.0,0.0,541.489042,143.215933,152.3435,0.0,0.0,909.739167,110.715
2025-03-28 11:00:00+10:00,0.0,0.0,521.411858,161.9476,184.9715,0.0,0.0,878.8,98.513333
2025-03-28 12:00:00+10:00,0.0,0.0,541.84575,161.4218,202.618,0.0,0.0,873.4325,80.18
2025-03-28 13:00:00+10:00,0.0,0.0,552.347358,184.668283,197.0835,0.0,0.0,879.714167,116.846667
2025-03-28 14:00:00+10:00,0.0,0.0,572.136608,169.793375,173.711,0.0,0.0,885.84,120.155833
2025-03-28 15:00:00+10:00,0.0,2.6569,756.66055,186.092875,132.1445,0.0,0.0,928.2875,123.260833
2025-03-28 16:00:00+10:00,0.0,50.612708,1326.621525,223.430417,80.481,0.0,0.0,1024.94,121.46
2025-03-28 17:00:00+10:00,0.0,53.686167,1382.331767,257.920233,26.5245,0.0,0.0,1066.410833,119.5375
2025-03-28 18:00:00+10:00,0.0,54.098175,1378.195917,240.4285,1.2855,0.0,0.0,1077.4375,119.9025
2025-03-28 19:00:00+10:00,0.0,54.231058,1347.564575,218.697508,0.0,0.0,0.0,1030.181667,124.705
2025-03-28 20:00:00+10:00,0.0,54.525408,1490.3084,191.708992,0.0,0.0,0.0,1010.881667,135.235
2025-03-28 21:00:00+10:00,0.0,54.460067,1292.810408,186.825108,0.0,0.0,0.0,961.464167,123.739167
2025-03-28 22:00:00+10:00,0.0,54.540767,1188.74235,188.580542,0.0,0.0,0.0,894.996667,122.684167
2025-03-28 23:00:00+10:00,0.0,54.63965,1323.274192,133.071975,0.0,0.0,0.0,898.836667,134.260833
2025-03-29 00:00:00+10:00,0.0,37.345025,1272.4815,67.871383,0.0,0.0,0.0,909.258333,128.951667
2025-03-29 01:00:00+10:00,0.0,-1.439167,1198.130567,54.251458,0.0,0.0,0.0,926.135,125.889167
2025-03-29 02:00:00+10:00,0.0,-1.3125,950.336875,48.901842,0.0,0.0,0.0,953.279167,132.606667
2025-03-29 03:00:00+10:00,0.0,-1.339167,814.890083,21.011283,0.0,0.0,0.0,959.8175,156.735
2025-03-29 04:00:00+10:00,0.0,-1.2825,564.940858,9.158633,0.0,0.0,0.0,945.384167,119.763333
2025-03-29 05:00:00+10:00,0.0,-1.354167,666.57365,74.190667,0.0,0.0,0.0,950.6175,124.386667
2025-03-29 06:00:00+10:00,0.0,-1.251667,1008.924792,126.432592,0.006,0.0,0.0,972.4075,150.818333
2025-03-29 07:00:00+10:00,0.0,-1.42,1057.73055,118.580208,7.1595,0.0,0.0,991.971667,140.126667
2025-03-29 08:00:00+10:00,0.0,-1.433333,852.853483,130.03085,34.852,0.0,0.0,1012.340833,132.631667
2025-03-29 09:00:00+10:00,0.0,-1.395833,583.072575,135.861017,77.5165,0.0,0.0,967.283333,114.2875
2025-03-29 10:00:00+10:00,0.0,-1.418333,529.207925,190.853492,146.862,0.0,0.0,914.244167,100.12
2025-03-29 11:00:00+10:00,0.0,-1.235833,519.619275,225.495017,115.3515,0.0,0.0,878.314167,94.788333
2025-03-29 12:00:00+10:00,0.0,-1.21,527.865858,232.357508,147.559,0.0,0.0,863.180833,100.2
2025-03-29 13:00:00+10:00,0.0,-1.3375,519.271142,274.032958,152.1205,0.0,0.0,875.55,95.185833
2025-03-29 14:00:00+10:00,0.0,-1.3275,449.003758,368.808117,113.1945,1.062525,0.0,886.396667,79.9775
2025-03-29 15:00:00+10:00,0.0,-1.326667,352.29295,372.363342,91.8035,1.558742,0.0,935.034167,73.240833
2025-03-29 16:00:00+10:00,0.0,-1.3675,343.239767,370.877333,65.8845,1.128467,0.0,979.1425,74.26
2025-03-29 17:00:00+10:00,0.0,-1.366667,365.261133,407.034275,28.11,3.95145,0.0,1023.425,80.100833
2025-03-29 18:00:00+10:00,0.0,-1.34,362.666392,394.910133,1.895,2.602925,0.0,1051.894167,80.12
2025-03-29 19:00:00+10:00,0.0,-1.21,347.842625,369.619692,0.0,0.0,0.0,1046.7825,80.12
2025-03-29 20:00:00+10:00,0.0,-1.191667,350.592767,347.402658,0.0,0.0,0.0,1050.4325,80.12
2025-03-29 21:00:00+10:00,0.0,-1.290833,335.938042,339.9478,0.0,1.622167,0.0,1029.023333,80.12
2025-03-29 22:00:00+10:00,0.0,-0.193333,330.418275,297.159425,0.0,1.746817,0.0,1021.3475,90.416667
2025-03-29 23:00:00+10:00,0.0,0.0,315.660375,284.871675,0.0,0.243,0.0,1002.376667,80.166667
2025-03-30 00:00:00+10:00,0.0,0.0,294.665725,279.774917,0.0,0.0,0.0,981.6275,80.113333
2025-03-30 01:00:00+10:00,0.0,0.0,318.6596,250.693517,0.0,0.0,0.0,976.291667,80.131667
2025-03-30 02:00:00+10:00,0.0,0.0,339.222417,224.810408,0.0,0.0,0.0,974.119167,80.2
2025-03-30 03:00:00+10:00,0.0,0.0,351.422958,206.830258,0.0,0.0,0.0,975.87,80.2
2025-03-30 04:00:00+10:00,0.0,0.0,376.897592,174.220092,0.0,0.0,0.0,964.0925,66.376667
2025-03-30 05:00:00+10:00,0.0,0.0,446.932717,183.019017,0.0,0.0,0.0,965.703333,51.614167
2025-03-30 06:00:00+10:00,0.0,26.795267,600.51745,159.869633,0.006,0.0,0.0,1021.905833,42.666667
2025-03-30 07:00:00+10:00,0.0,57.842842,548.068675,118.186783,7.971,0.0,0.0,1072.186667,33.166667
2025-03-30 08:00:00+10:00,0.0,57.842833,494.655908,172.854325,39.2125,0.0,0.0,1098.305,19.8
2025-03-30 09:00:00+10:00,0.0,57.8347,471.234833,180.244892,79.188,0.0,0.0,1077.9725,11.12
2025-03-30 10:00:00+10:00,0.0,57.557942,444.053042,157.663725,110.0365,0.0,0.0,1033.584167,11.12
2025-03-30 11:00:00+10:00,0.0,57.212808,446.363608,157.173058,125.501,0.0,0.0,1011.5925,11.12
2025-03-30 12:00:00+10:00,0.0,57.16885,413.661992,177.63435,136.7575,0.488075,0.0,988.309167,11.12
2025-03-30 13:00:00+10:00,0.0,56.937667,426.119017,172.240717,123.505,0.0,0.0,994.629167,11.12
2025-03-30 14:00:00+10:00,0.0,57.051625,427.084858,191.852633,111.7165,0.0,0.0,994.746667,11.12
2025-03-30 15:00:00+10:00,0.0,57.2177,411.924617,215.902858,85.051,0.691108,0.0,1038.815833,11.12
2025-03-30 16:00:00+10:00,0.0,57.7354,502.680942,195.184583,49.9025,0.0,0.0,1115.4475,16.126667
2025-03-30 17:00:00+10:00,0.0,57.833075,590.221125,166.706575,15.836,0.0,0.0,1156.431667,82.918333
2025-03-30 18:00:00+10:00,0.0,57.847717,609.383567,150.56385,0.975,0.0,0.0,1162.0125,68.593333
2025-03-30 19:00:00+10:00,0.0,57.84935,563.3136,164.514525,0.0,0.0,0.0,1121.264167,65.120833
2025-03-30 20:00:00+10:00,0.0,57.841208,547.886542,122.924817,0.0,0.0,0.0,1095.405,65.139167
2025-03-30 21:00:00+10:00,0.0,57.839583,508.91795,111.533533,0.0,0.0,0.0,1035.335833,65.12
2025-03-30 22:00:00+10:00,0.0,57.85425,445.164192,97.020108,0.0,0.0,0.0,1000.586667,65.18
2025-03-30 23:00:00+10:00,0.0,57.849358,386.139467,115.635383,0.0,0.0,0.0,970.59,15.6925
2025-03-31 00:00:00+10:00,0.0,57.844475,347.403142,127.0276,0.0,0.0,0.0,946.626667,11.2775
2025-03-31 01:00:00+10:00,0.0,40.258808,412.036283,76.085292,0.0,0.0,0.0,945.043333,29.3875
2025-03-31 02:00:00+10:00,0.0,0.0,456.783983,82.03715,0.0,0.0,0.0,942.225833,24.794167
2025-03-31 03:00:00+10:00,0.0,0.0,444.612758,107.858833,0.0,0.0,0.0,948.808333,11.275
2025-03-31 04:00:00+10:00,0.0,0.0,506.484792,93.491517,0.0,0.0,0.0,980.790833,12.239167
2025-03-31 05:00:00+10:00,0.0,0.0,583.752075,127.65565,0.0,0.0,0.0,1081.6575,51.0025
2025-03-31 06:00:00+10:00,0.0,0.0,739.127617,122.468058,0.007,0.0,0.0,1210.056667,85.823333
2025-03-31 07:00:00+10:00,0.0,0.0,719.815392,96.0813,7.442,0.0,0.0,1219.169167,85.516667
2025-03-31 08:00:00+10:00,0.0,0.0,698.593192,80.799058,40.6565,0.0,0.0,1176.499167,50.445833
2025-03-31 09:00:00+10:00,0.0,0.0,650.928525,105.42885,77.867,0.0,0.0,1086.670833,53.503333
2025-03-31 10:00:00+10:00,0.0,0.0,584.403017,120.253825,123.109,0.0,0.0,1071.92,56.065
2025-03-31 11:00:00+10:00,0.0,0.0,518.508633,146.657425,164.096,0.0,0.0,1036.844167,46.783333
2025-03-31 12:00:00+10:00,0.0,0.0,478.468758,181.701492,156.668,0.0,0.0,1039.1175,22.73
2025-03-31 13:00:00+10:00,0.0,0.0,426.353092,214.050983,151.184,0.0,0.0,992.026667,10.775
2025-03-31 14:00:00+10:00,0.0,0.0,419.768825,224.105892,155.184,0.0,0.0,924.844167,9.976667
2025-03-31 15:00:00+10:00,0.0,0.0,456.753475,236.989525,116.598,0.0,0.0,1034.5875,-4.110833
2025-03-31 16:00:00+10:00,0.0,0.0,534.170633,243.68375,69.3665,0.0,0.0,1129.456667,8.2775
2025-03-31 17:00:00+10:00,0.0,0.0,684.456983,216.122408,28.1125,0.0,0.0,1202.73,43.924167
2025-03-31 18:00:00+10:00,0.0,0.0,675.707375,203.252625,1.2525,0.0,0.0,1225.365833,81.953333
2025-03-31 19:00:00+10:00,0.0,0.0,678.76815,165.955233,0.0,0.0,0.0,1200.051667,88.090833
2025-03-31 20:00:00+10:00,0.0,0.0,687.783308,114.310758,0.0,0.0,0.0,1154.429167,103.235
2025-03-31 21:00:00+10:00,0.0,0.0,608.416275,119.037883,0.0,0.0,0.0,1097.894167,50.341667
2025-03-31 22:00:00+10:00,0.0,0.0,573.609325,95.14305,0.0,0.0,0.0,1045.905,47.195833
2025-03-31 23:00:00+10:00,0.0,0.0,550.931983,79.9824,0.0,0.0,0.0,1018.506667,47.206667
2025-04-01 00:00:00+10:00,0.0,0.0,508.873967,94.030508,0.0,0.0,0.0,978.535833,47.345
2025-04-01 01:00:00+10:00,0.0,0.0,479.39815,108.850617,0.0,0.0,0.0,965.255,48.035833
2025-04-01 02:00:00+10:00,0.0,0.0,492.160142,87.943833,0.0,0.0,0.0,974.430833,48.62
2025-04-01 03:00:00+10:00,0.0,0.0,496.741808,94.819992,0.0,0.0,0.0,977.028333,49.2425
2025-04-01 04:00:00+10:00,0.0,0.0,529.542533,116.122108,0.0,0.0,0.0,985.461667,64.138333
2025-04-01 05:00:00+10:00,0.0,0.0,586.377408,137.649717,0.0,0.0,0.0,1059.539167,93.995
2025-04-01 06:00:00+10:00,0.0,0.0,768.316725,106.6625,0.0,0.0,0.0,1194.796667,134.4175
2025-04-01 07:00:00+10:00,0.0,0.0,752.772667,82.483308,5.139,0.0,0.0,1202.368333,119.394167
2025-04-01 08:00:00+10:00,0.0,0.0,700.563425,85.368367,28.206,0.0,0.0,1188.633333,107.481667
2025-04-01 09:00:00+10:00,0.0,0.0,659.418267,94.343442,63.8885,0.0,0.0,1151.151667,108.344167
2025-04-01 10:00:00+10:00,0.0,0.0,586.08885,118.62485,92.8705,0.0,0.0,1099.821667,97.54
2025-04-01 11:00:00+10:00,0.0,0.0,592.354217,115.399233,106.815,0.0,0.0,1107.785,103.455833
2025-04-01 12:00:00+10:00,0.0,0.0,584.872483,97.960467,133.87,0.0,0.0,1080.666667,99.594167
2025-04-01 13:00:00+10:00,0.0,0.0,528.265133,99.320883,141.052,0.0,0.0,999.41,82.245833
2025-04-01 14:00:00+10:00,0.0,0.0,538.291775,105.170833,147.6415,0.0,0.0,1064.636667,99.808333
2025-04-01 15:00:00+10:00,0.0,0.0,586.147258,98.589167,111.915,0.0,0.0,1132.628333,102.266667
2025-04-01 16:00:00+10:00,0.0,0.0,692.470617,95.5203,63.508,0.0,0.0,1223.505833,133.623333
2025-04-01 17:00:00+10:00,0.0,0.0,981.796283,66.961717,24.0315,0.0,0.0,1297.911667,138.6225
2025-04-01 18:00:00+10:00,0.0,0.0,1322.988733,38.330883,1.2555,0.0,0.0,1328.191667,148.5025
2025-04-01 19:00:00+10:00,0.0,0.0,1189.892233,42.539958,0.0,0.0,0.0,1292.7375,128.153333
2025-04-01 20:00:00+10:00,0.0,0.0,901.78165,57.848508,0.0,0.0,0.0,1236.750833,124.863333
2025-04-01 21:00:00+10:00,0.0,0.0,834.11535,42.967042,0.0,0.0,0.0,1178.3,126.314167
2025-04-01 22:00:00+10:00,0.0,0.0,746.814017,36.0991,0.0,0.0,0.0,1103.125833,122.7975
2025-04-01 23:00:00+10:00,0.0,0.0,788.508442,34.736325,0.0,0.0,0.0,1064.275833,127.764167
2025-04-02 00:00:00+10:00,0.0,0.0,739.956192,50.931625,0.0,0.0,0.0,978.688333,122.69
2025-04-02 01:00:00+10:00,0.0,0.0,655.826308,59.018933,0.0,0.0,0.0,979.375,121.5125
2025-04-02 02:00:00+10:00,0.0,0.0,580.789858,50.999283,0.0,0.0,0.0,1002.0725,123.695
2025-04-02 03:00:00+10:00,0.0,0.0,702.708908,43.9175,0.0,0.0,0.0,1018.118333,129.655833
2025-04-02 04:00:00+10:00,0.0,0.0,858.949458,46.695833,0.0,0.0,0.0,1038.366667,133.069167
2025-04-02 05:00:00+10:00,0.0,2.665033,1348.331717,45.6775,0.0,0.0,0.0,1131.845,142.125
2025-04-02 06:00:00+10:00,0.0,53.056508,1560.611792,36.855833,0.0,0.0,0.0,1235.96,191.485
2025-04-02 07:00:00+10:00,0.0,57.885167,1618.93785,39.188333,10.8055,0.0,0.0,1252.768333,163.210833
2025-04-02 08:00:00+10:00,0.0,57.842842,1230.900608,25.959167,45.6655,0.0,0.0,1237.291667,131.685833
2025-04-02 09:00:00+10:00,0.0,57.714225,673.145525,19.8,96.579,0.0,0.0,1162.8075,108.763333
2025-04-02 10:00:00+10:00,0.0,56.844875,615.963017,26.400833,130.701,0.0,0.0,1113.640833,75.2875
2025-04-02 11:00:00+10:00,0.0,55.793175,571.414583,18.62125,158.2595,0.0,0.0,1063.433333,72.775833
2025-04-02 12:00:00+10:00,0.0,55.327575,565.8974,11.129492,198.1415,0.0,0.0,1017.375833,70.285833
2025-04-02 13:00:00+10:00,0.0,55.658067,559.020108,9.966667,211.5075,0.0,0.0,1005.436667,70.3225
2025-04-02 14:00:00+10:00,0.0,55.257575,553.97115,13.298333,187.863,0.0,0.0,1036.774167,72.960833
2025-04-02 15:00:00+10:00,0.0,55.200592,610.987758,13.9595,146.0355,0.0,0.0,1087.648333,80.188333
2025-04-02 16:00:00+10:00,0.0,55.840392,696.1355,15.49205,91.3085,0.0,0.0,1173.015,116.9975
2025-04-02 17:00:00+10:00,0.0,56.325567,1399.866033,23.9032,29.095,0.0,0.0,1228.460833,150.311667
2025-04-02 18:00:00+10:00,0.0,57.076058,1692.003608,31.343367,0.657,0.0,0.0,1283.839167,152.848333
2025-04-02 19:00:00+10:00,0.0,57.53515,1426.587333,33.72995,0.0,0.0,0.0,1220.14,120.718333
2025-04-02 20:00:00+10:00,0.0,39.942975,1262.196067,33.470833,0.0,0.0,0.0,1183.763333,120.084167
2025-04-02 21:00:00+10:00,0.0,0.0,961.865233,30.609133,0.0,0.0,0.0,1105.750833,111.306667
2025-04-02 22:00:00+10:00,0.0,0.0,891.526667,32.574867,0.0,0.0,0.0,1041.75,123.091667
2025-04-02 23:00:00+10:00,0.0,0.0,906.135625,30.853975,0.0,0.0,0.0,1000.860833,129.0325
2025-04-03 00:00:00+10:00,0.0,0.0,739.435192,34.016667,0.0,0.0,0.0,1019.0425,119.19
2025-04-03 01:00:00+10:00,0.0,0.0,718.757625,25.483333,0.0,0.0,0.0,1018.776667,117.355833
2025-04-03 02:00:00+10:00,0.0,0.0,588.300467,24.7475,0.0,0.0,0.0,1009.706667,118.984167
2025-04-03 03:00:00+10:00,0.0,0.0,603.645708,21.4448,0.0,0.0,0.0,1029.395833,120.181667
2025-04-03 04:00:00+10:00,0.0,0.0,710.202175,10.959783,0.0,0.0,0.0,1055.441667,108.651667
2025-04-03 05:00:00+10:00,0.0,2.681317,1132.25695,19.233883,0.0,0.0,0.0,1137.823333,127.174167
2025-04-03 06:00:00+10:00,0.0,53.133033,1557.391683,23.535667,0.0,0.0,0.0,1250.750833,132.024167
2025-04-03 07:00:00+10:00,0.0,57.8347,1452.058775,14.663542,7.4335,0.0,0.0,1295.438333,127.000833
2025-04-03 08:00:00+10:00,0.0,57.798892,769.556833,11.885267,45.6025,0.0,0.0,1198.295833,110.871667
2025-04-03 09:00:00+10:00,0.0,57.442342,610.146925,25.583725,116.79,0.0,0.0,1110.418333,90.708333
2025-04-03 10:00:00+10:00,0.0,56.446008,576.513433,31.541242,155.5075,0.0,0.0,1068.255,95.623333
2025-04-03 11:00:00+10:00,0.0,10.884808,557.2419,86.815225,166.623,0.0,0.0,1026.465,33.22
2025-04-03 12:00:00+10:00,0.0,0.0,512.977567,157.639917,180.491,0.0,0.0,1010.573333,36.616667
2025-04-03 13:00:00+10:00,0.0,0.0,584.347983,164.910567,124.6435,0.0,0.0,1054.463333,71.660833
2025-04-03 14:00:00+10:00,0.0,0.0,609.194442,158.04885,83.3075,0.0,0.0,1069.546667,46.509167
2025-04-03 15:00:00+10:00,0.0,0.0,590.061692,170.088933,77.5465,0.0,0.0,1088.603333,45.7325
2025-04-03 16:00:00+10:00,0.0,0.0,656.30185,167.297658,43.0925,0.0,0.0,1162.966667,73.7
2025-04-03 17:00:00+10:00,0.0,0.0,681.156875,183.530817,12.509,0.0,0.0,1212.816667,101.3825
2025-04-03 18:00:00+10:00,0.0,0.0,729.414667,151.85705,0.461,0.0,0.0,1237.744167,119.591667
2025-04-03 19:00:00+10:00,0.0,0.0,972.966667,141.106167,0.0,0.0,0.0,1225.6825,131.826667
2025-04-03 20:00:00+10:00,0.0,0.0,827.557825,135.273375,0.0,0.0,0.0,1189.594167,128.888333
2025-04-03 21:00:00+10:00,0.0,0.0,652.222842,134.127483,0.0,0.0,0.0,1132.425,113.1725
2025-04-03 22:00:00+10:00,0.0,0.0,559.370975,133.269625,0.0,0.0,0.0,1084.748333,120.079167
2025-04-03 23:00:00+10:00,0.0,0.0,590.336017,149.744425,0.0,0.0,0.0,1035.649167,122.056667
2025-04-04 00:00:00+10:00,0.0,0.0,495.327292,143.10075,0.0,0.0,0.0,1020.314167,117.95
2025-04-04 01:00:00+10:00,0.0,0.0,544.848925,96.625192,0.0,0.0,0.0,1009.240833,119.616667
2025-04-04 02:00:00+10:00,0.0,0.0,575.4784,80.58685,0.0,0.0,0.0,1013.713333,119.866667
2025-04-04 03:00:00+10:00,0.0,0.0,580.377742,76.099892,0.0,0.0,0.0,1034.223333,120.2
2025-04-04 04:00:00+10:00,0.0,0.0,587.230542,92.050225,0.0,0.0,0.0,1035.924167,117.8175
2025-04-04 05:00:00+10:00,0.0,8.345125,980.72635,86.366017,0.0,0.0,0.0,1107.646667,131.245
2025-04-04 06:00:00+10:00,0.0,53.093967,1468.468475,63.2299,0.0,0.0,0.0,1249.389167,157.8675
2025-04-04 07:00:00+10:00,0.0,57.862375,1333.861175,73.010325,7.296,0.0,0.0,1280.951667,133.689167
2025-04-04 08:00:00+10:00,0.0,57.862383,973.526433,56.273783,45.5695,0.0,0.0,1218.634167,128.451667
2025-04-04 09:00:00+10:00,0.0,57.785867,666.680742,46.439875,86.401,0.0,0.0,1130.964167,109.25
2025-04-04 10:00:00+10:00,0.0,20.844908,620.023417,39.606942,134.514,0.0,0.0,1079.9725,112.186667
2025-04-04 11:00:00+10:00,0.0,0.0,587.470242,41.781058,172.79,0.0,0.0,1025.628333,115.9425
2025-04-04 12:00:00+10:00,0.0,0.0,542.180975,60.783858,198.9145,0.0,0.0,986.1775,139.716667
2025-04-04 13:00:00+10:00,0.0,0.0,531.570242,86.471692,198.888,0.0,0.0,980.888333,71.156667
2025-04-04 14:00:00+10:00,0.0,0.0,472.763967,130.517483,182.857,0.0,0.0,1011.5875,45.231667
2025-04-04 15:00:00+10:00,0.0,0.0,460.557017,195.843117,140.098,0.0,0.0,1059.634167,42.393333
2025-04-04 16:00:00+10:00,0.0,0.0,461.8963,330.842975,84.257,0.0,0.0,1132.724167,51.630833
2025-04-04 17:00:00+10:00,0.0,0.0,554.053483,345.156683,25.928,0.0,0.0,1178.775,80.9375
2025-04-04 18:00:00+10:00,0.0,0.0,665.87345,375.278625,0.589,0.0,0.0,1189.315,134.325833
2025-04-04 19:00:00+10:00,0.0,0.0,611.410933,425.255717,0.0,0.0,0.0,1158.770833,114.979167
2025-04-04 20:00:00+10:00,0.0,0.0,783.482083,445.917683,0.0,0.0,0.0,1127.984167,127.280833
2025-04-04 21:00:00+10:00,0.0,0.0,602.8177,449.843358,0.0,0.0,0.0,1076.2775,106.1275
2025-04-04 22:00:00+10:00,0.0,0.0,247.6767,455.767567,0.0,0.0,0.0,1032.438333,98.675
2025-04-04 23:00:00+10:00,0.0,0.0,244.268,443.577908,0.0,0.0,0.0,998.994167,100.14
2025-04-05 00:00:00+10:00,0.0,0.0,233.578708,440.252275,0.0,0.0,0.0,978.764167,58.885
2025-04-05 01:00:00+10:00,0.0,0.0,242.644992,417.380467,0.0,0.0,0.0,973.810833,45.139167
2025-04-05 02:00:00+10:00,0.0,0.0,257.311167,394.170817,0.0,0.141417,0.0,969.268333,11.14
2025-04-05 03:00:00+10:00,0.0,0.0,255.287517,425.690708,0.0,0.0,0.0,979.220833,42.296667
2025-04-05 04:00:00+10:00,0.0,0.0,271.913033,429.277458,0.0,0.0,0.0,978.980833,86.78
2025-04-05 05:00:00+10:00,0.0,0.0,339.0316,422.955058,0.0,0.0,0.0,997.561667,101.6275
2025-04-05 06:00:00+10:00,0.0,0.0,571.955983,368.613108,0.0,0.0,0.0,1051.591667,127.669167
2025-04-05 07:00:00+10:00,0.0,0.0,696.16475,336.119375,10.5305,0.0,0.0,1130.006667,125.635833
2025-04-05 08:00:00+10:00,0.0,0.0,643.510192,360.04875,58.6655,0.0,0.0,1123.529167,121.110833
2025-04-05 09:00:00+10:00,0.0,0.0,401.923017,326.3173,112.5635,0.0,0.0,1060.095,79.995833
2025-04-05 10:00:00+10:00,0.0,0.0,343.18185,375.413375,136.597,0.0,0.0,1061.903333,22.811667
2025-04-05 11:00:00+10:00,0.0,0.0,303.042167,422.101775,163.489,0.716067,0.0,1020.37,11.16
2025-04-05 12:00:00+10:00,0.0,0.0,303.154342,429.16505,158.2635,3.163717,0.0,1029.506667,11.16
2025-04-05 13:00:00+10:00,0.0,0.0,337.08265,418.700575,132.2635,3.990442,0.0,1055.844167,42.364167
2025-04-05 14:00:00+10:00,0.0,0.0,370.227242,445.405842,89.0185,2.904633,0.0,1071.625833,45.193333
2025-04-05 15:00:00+10:00,0.0,0.0,344.035983,448.346292,55.865,2.609925,0.0,1127.961667,26.69
2025-04-05 16:00:00+10:00,0.0,0.0,443.271742,435.837533,34.471,1.236183,0.0,1204.253333,70.650833
2025-04-05 17:00:00+10:00,0.0,0.0,766.0581,420.955758,14.6735,0.0,0.0,1182.623333,115.325
2025-04-05 18:00:00+10:00,0.0,0.0,1170.751417,455.009658,1.019,0.0,0.0,1182.4475,132.04
2025-04-05 19:00:00+10:00,0.0,0.0,1342.111658,454.981383,0.0,0.0,0.0,1179.823333,142.180833
2025-04-05 20:00:00+10:00,0.0,0.0,1254.451642,457.57605,0.0,0.0,0.0,1159.143333,134.743333
2025-04-05 21:00:00+10:00,0.0,0.0,1180.876358,454.695608,0.0,0.0,0.0,1112.853333,132.808333
2025-04-05 22:00:00+10:00,0.0,0.0,962.766158,454.658675,0.0,0.0,0.0,1050.086667,123.415833
2025-04-05 23:00:00+10:00,0.0,0.0,893.169083,451.566233,0.0,0.0,0.0,1010.7075,116.851667
2025-04-06 00:00:00+10:00,0.0,0.0,517.067317,447.699525,0.0,0.0,0.0,951.8575,110.964167
2025-04-06 01:00:00+10:00,0.0,0.0,245.739717,439.336092,0.0,0.0,0.0,973.536667,102.31
2025-04-06 02:00:00+10:00,0.0,0.0,188.936575,447.22145,0.0,0.0,0.0,985.5975,114.738333
2025-04-06 03:00:00+10:00,0.0,0.0,229.359675,430.502767,0.0,0.0,0.0,978.605833,120.16
2025-04-06 04:00:00+10:00,0.0,0.0,206.98745,442.029858,0.0,0.0,0.0,968.1475,120.196667
2025-04-06 05:00:00+10:00,0.0,0.0,271.217075,405.74275,0.0,0.0,0.0,987.610833,121.45
2025-04-06 06:00:00+10:00,0.0,0.0,297.383667,430.563517,0.0,1.528875,0.0,1023.508333,125.129167
2025-04-06 07:00:00+10:00,0.0,0.0,441.66895,420.462675,6.0715,0.0,0.0,1084.649167,106.0725
2025-04-06 08:00:00+10:00,0.0,0.0,425.806975,395.814042,31.0935,0.0,0.0,1139.335833,45.175
2025-04-06 09:00:00+10:00,0.0,0.0,380.607733,430.782392,66.365,0.0,0.0,1128.574167,44.75
2025-04-06 10:00:00+10:00,0.0,0.0,370.972467,439.573192,95.6925,0.0,0.0,1102.205,44.345
2025-04-06 11:00:00+10:00,0.0,0.0,347.619817,440.896258,104.368,0.696725,0.0,1086.785833,41.755
2025-04-06 12:00:00+10:00,0.0,0.0,318.924858,444.805192,108.223,2.873542,0.0,1058.126667,44.18
2025-04-06 13:00:00+10:00,0.0,0.0,325.7863,409.373775,112.42,5.656158,0.0,1039.81,44.18
2025-04-06 14:00:00+10:00,0.0,0.0,326.32035,439.483017,122.489,3.647542,0.0,1013.099167,44.425
2025-04-06 15:00:00+10:00,0.0,0.0,372.259092,445.37955,123.391,2.581167,0.0,1029.868333,16.578333
2025-04-06 16:00:00+10:00,0.0,0.0,341.786933,424.179233,75.5025,1.660308,0.0,1111.89,28.115
2025-04-06 17:00:00+10:00,0.0,0.0,432.255883,448.0554,22.2945,0.0,0.0,1224.513333,113.91
2025-04-06 18:00:00+10:00,0.0,0.0,578.508883,446.613233,0.761,0.0,0.0,1277.1675,122.2275
2025-04-06 19:00:00+10:00,0.0,0.0,790.319633,434.6326,0.0,0.0,0.0,1247.785,126.274167
2025-04-06 20:00:00+10:00,0.0,0.0,787.724167,438.345617,0.0,0.0,0.0,1197.065833,118.061667
2025-04-06 21:00:00+10:00,0.0,0.0,745.22445,419.049025,0.0,0.0,0.0,1153.350833,112.191667
2025-04-06 22:00:00+10:00,0.0,0.0,712.60695,433.501625,0.0,0.0,0.0,1091.026667,116.4325
2025-04-06 23:00:00+10:00,0.0,0.0,676.9819,450.454433,0.0,0.0,0.0,1046.254167,121.373333
2025-04-07 00:00:00+10:00,0.0,0.0,694.117425,452.569733,0.0,0.0,0.0,968.84,126.598333
2025-04-07 01:00:00+10:00,0.0,0.0,532.71815,445.631883,0.0,0.0,0.0,970.060833,103.453333
2025-04-07 02:00:00+10:00,0.0,0.0,481.517183,431.4087,0.0,0.0,0.0,985.1225,100.096667
2025-04-07 03:00:00+10:00,0.0,0.0,396.050967,443.857692,0.0,0.0,0.0,988.540833,100.126667
2025-04-07 04:00:00+10:00,0.0,0.0,316.893775,429.283558,0.0,14.666667,0.0,995.005,99.280833
2025-04-07 05:00:00+10:00,0.0,0.0,357.82735,432.046392,0.0,5.333333,0.0,1018.185,101.170833
2025-04-07 06:00:00+10:00,0.0,0.0,668.895508,440.655583,0.0,0.0,0.0,1124.765,123.320833
2025-04-07 07:00:00+10:00,0.0,0.0,750.69015,437.681617,3.5345,0.0,0.0,1231.240833,136.808333
2025-04-07 08:00:00+10:00,0.0,0.0,561.556708,437.643467,37.3485,0.0,0.0,1240.506667,125.603333
2025-04-07 09:00:00+10:00,0.0,0.0,490.556617,432.265875,75.603,0.0,0.0,1175.045,99.631667
2025-04-07 10:00:00+10:00,0.0,0.0,472.261967,414.677008,101.7765,0.545,0.0,1124.924167,79.415
2025-04-07 11:00:00+10:00,0.0,0.0,430.325875,426.744033,141.62,0.0,0.0,1077.878333,22.433333
2025-04-07 12:00:00+10:00,0.0,0.0,458.338642,413.657392,161.864,1.064433,0.0,1070.599167,45.4975
2025-04-07 13:00:00+10:00,0.0,0.0,447.509592,414.128167,152.5335,0.809625,0.0,1063.739167,10.976667
2025-04-07 14:00:00+10:00,0.0,0.0,449.3682,407.776525,137.1585,0.151583,0.0,1097.7475,13.894167
2025-04-07 15:00:00+10:00,0.0,0.0,443.023867,385.145408,97.266,1.430092,0.0,1146.4025,34.8975
2025-04-07 16:00:00+10:00,0.0,0.0,543.474675,309.837533,64.286,0.374858,0.0,1177.509167,110.421667
2025-04-07 17:00:00+10:00,0.0,0.0,806.482842,246.092167,22.483,0.0,0.0,1258.644167,166.649167
2025-04-07 18:00:00+10:00,0.0,26.0773,1373.809942,221.665633,0.69,0.0,0.0,1347.495,208.361667
2025-04-07 19:00:00+10:00,0.0,57.847717,1442.545583,133.053067,0.0,0.0,0.0,1324.025,198.820833
2025-04-07 20:00:00+10:00,0.0,57.885167,1525.910867,113.096792,0.0,0.0,0.0,1291.5075,173.985
2025-04-07 21:00:00+10:00,0.0,57.865642,1547.986333,119.512783,0.0,0.0,0.0,1246.810833,186.190833
2025-04-07 22:00:00+10:00,0.0,57.833058,1555.124625,127.167892,0.0,0.0,0.0,1176.9675,211.470833
2025-04-07 23:00:00+10:00,0.0,57.86725,1527.499592,141.481917,0.0,0.0,0.0,1120.889167,174.826667
2025-04-08 00:00:00+10:00,0.0,11.04435,1467.616183,153.585642,0.0,0.0,0.0,1085.725,142.035
2025-04-08 01:00:00+10:00,0.0,0.0,1266.23115,126.513517,0.0,0.0,0.0,1065.908333,146.708333
2025-04-08 02:00:00+10:00,0.0,0.0,1127.6115,95.167058,0.0,0.0,0.0,1046.825833,138.405833
2025-04-08 03:00:00+10:00,0.0,0.0,1084.216533,100.948633,0.0,0.0,0.0,1034.691667,137.5075
2025-04-08 04:00:00+10:00,0.0,0.0,1121.597475,84.836683,0.0,0.0,0.0,1056.786667,166.876667
2025-04-08 05:00:00+10:00,0.0,0.0,1270.058317,73.364933,0.0,0.001358,0.0,1093.923333,149.570833
2025-04-08 06:00:00+10:00,0.0,0.0,1478.46815,64.431058,0.0,0.0,0.0,1224.265833,255.315833
2025-04-08 07:00:00+10:00,0.0,0.0,1499.275092,52.399067,7.937,0.0,0.0,1296.089167,241.711667
2025-04-08 08:00:00+10:00,0.0,0.0,1183.156817,54.593,55.9615,0.0,0.0,1204.545833,144.558333
2025-04-08 09:00:00+10:00,0.0,0.0,703.032092,63.724508,102.784,0.0,0.0,1101.965,160.603333
2025-04-08 10:00:00+10:00,0.0,0.0,603.644083,58.53625,138.5355,0.0,0.0,1040.851667,144.598333
2025-04-08 11:00:00+10:00,0.0,0.0,536.511092,77.33815,161.296,0.0,0.0,989.2875,104.058333
2025-04-08 12:00:00+10:00,0.0,0.0,475.536242,137.847692,172.414,0.0,0.0,991.7625,104.088333
2025-04-08 13:00:00+10:00,0.0,0.0,479.1005,157.207367,166.7245,0.0,0.0,1008.525833,100.975
2025-04-08 14:00:00+10:00,0.0,0.0,472.523625,152.234425,146.8105,0.0,0.0,1005.976667,104.605
2025-04-08 15:00:00+10:00,0.0,0.0,504.685433,141.010717,129.982,0.0,0.0,1016.085833,101.13
2025-04-08 16:00:00+10:00,0.0,0.0,699.32635,108.732592,77.8455,0.0,0.0,1108.834167,150.315833
2025-04-08 17:00:00+10:00,0.0,0.0,1223.768117,96.430558,20.52,0.0,0.0,1222.705833,191.910833
2025-04-08 18:00:00+10:00,0.0,0.0,1565.994908,73.0342,0.4145,0.0,0.0,1304.486667,206.950833
2025-04-08 19:00:00+10:00,0.0,0.0,1401.537217,52.704967,0.0,0.0,0.0,1262.363333,151.1575
2025-04-08 20:00:00+10:00,0.0,0.0,1145.172092,32.808158,0.0,0.0,0.0,1205.548333,140.839167
2025-04-08 21:00:00+10:00,0.0,0.0,1082.572625,25.929317,0.0,0.0,0.0,1192.599167,139.331667
2025-04-08 22:00:00+10:00,0.0,0.0,1034.138808,12.388608,0.0,0.0,0.0,1135.431667,145.606667
2025-04-08 23:00:00+10:00,0.0,0.0,964.493517,15.657925,0.0,0.0,0.0,1087.075,145.981667
2025-04-09 00:00:00+10:00,0.0,0.0,869.524325,21.481492,0.0,0.0,0.0,1062.525,135.661667
2025-04-09 01:00:00+10:00,0.0,0.0,739.784742,10.48615,0.0,0.0,0.0,1046.633333,133.9275
2025-04-09 02:00:00+10:00,0.0,0.0,607.419592,38.221867,0.0,0.0,0.0,1043.383333,134.546667
2025-04-09 03:00:00+10:00,0.0,0.0,604.650158,45.589758,0.0,0.0,0.0,1047.076667,135.14
2025-04-09 04:00:00+10:00,0.0,0.0,683.441375,50.349217,0.0,0.0,0.0,1062.441667,138.285
2025-04-09 05:00:00+10:00,0.0,0.0,941.418042,28.11305,0.0,0.0,0.0,1123.9475,147.87
2025-04-09 06:00:00+10:00,0.0,0.0,1234.504683,22.600425,0.0,0.0,0.0,1253.930833,186.135833
2025-04-09 07:00:00+10:00,0.0,0.0,1449.395983,29.660542,7.384,0.0,0.0,1339.115833,184.621667
2025-04-09 08:00:00+10:00,0.0,0.0,1022.08365,36.385558,51.778,0.0,0.0,1222.289167,139.3175
2025-04-09 09:00:00+10:00,0.0,0.0,761.259542,16.825558,116.5395,0.0,0.0,1119.8975,105.874167
2025-04-09 10:00:00+10:00,0.0,0.0,628.11595,30.36605,170.121,0.0,0.0,1063.088333,109.555833
2025-04-09 11:00:00+10:00,0.0,0.0,574.352242,52.003083,187.941,0.0,0.0,1032.841667,95.026667
2025-04-09 12:00:00+10:00,0.0,0.0,524.956542,58.059833,190.3695,0.0,0.0,1003.250833,91.9925
2025-04-09 13:00:00+10:00,0.0,0.0,514.651083,55.296733,194.377,0.0,0.0,966.395833,90.803333
2025-04-09 14:00:00+10:00,0.0,0.0,528.160675,42.254733,165.3665,0.0,0.0,983.144167,113.336667
2025-04-09 15:00:00+10:00,0.0,0.0,647.978392,46.2122,129.1375,0.0,0.0,1014.461667,135.8125
2025-04-09 16:00:00+10:00,0.0,11.6775,1283.883467,41.326467,72.634,0.0,0.0,1108.673333,176.596667
2025-04-09 17:00:00+10:00,0.0,49.523333,1483.00045,21.4169,19.1265,0.0,0.0,1216.5025,171.149167
2025-04-09 18:00:00+10:00,0.0,49.7375,1664.8805,31.6354,0.33,0.0,0.0,1287.809167,175.551667
2025-04-09 19:00:00+10:00,0.0,49.895833,1617.110508,46.701967,0.0,0.0,0.0,1256.511667,171.988333
2025-04-09 20:00:00+10:00,0.0,49.693333,1584.346142,59.315742,0.0,0.0,0.0,1224.978333,167.429167
2025-04-09 21:00:00+10:00,0.0,49.615833,1385.327267,81.298117,0.0,0.0,0.0,1188.51,138.225833
2025-04-09 22:00:00+10:00,0.0,49.745833,1200.346833,123.2536,0.0,0.0,0.0,1130.265,134.104167
2025-04-09 23:00:00+10:00,0.0,8.0225,1026.113508,143.77885,0.0,0.0,0.0,1080.246667,137.933333
2025-04-10 00:00:00+10:00,0.0,0.0,729.906617,160.446167,0.0,0.0,0.0,1020.853333,120.805
2025-04-10 01:00:00+10:00,0.0,0.0,497.355258,157.947817,0.0,0.0,0.0,1025.2975,126.781667
2025-04-10 02:00:00+10:00,0.0,0.0,467.493675,176.743408,0.0,0.0,0.0,1042.986667,135.08
2025-04-10 03:00:00+10:00,0.0,0.0,469.961325,177.020567,0.0,0.0,0.0,1036.614167,135.275833
2025-04-10 04:00:00+10:00,0.0,0.0,427.704733,225.451983,0.0,0.0,0.0,1046.61,121.351667
2025-04-10 05:00:00+10:00,0.0,0.0,491.069833,213.5476,0.0,0.0,0.0,1097.571667,120.103333
2025-04-10 06:00:00+10:00,0.0,0.0,681.973875,217.058158,0.0,0.0,0.0,1210.881667,137.531667
2025-04-10 07:00:00+10:00,0.0,0.0,677.44645,220.599858,4.5155,0.0,0.0,1273.005833,132.939167
2025-04-10 08:00:00+10:00,0.0,0.0,588.658125,235.624867,45.4555,0.0,0.0,1214.185,147.99
2025-04-10 09:00:00+10:00,0.0,0.0,487.245608,245.191017,95.3135,0.0,0.0,1109.54,76.909167
2025-04-10 10:00:00+10:00,0.0,0.0,368.938317,267.092067,133.7625,0.0,0.0,1041.13,50.103333
2025-04-10 11:00:00+10:00,0.0,0.0,349.548642,264.8825,170.286,0.0,0.0,1039.6675,14.35
2025-04-10 12:00:00+10:00,0.0,0.0,361.851533,280.63285,174.1295,0.0,0.0,1044.184167,11.1
2025-04-10 13:00:00+10:00,0.0,0.0,381.176133,271.569025,138.859,0.0,0.0,1047.826667,4.67
2025-04-10 14:00:00+10:00,0.0,0.0,411.420267,259.023942,112.961,0.0,0.0,1068.945833,8.5575
2025-04-10 15:00:00+10:00,0.0,0.0,442.537358,258.847775,107.7785,0.0,0.0,1090.771667,46.94
2025-04-10 16:00:00+10:00,0.0,0.0,632.304917,258.081625,61.391,0.0,0.0,1136.173333,120.393333
2025-04-10 17:00:00+10:00,0.0,0.0,673.629775,254.721183,16.0915,0.0,0.0,1180.474167,186.144167
2025-04-10 18:00:00+10:00,0.0,0.0,1173.630608,244.956733,0.191,0.0,0.0,1226.73,179.1975
2025-04-10 19:00:00+10:00,0.0,0.0,1261.349158,264.601017,0.0,0.0,0.0,1194.655,137.798333
2025-04-10 20:00:00+10:00,0.0,0.0,1044.351392,282.475775,0.0,0.0,0.0,1124.674167,122.971667
2025-04-10 21:00:00+10:00,0.0,0.0,787.350308,251.538767,0.0,0.0,0.0,1121.14,110.56
2025-04-10 22:00:00+10:00,0.0,0.0,533.435458,266.318242,0.0,0.0,0.0,1089.055,103.0575
2025-04-10 23:00:00+10:00,0.0,0.0,350.081617,331.76645,0.0,0.0,0.0,1034.258333,118.218333
2025-04-11 00:00:00+10:00,0.0,0.0,408.299408,341.135467,0.0,0.0,0.0,970.319167,123.06
2025-04-11 01:00:00+10:00,0.0,0.0,335.470008,346.7226,0.0,0.0,0.0,946.12,122.2375
2025-04-11 02:00:00+10:00,0.0,0.0,279.711775,313.33235,0.0,0.0,0.0,940.563333,118.405833
2025-04-11 03:00:00+10:00,0.0,0.0,284.215358,262.138433,0.0,0.0,0.0,935.5375,124.113333
2025-04-11 04:00:00+10:00,0.0,0.0,320.7746,281.326542,0.0,0.0,0.0,947.608333,125.694167
2025-04-11 05:00:00+10:00,0.0,0.0,651.280125,338.098483,0.0,0.0,0.0,1009.79,126.3825
2025-04-11 06:00:00+10:00,0.0,0.0,1050.695008,300.43475,0.0,0.0,0.0,1126.464167,158.0175
2025-04-11 07:00:00+10:00,0.0,0.0,977.360742,295.6192,5.919,0.0,0.0,1178.515,127.254167
2025-04-11 08:00:00+10:00,0.0,0.0,835.756642,223.7587,46.8185,0.0,0.0,1142.258333,118.288333
2025-04-11 09:00:00+10:00,0.0,0.0,578.46505,183.879975,104.6415,0.0,0.0,1098.635833,112.606667
2025-04-11 10:00:00+10:00,0.0,0.0,533.289867,136.34735,156.289,0.0,0.0,1051.98,92.64
2025-04-11 11:00:00+10:00,0.0,0.0,547.113125,90.627925,168.956,0.0,0.0,1006.330833,58.3575
2025-04-11 12:00:00+10:00,0.0,0.0,552.020775,65.337733,192.9555,0.0,0.0,980.898333,57.564167
2025-04-11 13:00:00+10:00,0.0,0.0,534.181225,61.129267,201.415,0.0,0.0,977.146667,55.141667
2025-04-11 14:00:00+10:00,0.0,0.0,566.5442,57.351967,171.1965,0.0,0.0,993.7225,90.148333
2025-04-11 15:00:00+10:00,0.0,0.0,598.163525,50.7126,129.319,0.0,0.0,1047.536667,103.491667
2025-04-11 16:00:00+10:00,0.0,0.0,802.868583,54.7662,73.4195,0.0,0.0,1061.5575,138.52
2025-04-11 17:00:00+10:00,0.0,0.0,844.670317,52.3518,16.5865,0.0,0.0,1147.6,133.044167
2025-04-11 18:00:00+10:00,0.0,0.0,1042.958633,36.679167,0.202,0.0,0.0,1195.475,150.088333
2025-04-11 19:00:00+10:00,0.0,0.0,883.197658,31.629167,0.0,0.0,0.0,1173.141667,125.989167
2025-04-11 20:00:00+10:00,0.0,0.0,795.640767,43.086667,0.0,0.0,0.0,1181.670833,120.720833
2025-04-11 21:00:00+10:00,0.0,0.0,735.409867,46.937275,0.0,0.0,0.0,1163.648333,122.805833
2025-04-11 22:00:00+10:00,0.0,0.0,683.917692,43.604,0.0,0.0,0.0,1122.6,126.876667
2025-04-11 23:00:00+10:00,0.0,0.0,637.6368,43.3705,0.0,0.0,0.0,1078.4525,133.936667
2025-04-12 00:00:00+10:00,0.0,0.0,590.669125,54.979625,0.0,0.0,0.0,1044.975833,131.4
2025-04-12 01:00:00+10:00,0.0,0.0,567.939217,51.340292,0.0,0.0,0.0,1032.190833,110.0675
2025-04-12 02:00:00+10:00,0.0,0.0,556.520225,57.036933,0.0,0.0,0.0,1025.1025,90.146667
2025-04-12 03:00:00+10:00,0.0,0.0,559.911217,58.741542,0.0,0.0,0.0,1033.625,90.143333
2025-04-12 04:00:00+10:00,0.0,0.0,560.941367,62.621358,0.0,0.0,0.0,1039.675,123.031667
2025-04-12 05:00:00+10:00,0.0,0.0,570.052617,74.08875,0.0,0.0,0.0,1054.779167,127.6975
2025-04-12 06:00:00+10:00,0.0,0.0,592.238008,82.771883,0.0,0.0,0.0,1094.8475,129.1125
2025-04-12 07:00:00+10:00,0.0,0.0,656.209275,78.905425,6.4635,0.0,0.0,1153.479167,93.02
2025-04-12 08:00:00+10:00,0.0,0.0,653.74165,99.804583,42.245,0.0,0.0,1164.086667,40.39
2025-04-12 09:00:00+10:00,0.0,0.0,633.322433,82.496758,92.4845,0.0,0.0,1130.039167,11.655833
2025-04-12 10:00:00+10:00,0.0,0.0,578.267133,75.8144,141.099,0.0,0.0,1067.789167,11.1
2025-04-12 11:00:00+10:00,0.0,0.0,522.510367,47.404742,170.552,0.0,0.0,993.680833,29.441667
2025-04-12 12:00:00+10:00,0.0,0.0,494.094033,34.273142,195.589,0.0,0.0,965.489167,51.438333
2025-04-12 13:00:00+10:00,0.0,0.0,483.104508,69.486092,194.3355,0.0,0.0,965.558333,40.566667
2025-04-12 14:00:00+10:00,0.0,0.0,446.858883,118.101608,163.921,0.0,0.0,984.459167,69.683333
2025-04-12 15:00:00+10:00,0.0,0.0,511.222383,135.502783,113.19,0.0,0.0,1014.415833,128.050833
2025-04-12 16:00:00+10:00,0.0,2.614567,879.1853,138.381692,64.667,0.0,0.0,1071.281667,138.6675
2025-04-12 17:00:00+10:00,0.0,52.186033,1567.448733,154.423825,14.6295,0.0,0.0,1129.023333,172.751667
2025-04-12 18:00:00+10:00,0.0,55.929883,1636.004867,179.8906,0.127,0.0,0.0,1164.508333,175.181667
2025-04-12 19:00:00+10:00,0.0,55.8769,1499.347125,205.801083,0.0,0.0,0.0,1143.365833,166.663333
2025-04-12 20:00:00+10:00,0.0,56.556892,1403.699125,202.034558,0.0,0.0,0.0,1131.021667,149.821667
2025-04-12 21:00:00+10:00,0.0,38.206175,1122.944467,197.399883,0.0,0.0,0.0,1117.21,127.4125
2025-04-12 22:00:00+10:00,0.0,-0.449167,757.2384,184.411833,0.0,0.0,0.0,1065.836667,126.131667
2025-04-12 23:00:00+10:00,0.0,0.0,486.230133,173.654208,0.0,0.0,0.0,1000.486667,91.919167
2025-04-13 00:00:00+10:00,0.0,0.0,381.518908,193.014258,0.0,0.0,0.0,967.33,90.1
2025-04-13 01:00:00+10:00,0.0,0.0,343.717858,216.031433,0.0,0.0,0.0,958.711667,90.1
2025-04-13 02:00:00+10:00,0.0,0.0,337.888925,215.857717,0.0,0.0,0.0,961.016667,90.1
2025-04-13 03:00:00+10:00,0.0,0.0,339.753317,207.264392,0.0,0.0,0.0,967.723333,90.1
2025-04-13 04:00:00+10:00,0.0,0.0,353.421958,203.670333,0.0,0.0,0.0,969.720833,17.665
2025-04-13 05:00:00+10:00,0.0,0.0,400.12215,194.748417,0.0,0.0,0.0,980.799167,11.08
2025-04-13 06:00:00+10:00,0.0,0.0,438.830467,187.492283,0.0,0.0,0.0,1016.870833,11.08
2025-04-13 07:00:00+10:00,0.0,0.0,489.075892,174.138625,4.7865,0.0,0.0,1069.470833,11.08
2025-04-13 08:00:00+10:00,0.0,0.0,491.785575,206.572017,30.245,0.0,0.0,1086.559167,11.08
2025-04-13 09:00:00+10:00,0.0,0.0,486.82,194.1211,69.7905,0.0,0.0,1057.919167,11.08
2025-04-13 10:00:00+10:00,0.0,0.0,433.2617,228.3704,120.587,0.0,0.0,1024.170833,11.08
2025-04-13 11:00:00+10:00,0.0,0.0,461.753075,180.12545,106.6945,0.0,0.0,1019.8075,11.1
2025-04-13 12:00:00+10:00,0.0,0.0,442.470533,197.586117,96.0035,0.0,0.0,1038.78,11.093333
2025-04-13 13:00:00+10:00,0.0,0.0,436.020442,214.460458,73.8075,0.276517,0.0,1031.591667,11.086667
2025-04-13 14:00:00+10:00,0.0,0.0,447.404542,216.028725,61.9785,0.0,0.0,1060.425833,11.086667
2025-04-13 15:00:00+10:00,0.0,0.0,533.951775,188.694792,50.193,0.0,0.0,1083.5875,63.851667
2025-04-13 16:00:00+10:00,0.0,0.0,631.010583,165.974642,27.6055,0.0,0.0,1093.3775,131.684167
2025-04-13 17:00:00+10:00,0.0,25.62535,1297.686092,151.283692,5.765,0.0,0.0,1190.020833,162.8225
2025-04-13 18:00:00+10:00,0.0,54.84015,1636.61375,139.287375,0.019,0.0,0.0,1213.178333,143.6825
2025-04-13 19:00:00+10:00,0.0,54.913783,1430.734433,114.092742,0.0,0.0,0.0,1152.281667,135.310833
2025-04-13 20:00:00+10:00,0.0,54.741967,1281.324458,73.513508,0.0,0.0,0.0,1097.244167,132.848333
2025-04-13 21:00:00+10:00,0.0,55.264042,1203.933767,51.2777,0.0,0.0,0.0,1066.5275,137.6
2025-04-13 22:00:00+10:00,0.0,55.279242,1103.891817,80.339725,0.0,0.0,0.0,1052.308333,134.286667
2025-04-13 23:00:00+10:00,0.0,56.769,989.063692,80.886292,0.0,0.0,0.0,1029.825833,136.968333
2025-04-14 00:00:00+10:00,0.0,57.518867,843.656808,135.777625,0.0,0.0,0.0,1017.748333,132.32
2025-04-14 01:00:00+10:00,0.0,10.9341,660.499242,161.191208,0.0,0.0,0.0,1000.275,120.865833
2025-04-14 02:00:00+10:00,0.0,0.0,563.737083,95.556467,0.0,0.0,0.0,1004.905,120.49
2025-04-14 03:00:00+10:00,0.0,0.0,444.125967,128.254825,0.0,0.0,0.0,987.679167,120.08
2025-04-14 04:00:00+10:00,0.0,0.0,411.050975,183.210308,0.0,0.0,0.0,1011.213333,120.098333
2025-04-14 05:00:00+10:00,0.0,0.0,407.914392,264.287792,0.0,0.0,0.0,1061.54,118.656667
2025-04-14 06:00:00+10:00,0.0,0.0,655.718,271.566325,0.0,0.0,0.0,1158.191667,130.375
2025-04-14 07:00:00+10:00,0.0,26.824558,604.395175,248.171967,3.29,0.0,0.0,1238.834167,117.8075
2025-04-14 08:00:00+10:00,0.0,57.857483,576.636542,218.566017,32.7435,0.0,0.0,1243.401667,130.030833
2025-04-14 09:00:00+10:00,0.0,57.875375,575.094633,184.56905,73.839,0.0,0.0,1144.163333,60.503333
2025-04-14 10:00:00+10:00,0.0,57.855867,516.152875,179.830117,114.442,0.0,0.0,1079.138333,63.031667
2025-04-14 11:00:00+10:00,0.0,57.831442,471.729417,199.917233,158.5725,1.561083,0.0,1002.595,64.451667
2025-04-14 12:00:00+10:00,0.0,57.833083,398.079608,220.451892,173.801,3.877217,0.0,944.990833,26.741667
2025-04-14 13:00:00+10:00,0.0,57.769575,390.425408,217.323383,184.665,0.1339,0.0,935.150833,83.459167
2025-04-14 14:00:00+10:00,0.0,57.6377,360.163642,202.798,163.7485,0.0,0.0,949.018333,60.365
2025-04-14 15:00:00+10:00,0.0,57.658875,397.419492,188.366558,123.8535,0.0,0.0,993.323333,78.321667
2025-04-14 16:00:00+10:00,0.0,57.828183,529.853233,180.287783,64.8835,0.0,0.0,1092.215,111.6675
2025-04-14 17:00:00+10:00,0.0,57.837942,711.967833,156.1881,13.9125,0.0,0.0,1210.4375,135.385
2025-04-14 18:00:00+10:00,0.0,57.846092,1129.908833,160.461225,0.0965,0.0,0.0,1291.578333,145.265
2025-04-14 19:00:00+10:00,0.0,57.865633,876.3269,146.842692,0.0,0.0,0.0,1259.8775,120.4275
2025-04-14 20:00:00+10:00,0.0,57.85585,650.542775,159.950767,0.0,0.0,0.0,1204.73,129.328333
2025-04-14 21:00:00+10:00,0.0,11.133892,640.584758,164.731925,0.0,0.0,0.0,1163.466667,121.105833
2025-04-14 22:00:00+10:00,0.0,0.0,603.19465,160.475333,0.0,0.0,0.0,1094.0125,120.295
2025-04-14 23:00:00+10:00,0.0,0.0,494.816533,197.424617,0.0,0.0,0.0,1028.706667,104.63
2025-04-15 00:00:00+10:00,0.0,0.0,398.487567,269.380325,0.0,0.0,0.0,1015.221667,90.1
2025-04-15 01:00:00+10:00,0.0,0.0,414.027117,240.016808,0.0,0.0,0.0,999.7175,84.550833
2025-04-15 02:00:00+10:00,0.0,0.0,430.633367,237.636642,0.0,0.0,0.0,998.0225,58.276667
2025-04-15 03:00:00+10:00,0.0,0.0,449.485733,204.6639,0.0,0.0,0.0,1004.128333,84.538333
2025-04-15 04:00:00+10:00,0.0,0.0,450.19095,202.98385,0.0,0.0,0.0,1012.441667,108.433333
2025-04-15 05:00:00+10:00,0.0,0.0,489.31285,210.883775,0.0,0.0,0.0,1061.593333,113.193333
2025-04-15 06:00:00+10:00,0.0,0.0,698.123033,210.266033,0.0,0.0,0.0,1162.140833,128.313333
2025-04-15 07:00:00+10:00,0.0,0.0,739.711367,253.976933,3.5235,0.0,0.0,1247.196667,98.634167
2025-04-15 08:00:00+10:00,0.0,0.0,657.944992,244.8269,26.366,0.0,0.0,1235.74,111.8825
2025-04-15 09:00:00+10:00,0.0,0.0,617.306492,245.332267,62.68,0.0,0.0,1165.295833,81.188333
2025-04-15 10:00:00+10:00,0.0,0.0,539.467775,225.584242,103.58,0.0,0.0,1079.8175,105.541667
2025-04-15 11:00:00+10:00,0.0,0.0,433.760725,232.776933,151.0265,0.0,0.0,969.241667,73.438333
2025-04-15 12:00:00+10:00,0.0,0.0,384.353092,249.37305,168.6495,0.0,0.0,938.29,87.481667
2025-04-15 13:00:00+10:00,0.0,0.0,399.729533,254.434058,162.213,0.0,0.0,956.28,105.516667
2025-04-15 14:00:00+10:00,0.0,0.0,451.72935,224.526392,127.6,0.0,0.0,977.129167,112.273333
2025-04-15 15:00:00+10:00,0.0,0.0,497.284933,210.367425,94.161,0.0,0.0,1011.765833,120.528333
2025-04-15 16:00:00+10:00,0.0,2.63085,815.464267,197.717958,54.8835,0.0,0.0,1018.466667,150.4025
2025-04-15 17:00:00+10:00,0.0,52.953942,1446.316525,207.956975,9.7795,0.0,0.0,1154.945,164.1525
2025-04-15 18:00:00+10:00,0.0,57.885167,1624.158733,225.672208,0.0425,0.0,0.0,1220.774167,149.488333
2025-04-15 19:00:00+10:00,0.0,57.87865,1463.120683,269.827917,0.0,0.0,0.0,1183.829167,131.45
2025-04-15 20:00:00+10:00,0.0,57.850975,1335.633317,301.93355,0.0,0.0,0.0,1175.3325,129.275833
2025-04-15 21:00:00+10:00,0.0,57.867258,1252.038467,313.9338,0.0,0.0,0.0,1185.5575,119.423333
2025-04-15 22:00:00+10:00,0.0,57.844458,1179.164617,305.7679,0.0,0.0,0.0,1097.8425,119.854167
2025-04-15 23:00:00+10:00,0.0,57.84285,1067.244417,319.942342,0.0,0.0,0.0,1015.971667,113.15
2025-04-16 00:00:00+10:00,0.0,11.309717,553.328475,334.976733,0.0,0.0,0.0,887.410833,112.998333
2025-04-16 01:00:00+10:00,0.0,0.0,324.613308,308.806408,0.0,0.0,0.0,855.196667,102.485
2025-04-16 02:00:00+10:00,0.0,0.0,277.397233,311.354467,0.0,0.0,0.0,845.6,94.511667
2025-04-16 03:00:00+10:00,0.0,0.0,263.730208,313.651583,0.0,0.0,0.0,852.930833,95.66
2025-04-16 04:00:00+10:00,0.0,0.0,318.228908,282.323542,0.0,0.0,0.0,910.775,120.081667
2025-04-16 05:00:00+10:00,0.0,0.0,399.652225,251.684467,0.0,0.0,0.0,960.124167,121.335
2025-04-16 06:00:00+10:00,0.0,0.0,485.639383,276.866475,0.0,0.0,0.0,1048.464167,126.676667
2025-04-16 07:00:00+10:00,0.0,2.682942,604.8401,225.400217,3.9105,0.0,0.0,1134.533333,130.286667
2025-04-16 08:00:00+10:00,0.0,53.080942,588.084625,200.557458,23.769,0.0,0.0,1121.334167,130.115
2025-04-16 09:00:00+10:00,0.0,57.657258,535.778358,192.940733,57.98,0.0,0.0,1059.269167,122.296667
2025-04-16 10:00:00+10:00,0.0,57.598642,462.811175,197.079442,93.476,0.0,0.0,1016.088333,87.183333
2025-04-16 11:00:00+10:00,0.0,57.4163,467.868667,187.779733,93.061,0.0,0.0,1005.336667,118.463333
2025-04-16 12:00:00+10:00,0.0,57.238858,473.29635,178.26155,73.9035,0.0,0.0,1001.65,118.63
2025-04-16 13:00:00+10:00,0.0,57.255117,470.071283,151.248125,80.1685,0.0,0.0,985.691667,116.786667
2025-04-16 14:00:00+10:00,0.0,56.936058,451.435292,152.484525,73.608,0.0,0.0,968.064167,110.918333
2025-04-16 15:00:00+10:00,0.0,57.124892,486.650033,134.887242,74.0855,0.0,0.0,959.740833,120.085
2025-04-16 16:00:00+10:00,0.0,57.250258,1050.498008,127.637683,45.5395,0.0,0.0,1001.615,166.49
2025-04-16 17:00:00+10:00,0.0,57.497708,1632.963408,125.495833,8.999,0.0,0.0,1116.054167,154.945833
2025-04-16 18:00:00+10:00,0.0,57.772833,1725.002708,120.055,0.034,0.0,0.0,1188.9375,136.688333
2025-04-16 19:00:00+10:00,0.0,57.87215,1468.734733,110.165,0.0,0.0,0.0,1152.105,117.409167
2025-04-16 20:00:00+10:00,0.0,57.909575,1373.376133,151.04,0.0,0.0,0.0,1085.25,121.574167
2025-04-16 21:00:00+10:00,0.0,57.880283,1247.337458,144.522758,0.0,0.0,0.0,1074.4225,122.2625
2025-04-16 22:00:00+10:00,0.0,40.219742,1181.073033,145.375833,0.0,0.0,0.0,1022.816667,123.938333
2025-04-16 23:00:00+10:00,0.0,0.0,1239.814433,130.334167,0.0,0.0,0.0,991.255833,130.05
2025-04-17 00:00:00+10:00,0.0,0.0,1203.094717,106.081667,0.0,0.0,0.0,967.9825,129.824167
2025-04-17 01:00:00+10:00,0.0,0.0,1147.207925,41.964167,0.0,0.0,0.0,990.084167,119.435833
2025-04-17 02:00:00+10:00,0.0,0.0,846.429167,98.199167,0.0,0.0,0.0,930.481667,120.349167
2025-04-17 03:00:00+10:00,0.0,0.0,807.347883,112.703233,0.0,0.0,0.0,928.278333,113.845833
2025-04-17 04:00:00+10:00,0.0,0.0,973.70835,157.989142,0.0,0.0,0.0,987.82,106.9
2025-04-17 05:00:00+10:00,0.0,0.0,1106.268592,123.330767,0.0,0.0,0.0,1050.059167,115.715
2025-04-17 06:00:00+10:00,0.0,0.0,1399.845508,90.38515,0.0,0.0,0.0,1125.39,136.946667
2025-04-17 07:00:00+10:00,0.0,0.0,1139.202033,105.771667,4.1115,0.0,0.0,1154.319167,87.381667
2025-04-17 08:00:00+10:00,0.0,0.0,775.549583,114.9025,29.6495,0.0,0.0,1131.3825,101.835833
2025-04-17 09:00:00+10:00,0.0,0.0,697.066675,95.520833,56.964,0.0,0.0,1094.1925,84.5275
2025-04-17 10:00:00+10:00,0.0,0.0,642.418417,95.060833,78.8535,0.0,0.0,1040.075,55.3325
2025-04-17 11:00:00+10:00,0.0,0.0,588.894483,99.010833,109.7805,0.0,0.0,1012.716667,63.513333
2025-04-17 12:00:00+10:00,0.0,0.0,543.818375,107.385,122.774,0.0,0.0,980.969167,56.6275
2025-04-17 13:00:00+10:00,0.0,0.0,525.589367,100.974167,143.075,0.0,0.0,956.238333,100.865
2025-04-17 14:00:00+10:00,0.0,0.0,563.101808,93.6225,126.996,0.0,0.0,968.864167,127.773333
2025-04-17 15:00:00+10:00,0.0,0.0,642.041792,93.994167,92.7885,0.0,0.0,992.895833,117.528333
2025-04-17 16:00:00+10:00,0.0,26.484308,970.817375,99.468125,51.6385,0.0,0.0,1007.429167,152.545
2025-04-17 17:00:00+10:00,0.0,56.861167,1597.840983,109.900275,8.741,0.0,0.0,1084.138333,189.571667
2025-04-17 18:00:00+10:00,0.0,57.3056,1683.29275,120.491017,0.0095,0.0,0.0,1128.859167,160.775833
2025-04-17 19:00:00+10:00,0.0,57.821683,1668.467733,110.677208,0.0,0.0,0.0,1111.558333,135.211667
2025-04-17 20:00:00+10:00,0.0,57.85585,1435.838583,113.840783,0.0,0.0,0.0,1079.764167,131.83
2025-04-17 21:00:00+10:00,0.0,57.8526,1518.352842,124.981683,0.0,0.0,0.0,1053.9225,133.869167
2025-04-17 22:00:00+10:00,0.0,57.886792,1553.858325,130.143608,0.0,0.0,0.0,1019.873333,135.226667
2025-04-17 23:00:00+10:00,0.0,57.894925,1473.174442,152.969783,0.0,0.0,0.0,1015.6925,136.28
2025-04-18 00:00:00+10:00,0.0,40.2881,1328.4795,174.190717,0.0,0.0,0.0,944.59,133.99
2025-04-18 01:00:00+10:00,0.0,0.0,1148.713675,208.002975,0.0,0.0,0.0,942.571667,125.35
2025-04-18 02:00:00+10:00,0.0,0.0,942.03915,249.345108,0.0,0.0,0.0,942.935,111.604167
2025-04-18 03:00:00+10:00,0.0,0.0,639.03615,229.82265,0.0,0.0,0.0,945.454167,122.879167
2025-04-18 04:00:00+10:00,0.0,0.0,484.748658,206.749858,0.0,0.0,0.0,949.690833,107.760833
2025-04-18 05:00:00+10:00,0.0,0.0,494.718183,215.839883,0.0,0.0,0.0,976.651667,122.744167
2025-04-18 06:00:00+10:00,0.0,0.0,565.41535,233.000558,0.0,0.0,0.0,1020.685,121.655
2025-04-18 07:00:00+10:00,0.0,0.0,458.388675,212.795667,1.691,0.0,0.0,1063.101667,79.7525
2025-04-18 08:00:00+10:00,0.0,0.0,532.0871,154.662792,23.199,0.0,0.0,1067.915833,27.078333
2025-04-18 09:00:00+10:00,0.0,0.0,485.244833,179.676925,69.5625,0.0,0.0,1050.343333,11.16
2025-04-18 10:00:00+10:00,0.0,0.0,435.67755,203.373,102.178,0.0,0.0,1029.905,17.16
2025-04-18 11:00:00+10:00,0.0,0.0,406.04195,191.033783,124.7155,0.0,0.0,997.285833,11.16
2025-04-18 12:00:00+10:00,0.0,0.0,394.620567,183.851492,110.2155,0.0,0.0,967.409167,11.16
2025-04-18 13:00:00+10:00,0.0,0.0,415.504767,164.194608,89.565,0.0,0.0,986.719167,11.16
2025-04-18 14:00:00+10:00,0.0,0.0,383.999183,190.623317,64.8185,0.0,0.0,989.850833,11.16
2025-04-18 15:00:00+10:00,0.0,0.0,417.811858,174.478442,77.723,0.0,0.0,1002.695,15.16
2025-04-18 16:00:00+10:00,0.0,0.0,607.141883,101.588817,29.9785,0.0,0.0,1057.134167,114.851667
2025-04-18 17:00:00+10:00,0.0,26.541292,1050.662933,78.991075,6.8155,0.0,0.0,1113.029167,135.208333
2025-04-18 18:00:00+10:00,0.0,56.916525,1465.6792,96.042817,0.002,0.0,0.0,1129.3025,133.439167
2025-04-18 19:00:00+10:00,0.0,57.063042,1445.8023,78.361708,0.0,0.0,0.0,1073.841667,129.649167
2025-04-18 20:00:00+10:00,0.0,57.247017,1378.5433,88.384083,0.0,0.0,0.0,1039.481667,125.849167
2025-04-18 21:00:00+10:00,0.0,56.958842,1251.446442,57.066708,0.0,0.0,0.0,1028.4725,129.7275
2025-04-18 22:00:00+10:00,0.0,56.9507,1075.134033,46.569875,0.0,0.0,0.0,994.916667,129.81
2025-04-18 23:00:00+10:00,0.0,39.508308,1018.00095,77.122783,0.0,0.0,0.0,973.28,126.505833
2025-04-19 00:00:00+10:00,0.0,0.0,694.126308,94.631258,0.0,0.0,0.0,914.4,116.059167
2025-04-19 01:00:00+10:00,0.0,0.0,427.441892,133.936608,0.0,0.0,0.0,893.485833,103.455
2025-04-19 02:00:00+10:00,0.0,0.0,309.592483,198.765683,0.0,0.0,0.0,930.806667,90.1125
2025-04-19 03:00:00+10:00,0.0,0.0,326.199308,187.465817,0.0,0.0,0.0,936.3925,95.043333
2025-04-19 04:00:00+10:00,0.0,0.0,366.788967,161.451867,0.0,0.0,0.0,950.665,54.915
2025-04-19 05:00:00+10:00,0.0,0.0,423.454075,123.053267,0.0,0.0,0.0,960.274167,45.14
2025-04-19 06:00:00+10:00,0.0,0.0,461.515692,115.40105,0.0,0.0,0.0,992.770833,45.14
2025-04-19 07:00:00+10:00,0.0,0.0,498.769458,121.732575,3.9055,0.0,0.0,1040.875,45.14
2025-04-19 08:00:00+10:00,0.0,0.0,560.971392,99.204558,34.755,0.0,0.0,1070.270833,37.215
2025-04-19 09:00:00+10:00,0.0,0.0,556.877442,91.949542,83.8145,0.0,0.0,1053.214167,11.14
2025-04-19 10:00:00+10:00,0.0,0.0,536.823908,88.753225,114.286,0.0,0.0,1030.955833,11.14
2025-04-19 11:00:00+10:00,0.0,0.0,529.842733,54.213558,130.969,0.0,0.0,998.080833,11.14
2025-04-19 12:00:00+10:00,0.0,0.0,543.861442,30.404325,136.4355,0.0,0.0,979.426667,11.14
2025-04-19 13:00:00+10:00,0.0,0.0,549.82515,40.738333,105.531,0.0,0.0,968.969167,11.14
2025-04-19 14:00:00+10:00,0.0,0.0,590.0971,35.7775,85.212,0.0,0.0,1006.0,52.839167
2025-04-19 15:00:00+10:00,0.0,0.0,614.435442,40.306667,65.828,0.0,0.0,1029.749167,101.741667
2025-04-19 16:00:00+10:00,0.0,0.719575,705.265525,57.019467,24.0455,0.0,0.0,1079.029167,125.446667
2025-04-19 17:00:00+10:00,0.0,52.405317,924.096008,81.664408,2.3605,0.0,0.0,1169.918333,104.071667
2025-04-19 18:00:00+10:00,0.0,57.839567,789.85775,44.485867,0.0015,0.0,0.0,1193.454167,119.775833
2025-04-19 19:00:00+10:00,0.0,57.841217,658.09005,39.811925,0.0,0.0,0.0,1146.504167,119.481667
2025-04-19 20:00:00+10:00,0.0,39.972275,624.347383,77.144483,0.0,0.0,0.0,1112.3875,107.244167
2025-04-19 21:00:00+10:00,0.0,0.0,562.791,118.765808,0.0,0.0,0.0,1088.551667,120.14
2025-04-19 22:00:00+10:00,0.0,0.0,497.318225,125.704058,0.0,0.0,0.0,1040.155833,58.89
2025-04-19 23:00:00+10:00,0.0,0.0,423.328083,152.759992,0.0,0.0,0.0,975.965833,45.14
2025-04-20 00:00:00+10:00,0.0,0.0,408.545408,164.653267,0.0,0.0,0.0,953.5975,45.14
2025-04-20 01:00:00+10:00,0.0,0.0,396.902108,152.787225,0.0,0.0,0.0,926.6625,82.64
2025-04-20 02:00:00+10:00,0.0,0.0,396.506533,138.678942,0.0,0.0,0.0,911.283333,67.64
2025-04-20 03:00:00+10:00,0.0,0.0,416.866367,120.5503,0.0,0.0,0.0,922.829167,45.14
2025-04-20 04:00:00+10:00,0.0,0.0,453.308058,101.4552,0.0,0.0,0.0,941.625,52.296667
2025-04-20 05:00:00+10:00,0.0,0.0,427.205825,126.303617,0.0,0.0,0.0,954.920833,80.22
2025-04-20 06:00:00+10:00,0.0,0.0,425.659425,144.503083,0.0,0.0,0.0,979.715,100.22
2025-04-20 07:00:00+10:00,0.0,0.0,485.22495,128.532733,0.773,0.0,0.0,1023.785,52.728333
2025-04-20 08:00:00+10:00,0.0,0.0,563.3464,96.621358,11.5265,0.0,0.0,1069.9875,24.731667
2025-04-20 09:00:00+10:00,0.0,0.0,635.731842,82.3266,20.2615,0.0,0.0,1111.433333,45.095
2025-04-20 10:00:00+10:00,0.0,0.0,594.520383,82.435383,40.65,0.0,0.0,1090.141667,27.49
2025-04-20 11:00:00+10:00,0.0,0.0,576.614492,53.616833,72.94,0.0,0.0,1045.305833,33.988333
2025-04-20 12:00:00+10:00,0.0,26.590125,531.966892,62.929658,92.6615,0.0,0.0,1018.343333,20.985
2025-04-20 13:00:00+10:00,0.0,57.115133,444.5881,77.362242,93.277,0.0,0.0,994.2425,11.22
2025-04-20 14:00:00+10:00,0.0,56.970242,470.8771,62.632467,90.571,0.0,0.0,1021.375,11.235
2025-04-20 15:00:00+10:00,0.0,57.297475,490.354717,78.755942,58.7155,0.0,0.0,1051.470833,11.24
2025-04-20 16:00:00+10:00,0.0,57.32025,574.348417,92.7437,31.955,0.0,0.0,1101.9325,38.970833
2025-04-20 17:00:00+10:00,0.0,39.721567,627.841742,77.369942,4.8355,0.0,0.0,1164.825833,77.810833
2025-04-20 18:00:00+10:00,0.0,0.0,690.957325,56.938008,0.0,0.0,0.0,1195.168333,65.754167
2025-04-20 19:00:00+10:00,0.0,0.0,608.842783,97.277025,0.0,0.0,0.0,1167.59,51.2625
2025-04-20 20:00:00+10:00,0.0,0.0,564.051525,119.539075,0.0,0.0,0.0,1140.916667,50.3925
2025-04-20 21:00:00+10:00,0.0,0.0,622.535292,41.938933,0.0,0.0,0.0,1098.813333,77.74
2025-04-20 22:00:00+10:00,0.0,0.0,578.268467,40.196367,0.0,0.0,0.0,1043.313333,56.450833
2025-04-20 23:00:00+10:00,0.0,0.0,548.336475,24.480867,0.0,0.0,0.0,1018.830833,93.563333
2025-04-21 00:00:00+10:00,0.0,0.0,518.64045,33.558567,0.0,0.0,0.0,988.2025,80.22
2025-04-21 01:00:00+10:00,0.0,0.0,506.803375,28.512992,0.0,0.0,0.0,967.766667,80.22
2025-04-21 02:00:00+10:00,0.0,0.0,510.040317,17.953558,0.0,0.0,0.0,965.778333,80.22
2025-04-21 03:00:00+10:00,0.0,0.0,499.690233,27.173908,0.0,0.0,0.0,967.058333,80.22
2025-04-21 04:00:00+10:00,0.0,0.0,476.402883,74.6271,0.0,0.0,0.0,980.103333,77.250833
2025-04-21 05:00:00+10:00,0.0,0.0,516.31475,47.96,0.0,0.0,0.0,1008.085833,80.465833
2025-04-21 06:00:00+10:00,0.0,0.0,560.134442,32.978333,0.0,0.0,0.0,1049.556667,116.953333
2025-04-21 07:00:00+10:00,0.0,0.0,540.073275,87.246158,2.66,0.0,0.0,1038.1975,91.053333
2025-04-21 08:00:00+10:00,0.0,0.0,538.596283,118.8127,32.74,0.0,0.0,1030.868333,43.975
2025-04-21 09:00:00+10:00,0.0,0.0,536.123958,129.143333,74.504,0.0,0.0,1023.3775,11.22
2025-04-21 10:00:00+10:00,0.0,0.0,491.704692,161.963992,80.8075,0.0,0.0,995.315,11.176667
2025-04-21 11:00:00+10:00,0.0,0.0,426.243383,174.438892,108.293,0.0,0.0,950.224167,11.131667
2025-04-21 12:00:00+10:00,0.0,2.26455,437.282258,146.801092,128.969,0.0,0.0,955.7,11.22
2025-04-21 13:00:00+10:00,0.0,50.257983,404.0225,146.035417,128.929,0.0,0.0,959.545833,11.206667
2025-04-21 14:00:00+10:00,0.0,54.13425,372.621833,180.089783,103.2725,0.0,0.0,973.388333,11.138333
2025-04-21 15:00:00+10:00,0.0,54.7122,375.399358,227.629817,71.372,0.0,0.0,1000.208333,11.151667
2025-04-21 16:00:00+10:00,0.0,54.803367,387.759967,266.203858,33.0555,0.0,0.0,1043.39,11.145
2025-04-21 17:00:00+10:00,0.0,54.97755,549.03385,220.036267,6.486,0.0,0.0,1101.534167,75.0325
2025-04-21 18:00:00+10:00,0.0,55.8518,530.158492,198.726675,0.0,0.0,0.0,1127.469167,120.22
2025-04-21 19:00:00+10:00,0.0,55.986908,506.239908,178.125658,0.0,0.0,0.0,1089.154167,120.22
2025-04-21 20:00:00+10:00,0.0,56.011333,489.966392,166.065492,0.0,0.0,0.0,1048.916667,120.22
2025-04-21 21:00:00+10:00,0.0,56.605575,480.234775,151.733467,0.0,0.0,0.0,1009.1125,120.22
2025-04-21 22:00:00+10:00,0.0,57.823292,439.0549,136.162692,0.0,0.0,0.0,975.335833,112.058333
2025-04-21 23:00:00+10:00,0.0,57.846083,395.220992,138.727192,0.0,0.0,0.0,926.0075,105.581667
2025-04-22 00:00:00+10:00,0.0,57.868875,327.839208,182.170233,0.0,0.0,0.0,898.3025,110.22
2025-04-22 01:00:00+10:00,0.0,11.0183,360.784767,191.14285,0.0,0.0,0.0,882.305,82.105
2025-04-22 02:00:00+10:00,0.0,0.0,384.17185,151.613575,0.0,0.0,0.0,895.6725,80.22
2025-04-22 03:00:00+10:00,0.0,0.0,407.894267,147.787208,0.0,0.0,0.0,913.288333,107.001667
2025-04-22 04:00:00+10:00,0.0,0.0,418.993492,153.775708,0.0,0.0,0.0,943.4075,116.239167
2025-04-22 05:00:00+10:00,0.0,0.0,466.0886,153.456683,0.0,0.0,0.0,977.896667,110.518333
2025-04-22 06:00:00+10:00,0.0,0.0,558.594417,153.279558,0.0,0.0,0.0,1057.805833,116.2675
2025-04-22 07:00:00+10:00,0.0,0.0,622.694,139.24275,2.9925,0.0,0.0,1140.680833,105.0575
2025-04-22 08:00:00+10:00,0.0,0.0,679.286825,108.661258,34.3635,0.0,0.0,1131.4,76.090833
2025-04-22 09:00:00+10:00,0.0,0.0,656.838475,74.5625,79.5395,0.0,0.0,1091.876667,67.253333
2025-04-22 10:00:00+10:00,0.0,0.0,591.021317,94.830833,116.9485,0.0,0.0,1081.776667,40.809167
2025-04-22 11:00:00+10:00,0.0,0.0,564.9334,82.636667,131.791,0.0,0.0,1062.914167,11.25
2025-04-22 12:00:00+10:00,0.0,0.0,581.280792,83.874167,138.6185,0.0,0.0,1060.938333,15.938333
2025-04-22 13:00:00+10:00,0.0,0.0,577.329767,86.240833,131.5075,0.0,0.0,1066.925,50.24
2025-04-22 14:00:00+10:00,0.0,0.0,576.182433,107.107967,107.984,0.0,0.0,1089.321667,14.499167
2025-04-22 15:00:00+10:00,0.0,0.0,636.035192,120.212708,78.282,0.0,0.0,1136.615,13.065833
2025-04-22 16:00:00+10:00,0.0,0.0,692.774383,132.939167,34.7835,0.0,0.0,1198.879167,72.77
2025-04-22 17:00:00+10:00,0.0,0.0,988.430592,117.201333,4.985,0.0,0.0,1287.3425,110.035833
2025-04-22 18:00:00+10:00,0.0,0.0,947.6243,115.531767,0.0,0.0,0.0,1316.690833,85.535
2025-04-22 19:00:00+10:00,0.0,0.0,787.982533,85.900933,0.0,0.0,0.0,1278.0325,120.075833
2025-04-22 20:00:00+10:00,0.0,0.0,745.486217,81.015983,0.0,0.0,0.0,1232.233333,128.315
2025-04-22 21:00:00+10:00,0.0,0.0,675.1138,97.263333,0.0,0.0,0.0,1180.380833,109.955
2025-04-22 22:00:00+10:00,0.0,0.0,597.958592,91.226667,0.0,0.0,0.0,1112.74,67.634167
2025-04-22 23:00:00+10:00,0.0,0.0,555.821733,84.975833,0.0,0.0,0.0,1058.72,73.300833
2025-04-23 00:00:00+10:00,0.0,0.0,518.260433,77.93,0.0,0.0,0.0,1025.013333,80.13
2025-04-23 01:00:00+10:00,0.0,0.0,483.695525,90.586617,0.0,0.0,0.0,1013.675833,78.814167
2025-04-23 02:00:00+10:00,0.0,0.0,473.13715,89.178925,0.0,0.0,0.0,1010.6025,66.906667
2025-04-23 03:00:00+10:00,0.0,0.0,497.693192,66.9425,0.0,0.0,0.0,1006.659167,50.24
2025-04-23 04:00:00+10:00,0.0,0.0,530.884117,57.79,0.0,0.0,0.0,1030.711667,114.3975
2025-04-23 05:00:00+10:00,0.0,0.0,574.547358,62.6575,0.0,0.0,0.0,1073.693333,120.23
2025-04-23 06:00:00+10:00,0.0,0.0,648.715992,51.32625,0.0,0.0,0.0,1143.344167,120.230833
2025-04-23 07:00:00+10:00,0.0,0.0,730.9083,51.638642,2.5155,0.0,0.0,1210.335833,83.5725
2025-04-23 08:00:00+10:00,0.0,0.0,726.924575,54.11645,32.4615,0.0,0.0,1177.0475,38.994167
2025-04-23 09:00:00+10:00,0.0,0.0,665.716933,48.245858,85.806,0.0,0.0,1121.464167,11.25
2025-04-23 10:00:00+10:00,0.0,0.0,588.816575,48.551017,136.3225,0.0,0.0,1042.304167,11.25
2025-04-23 11:00:00+10:00,0.0,0.0,527.127858,46.3875,167.6735,0.0,0.0,983.243333,11.25
2025-04-23 12:00:00+10:00,0.0,0.0,489.205458,51.326667,186.446,0.0,0.0,960.2975,11.25
2025-04-23 13:00:00+10:00,0.0,0.0,503.585208,44.0675,181.8365,0.0,0.0,961.015,11.25
2025-04-23 14:00:00+10:00,0.0,0.0,531.209092,50.379167,159.3055,0.0,0.0,996.953333,49.886667
2025-04-23 15:00:00+10:00,0.0,0.0,584.417217,54.825833,112.81,0.0,0.0,1030.329167,71.356667
2025-04-23 16:00:00+10:00,0.0,2.6748,697.465467,50.3845,55.8135,0.0,0.0,1059.934167,120.456667
2025-04-23 17:00:00+10:00,0.0,53.077675,1419.421992,44.884292,7.956,0.0,0.0,1148.11,124.895
2025-04-23 18:00:00+10:00,0.0,57.885167,1566.300358,33.233483,0.0,0.0,0.0,1190.3925,121.8075
2025-04-23 19:00:00+10:00,0.0,57.888417,1356.321333,33.802183,0.0,0.0,0.0,1123.9725,116.430833
2025-04-23 20:00:00+10:00,0.0,57.878667,1148.091325,35.719775,0.0,0.0,0.0,1096.095,114.736667
2025-04-23 21:00:00+10:00,0.0,57.867242,784.542742,55.680708,0.0,0.0,0.0,1042.349167,111.299167
2025-04-23 22:00:00+10:00,0.0,40.112292,569.745708,75.204067,0.0,0.0,0.0,992.861667,120.818333
2025-04-23 23:00:00+10:00,0.0,0.0,526.0546,115.322608,0.0,0.0,0.0,961.530833,120.23
2025-04-24 00:00:00+10:00,0.0,0.0,487.271308,127.416592,0.0,0.0,0.0,949.465833,120.23
2025-04-24 01:00:00+10:00,0.0,0.0,458.024183,137.248167,0.0,0.0,0.0,912.4525,120.23
2025-04-24 02:00:00+10:00,0.0,0.0,419.604142,156.235375,0.0,0.0,0.0,902.9025,120.23
2025-04-24 03:00:00+10:00,0.0,0.0,391.908575,191.599575,0.0,0.0,0.0,896.896667,120.23
2025-04-24 04:00:00+10:00,0.0,0.0,387.332367,216.921958,0.0,0.0,0.0,907.385,107.346667
2025-04-24 05:00:00+10:00,0.0,0.0,365.218133,247.486667,0.0,0.0,0.0,940.835833,109.783333
2025-04-24 06:00:00+10:00,0.0,0.0,415.001792,275.848417,0.0,0.0,0.0,1019.135,113.533333
2025-04-24 07:00:00+10:00,0.0,0.0,452.142358,307.973158,1.4015,0.0,0.0,1095.035,102.7
2025-04-24 08:00:00+10:00,0.0,0.0,498.891675,302.958292,18.698,0.0,0.0,1107.268333,32.4675
2025-04-24 09:00:00+10:00,0.0,0.0,494.956567,294.923017,50.7,0.0,0.0,1073.925833,30.540833
2025-04-24 10:00:00+10:00,0.0,0.0,430.53655,279.468125,80.9385,0.0,0.0,1034.2,14.494167
2025-04-24 11:00:00+10:00,0.0,0.0,392.466142,245.776125,108.7855,0.0,0.0,984.700833,11.1975
2025-04-24 12:00:00+10:00,0.0,0.0,360.7881,230.553783,129.7245,0.0,0.0,952.4525,17.135833
2025-04-24 13:00:00+10:00,0.0,0.0,408.068533,219.119,111.044,0.0,0.0,982.265833,14.416667
2025-04-24 14:00:00+10:00,0.0,0.0,440.407933,193.760358,101.1695,0.0,0.0,938.953333,11.196667
2025-04-24 15:00:00+10:00,0.0,0.0,513.659108,171.347767,71.455,0.0,0.0,937.168333,50.034167
2025-04-24 16:00:00+10:00,0.0,0.66585,575.160067,159.25125,33.0085,0.0,0.0,982.999167,100.833333
2025-04-24 17:00:00+10:00,0.0,51.6011,899.784125,140.986367,4.925,0.0,0.0,1076.409167,117.645833
2025-04-24 18:00:00+10:00,0.0,56.729283,1040.745567,147.595367,0.0,0.0,0.0,1121.050833,115.2525
2025-04-24 19:00:00+10:00,0.0,57.030483,755.942508,125.3646,0.0,0.0,0.0,1074.2175,109.618333
2025-04-24 20:00:00+10:00,0.0,56.815575,537.186767,132.284225,0.0,0.0,0.0,1030.5025,111.520833
2025-04-24 21:00:00+10:00,0.0,56.507883,528.73095,175.694742,0.0,0.0,0.0,989.4375,114.8425
2025-04-24 22:00:00+10:00,0.0,56.872558,619.663842,154.330308,0.0,0.0,0.0,1019.375833,123.594167
2025-04-24 23:00:00+10:00,0.0,10.770842,584.580358,178.502267,0.0,0.0,0.0,979.624167,121.535
2025-04-25 00:00:00+10:00,0.0,0.0,476.00175,186.978808,0.0,0.0,0.0,943.225,113.613333
2025-04-25 01:00:00+10:00,0.0,0.0,440.6371,242.2563,0.0,0.0,0.0,919.1825,110.191667
2025-04-25 02:00:00+10:00,0.0,0.0,511.557717,193.496808,0.0,0.0,0.0,896.643333,116.779167
2025-04-25 03:00:00+10:00,0.0,0.0,491.122783,108.807558,0.0,0.0,0.0,866.211667,114.693333
2025-04-25 04:00:00+10:00,0.0,0.0,487.15165,50.761758,0.0,0.0,0.0,890.558333,108.951667
2025-04-25 05:00:00+10:00,0.0,0.0,528.568117,26.163375,0.0,0.0,0.0,905.175833,110.136667
2025-04-25 06:00:00+10:00,0.0,0.0,626.567583,53.6757,0.0,0.0,0.0,933.465,114.5275
2025-04-25 07:00:00+10:00,0.0,0.0,539.567708,72.820825,1.6535,0.0,0.0,966.761667,111.324167
2025-04-25 08:00:00+10:00,0.0,0.0,588.652358,44.779075,22.565,0.0,0.0,1004.194167,85.22
2025-04-25 09:00:00+10:00,0.0,0.0,619.921967,37.43265,44.255,0.0,0.0,1018.51,50.22
2025-04-25 10:00:00+10:00,0.0,0.0,620.567683,31.389225,76.083,0.0,0.0,1004.9975,50.22
2025-04-25 11:00:00+10:00,0.0,0.0,545.702675,52.10525,100.8995,0.0,0.0,991.399167,50.218333
2025-04-25 12:00:00+10:00,0.0,0.0,584.384692,45.121483,106.897,0.0,0.0,1008.355833,70.989167
2025-04-25 13:00:00+10:00,0.0,0.0,523.939117,75.966725,92.9925,0.0,0.0,1014.818333,109.336667
2025-04-25 14:00:00+10:00,0.0,0.0,519.907475,82.630433,91.275,0.0,0.0,1018.071667,109.969167
2025-04-25 15:00:00+10:00,0.0,0.0,592.52155,55.699375,64.416,0.0,0.0,1044.8575,114.386667
2025-04-25 16:00:00+10:00,0.0,2.673183,706.512733,72.529017,25.166,0.0,0.0,1041.741667,117.535
2025-04-25 17:00:00+10:00,0.0,52.760225,1175.354442,62.613917,4.5175,0.0,0.0,1129.195833,129.091667
2025-04-25 18:00:00+10:00,0.0,57.632842,1298.139017,69.994925,0.0,0.0,0.0,1146.906667,121.961667
2025-04-25 19:00:00+10:00,0.0,57.728875,1002.622225,92.832358,0.0,0.0,0.0,1103.234167,112.720833
2025-04-25 20:00:00+10:00,0.0,57.531867,703.922908,74.987725,0.0,0.0,0.0,1060.9625,116.864167
2025-04-25 21:00:00+10:00,0.0,57.499317,598.832908,69.124033,0.0,0.0,0.0,1037.768333,116.845833
2025-04-25 22:00:00+10:00,0.0,57.414675,553.426767,67.963275,0.0,0.0,0.0,998.360833,126.454167
2025-04-25 23:00:00+10:00,0.0,57.277925,563.311825,66.568842,0.0,0.0,0.0,961.7325,131.240833
2025-04-26 00:00:00+10:00,0.0,57.421183,553.16315,78.297717,0.0,0.0,0.0,982.13,117.9975
2025-04-26 01:00:00+10:00,0.0,57.738658,489.099392,103.1838,0.0,0.0,0.0,970.855,110.763333
2025-04-26 02:00:00+10:00,0.0,11.0997,449.875467,109.084258,0.0,0.0,0.0,960.304167,116.720833
2025-04-26 03:00:00+10:00,0.0,0.0,457.794358,121.173908,0.0,0.0,0.0,961.7975,116.315
2025-04-26 04:00:00+10:00,0.0,0.0,543.83785,122.695417,0.0,0.0,0.0,956.875,124.024167
2025-04-26 05:00:00+10:00,0.0,0.0,695.093408,110.788083,0.0,0.0,0.0,970.599167,121.405833
2025-04-26 06:00:00+10:00,0.0,0.0,809.253867,77.469225,0.0,0.0,0.0,990.885,121.69
2025-04-26 07:00:00+10:00,0.0,0.0,693.357183,49.959933,1.5575,0.0,0.0,1035.544167,106.4925
2025-04-26 08:00:00+10:00,0.0,0.0,648.260825,30.209708,19.5845,0.0,0.0,1054.2325,100.173333
2025-04-26 09:00:00+10:00,0.0,0.0,625.815092,18.292242,74.299,0.0,0.0,1026.535,100.18
2025-04-26 10:00:00+10:00,0.0,0.0,586.544458,29.114717,102.5855,0.0,0.0,989.126667,100.18
2025-04-26 11:00:00+10:00,0.0,0.0,530.505583,34.822525,125.105,0.0,0.0,956.0125,100.18
2025-04-26 12:00:00+10:00,0.0,0.0,496.227825,36.881442,144.5455,0.0,0.0,936.58,100.18
2025-04-26 13:00:00+10:00,0.0,0.0,503.535308,42.518225,122.7745,0.0,0.0,945.663333,100.18
2025-04-26 14:00:00+10:00,0.0,0.0,500.0925,53.39675,120.264,0.0,0.0,963.0825,100.18
2025-04-26 15:00:00+10:00,0.0,0.0,556.671,36.075758,95.4405,0.0,0.0,1002.799167,100.18
2025-04-26 16:00:00+10:00,0.0,26.476158,742.60195,31.981733,42.361,0.0,0.0,1084.233333,122.558333
2025-04-26 17:00:00+10:00,0.0,56.963742,1242.401775,35.81165,6.189,0.0,0.0,1181.756667,131.56
2025-04-26 18:00:00+10:00,0.0,57.009317,1343.873983,36.889167,0.0,0.0,0.0,1220.220833,131.603333
2025-04-26 19:00:00+10:00,0.0,57.0321,1053.729367,32.565,0.0,0.0,0.0,1171.765,124.290833
2025-04-26 20:00:00+10:00,0.0,57.001167,966.506833,27.303333,0.0,0.0,0.0,1137.0275,133.323333
2025-04-26 21:00:00+10:00,0.0,56.984892,1167.705508,28.930975,0.0,0.0,0.0,1101.183333,124.780833
2025-04-26 22:00:00+10:00,0.0,57.006067,914.295667,32.000333,0.0,0.0,0.0,1065.595,124.75
2025-04-26 23:00:00+10:00,0.0,10.88155,836.9653,41.476175,0.0,0.0,0.0,1022.569167,129.075833
2025-04-27 00:00:00+10:00,0.0,0.0,741.850167,46.1493,0.0,0.0,0.0,993.625,119.914167
2025-04-27 01:00:00+10:00,0.0,0.0,511.455175,60.902492,0.0,0.0,0.0,976.678333,120.6425
2025-04-27 02:00:00+10:00,0.0,0.0,466.160542,95.650508,0.0,0.0,0.0,967.5625,120.18
2025-04-27 03:00:00+10:00,0.0,0.0,421.535225,129.187783,0.0,0.0,0.0,959.99,120.18
2025-04-27 04:00:00+10:00,0.0,0.0,428.589325,133.809092,0.0,0.0,0.0,965.85,120.106667
2025-04-27 05:00:00+10:00,0.0,0.0,441.138292,132.917,0.0,0.0,0.0,970.603333,120.1
2025-04-27 06:00:00+10:00,0.0,0.0,494.3654,124.887933,0.0,0.0,0.0,1004.558333,120.57
2025-04-27 07:00:00+10:00,0.0,0.0,531.012025,109.577742,1.665,0.0,0.0,1045.3775,120.1
2025-04-27 08:00:00+10:00,0.0,0.0,563.88145,99.764925,26.8965,0.0,0.0,1052.690833,104.943333
2025-04-27 09:00:00+10:00,0.0,0.0,510.988267,133.499408,73.532,0.0,0.0,1029.965,100.1
2025-04-27 10:00:00+10:00,0.0,0.0,480.613925,102.47095,120.009,0.0,0.0,979.591667,100.1
2025-04-27 11:00:00+10:00,0.0,0.0,441.287183,79.0941,148.7645,0.0,0.0,910.526667,100.1
2025-04-27 12:00:00+10:00,0.0,0.0,420.540775,79.847275,169.0635,0.0,0.0,871.735833,100.1
2025-04-27 13:00:00+10:00,0.0,0.0,401.511742,116.607825,146.838,0.0,0.0,891.711667,100.1
2025-04-27 14:00:00+10:00,0.0,0.0,416.107417,122.924283,113.9385,0.0,0.0,901.15,100.099167
2025-04-27 15:00:00+10:00,0.0,0.0,473.214608,107.542417,85.094,0.0,0.0,967.925,100.1
2025-04-27 16:00:00+10:00,0.0,2.681317,610.0402,65.2225,36.229,0.0,0.0,1051.296667,114.105
2025-04-27 17:00:00+10:00,0.0,52.87745,1091.446008,30.555258,4.567,0.0,0.0,1168.729167,141.789167
2025-04-27 18:00:00+10:00,0.0,57.860733,1500.205742,16.042342,0.0,0.0,0.0,1210.701667,139.773333
2025-04-27 19:00:00+10:00,0.0,57.872125,1227.096025,5.776725,0.0,0.0,0.0,1177.158333,128.0075
2025-04-27 20:00:00+10:00,0.0,57.854233,1003.208483,5.834125,0.0,0.0,0.0,1145.609167,126.389167
2025-04-27 21:00:00+10:00,0.0,57.867258,850.353375,14.706092,0.0,0.0,0.0,1121.251667,126.805833
2025-04-27 22:00:00+10:00,0.0,40.247417,715.278033,19.418333,0.0,0.0,0.0,1065.184167,121.651667
2025-04-27 23:00:00+10:00,0.0,0.0,605.193858,15.520833,0.0,0.0,0.0,1010.450833,120.360833
2025-04-28 00:00:00+10:00,0.0,0.0,564.968567,25.29,0.0,0.0,0.0,985.045833,121.403333
2025-04-28 01:00:00+10:00,0.0,0.0,540.432583,26.9425,0.0,0.0,0.0,973.565,120.1
2025-04-28 02:00:00+10:00,0.0,0.0,534.655675,25.955,0.0,0.0,0.0,971.3975,120.1
2025-04-28 03:00:00+10:00,0.0,0.0,534.860842,34.2375,0.0,0.0,0.0,974.36,120.1
2025-04-28 04:00:00+10:00,0.0,0.0,516.162775,62.984167,0.0,0.0,0.0,993.448333,120.081667
2025-04-28 05:00:00+10:00,0.0,0.0,581.428642,66.43,0.0,0.0,0.0,991.823333,120.370833
2025-04-28 06:00:00+10:00,0.0,0.0,917.171,81.543333,0.0,0.0,0.0,1097.220833,131.588333
2025-04-28 07:00:00+10:00,0.0,0.0,1294.6142,68.385,0.5415,0.0,0.0,1209.751667,136.433333
2025-04-28 08:00:00+10:00,0.0,0.0,1110.347708,50.7925,12.869,0.0,0.0,1255.398333,130.830833
2025-04-28 09:00:00+10:00,0.0,0.0,783.132475,37.644167,30.939,0.0,0.0,1200.2725,111.663333
2025-04-28 10:00:00+10:00,0.0,0.0,762.041875,34.878333,55.1215,0.0,0.0,1181.3525,98.696667
2025-04-28 11:00:00+10:00,0.0,0.0,730.38585,21.233333,74.6475,0.0,0.0,1122.626667,95.329167
2025-04-28 12:00:00+10:00,0.0,0.0,714.793283,17.97,81.3605,0.0,0.0,1095.121667,93.196667
2025-04-28 13:00:00+10:00,0.0,0.0,710.082617,20.045833,79.368,0.0,0.0,1107.441667,99.996667
2025-04-28 14:00:00+10:00,0.0,0.0,723.56475,20.2125,66.508,0.0,0.0,1130.4175,100.08
2025-04-28 15:00:00+10:00,0.0,0.0,742.516267,32.245,42.549,0.0,0.0,1149.005833,108.413333
2025-04-28 16:00:00+10:00,0.0,2.210825,954.025233,27.444167,17.184,0.0,0.0,1136.276667,132.780833
2025-04-28 17:00:00+10:00,0.0,52.737442,1584.325375,61.119092,2.5535,0.0,0.0,1235.54,162.6225
2025-04-28 18:00:00+10:00,0.0,57.746767,1721.972458,72.706583,0.0,0.0,0.0,1282.323333,152.091667
2025-04-28 19:00:00+10:00,0.0,57.808642,1537.125125,75.242325,0.0,0.0,0.0,1222.690833,136.846667
2025-04-28 20:00:00+10:00,0.0,57.862367,1432.560058,90.07945,0.0,0.0,0.0,1154.405,132.1775
2025-04-28 21:00:00+10:00,0.0,57.859125,1112.8751,83.7778,0.0,0.0,0.0,1098.716667,120.866667
2025-04-28 22:00:00+10:00,0.0,57.880283,1043.080767,84.803208,0.0,0.0,0.0,1021.3575,120.56
2025-04-28 23:00:00+10:00,0.0,40.043908,1076.512833,104.360683,0.0,0.0,0.0,970.850833,123.201667
2025-04-29 00:00:00+10:00,0.0,0.0,908.923175,130.874808,0.0,0.0,0.0,963.275833,122.504167
2025-04-29 01:00:00+10:00,0.0,0.0,664.206317,153.420108,0.0,0.0,0.0,924.036667,119.8025
2025-04-29 02:00:00+10:00,0.0,0.0,481.562042,187.765133,0.0,0.0,0.0,963.5625,113.96
2025-04-29 03:00:00+10:00,0.0,0.0,409.93785,200.747617,0.0,0.0,0.0,982.885833,113.1775
2025-04-29 04:00:00+10:00,0.0,0.0,455.831717,152.631758,0.0,0.0,0.0,977.5075,120.08
2025-04-29 05:00:00+10:00,0.0,0.0,500.102367,157.415825,0.0,0.0,0.0,1010.433333,120.08
2025-04-29 06:00:00+10:00,0.0,0.0,777.344367,187.566417,0.0,0.0,0.0,1129.7425,119.225833
2025-04-29 07:00:00+10:00,0.0,0.0,744.091967,219.420867,1.496,0.0,0.0,1249.8325,115.991667
2025-04-29 08:00:00+10:00,0.0,0.0,769.859558,178.813675,24.819,0.0,0.0,1294.684167,132.369167
2025-04-29 09:00:00+10:00,0.0,0.0,638.187867,169.680617,74.8395,0.0,0.0,1201.730833,79.246667
2025-04-29 10:00:00+10:00,0.0,0.0,529.089392,188.29645,119.6105,0.0,0.0,1118.779167,49.78
2025-04-29 11:00:00+10:00,0.0,0.0,467.04195,206.269942,147.202,0.0,0.0,1070.348333,50.079167
2025-04-29 12:00:00+10:00,0.0,0.0,474.197908,205.003725,135.7185,0.0,0.0,1079.41,50.08
2025-04-29 13:00:00+10:00,0.0,0.0,491.700942,188.337,140.6075,0.0,0.0,1067.7,50.08
2025-04-29 14:00:00+10:00,0.0,0.0,506.399683,184.116167,117.259,0.0,0.0,1092.318333,90.345833
2025-04-29 15:00:00+10:00,0.0,0.0,504.718767,219.149992,79.813,0.0,0.0,1087.438333,109.913333
2025-04-29 16:00:00+10:00,0.0,0.0,622.834833,189.760417,36.1745,0.0,0.0,1163.384167,113.1475
2025-04-29 17:00:00+10:00,0.0,26.258025,1107.528558,176.7436,4.4225,0.0,0.0,1276.208333,132.835
2025-04-29 18:00:00+10:00,0.0,57.893308,1081.968617,169.786833,0.0,0.0,0.0,1325.671667,127.456667
2025-04-29 19:00:00+10:00,0.0,57.859117,906.870317,173.161408,0.0,0.0,0.0,1322.455833,120.653333
2025-04-29 20:00:00+10:00,0.0,57.842833,933.131775,133.616925,0.0,0.0,0.0,1288.909167,123.573333
2025-04-29 21:00:00+10:00,0.0,11.013417,863.652867,81.80595,0.0,0.0,0.0,1234.431667,122.495833
2025-04-29 22:00:00+10:00,0.0,0.0,743.517683,69.674767,0.0,0.0,0.0,1163.771667,119.663333
2025-04-29 23:00:00+10:00,0.0,0.0,644.172142,89.919167,0.0,0.0,0.0,1078.630833,119.413333
2025-04-30 00:00:00+10:00,0.0,0.0,562.634983,106.924167,0.0,0.0,0.0,1035.586667,120.08
2025-04-30 01:00:00+10:00,0.0,0.0,548.050392,108.0325,0.0,0.0,0.0,1019.125833,101.761667
2025-04-30 02:00:00+10:00,0.0,0.0,532.806292,103.396667,0.0,0.0,0.0,1008.274167,100.086667
2025-04-30 03:00:00+10:00,0.0,0.0,531.6488,109.428333,0.0,0.0,0.0,1013.349167,100.098333
2025-04-30 04:00:00+10:00,0.0,0.0,556.58035,96.255,0.0,0.0,0.0,1034.434167,106.858333
2025-04-30 05:00:00+10:00,0.0,0.0,613.457025,90.02,0.0,0.0,0.0,1078.679167,101.861667
2025-04-30 06:00:00+10:00,0.0,0.0,740.194258,87.301667,0.0,0.0,0.0,1184.199167,135.416667
2025-04-30 07:00:00+10:00,0.0,0.0,903.1067,43.928333,1.4165,0.0,0.0,1295.900833,204.1925
2025-04-30 08:00:00+10:00,0.0,0.0,878.527683,39.618333,26.755,0.0,0.0,1257.816667,135.2
2025-04-30 09:00:00+10:00,0.0,0.0,787.8828,34.341667,75.2195,0.0,0.0,1151.476667,57.268333
2025-04-30 10:00:00+10:00,0.0,0.0,663.538892,49.278333,132.1115,0.0,0.0,1070.688333,33.915
2025-04-30 11:00:00+10:00,0.0,0.0,586.461292,59.8625,159.287,0.0,0.0,992.601667,11.165
2025-04-30 12:00:00+10:00,0.0,0.0,582.63265,57.713333,161.4235,0.0,0.0,952.603333,11.19
2025-04-30 13:00:00+10:00,0.0,0.0,547.6919,77.869167,135.624,0.0,0.0,955.620833,11.145
2025-04-30 14:00:00+10:00,0.0,0.0,530.288225,114.279433,112.459,0.0,0.0,990.773333,11.145
2025-04-30 15:00:00+10:00,0.0,0.0,570.791308,117.206342,79.003,0.0,0.0,1036.671667,92.763333
2025-04-30 16:00:00+10:00,0.0,0.0,660.970175,116.364592,32.0675,0.0,0.0,1140.438333,102.2425
2025-04-30 17:00:00+10:00,0.0,0.0,883.954717,102.208758,4.2455,0.0,0.0,1286.2,129.355
2025-04-30 18:00:00+10:00,0.0,0.0,1096.521208,93.804167,0.0,0.0,0.0,1349.126667,129.613333
2025-04-30 19:00:00+10:00,0.0,0.0,1086.552367,114.559167,0.0,0.0,0.0,1322.646667,123.086667
2025-04-30 20:00:00+10:00,0.0,0.0,1034.96195,118.461667,0.0,0.0,0.0,1300.325833,120.211667
2025-04-30 21:00:00+10:00,0.0,0.0,759.232675,125.048333,0.0,0.0,0.0,1246.8875,120.1475
2025-04-30 22:00:00+10:00,0.0,0.0,689.96265,115.141667,0.0,0.0,0.0,1182.950833,120.14
2025-04-30 23:00:00+10:00,0.0,0.0,619.304667,100.9575,0.0,0.0,0.0,1114.311667,120.14
2025-05-01 00:00:00+10:00,0.0,0.0,602.280592,83.050833,0.0,0.0,0.0,1078.855,110.145
2025-05-01 01:00:00+10:00,0.0,0.0,577.221,82.93,0.0,0.0,0.0,1066.560833,111.806667
2025-05-01 02:00:00+10:00,0.0,0.0,576.315733,73.0675,0.0,0.0,0.0,1062.301667,108.473333
2025-05-01 03:00:00+10:00,0.0,0.0,591.833808,70.380833,0.0,0.0,0.0,1083.021667,120.14
2025-05-01 04:00:00+10:00,0.0,0.0,627.168942,60.3689,0.0,0.0,0.0,1103.696667,101.833333
2025-05-01 05:00:00+10:00,0.0,0.0,707.0734,40.344142,0.0,0.0,0.0,1165.325,124.931667
2025-05-01 06:00:00+10:00,0.0,2.6683,1124.44735,20.896317,0.0,0.0,0.0,1302.0575,145.304167
2025-05-01 07:00:00+10:00,0.0,58.601858,1520.361033,16.98065,1.4555,0.0,0.0,1431.3175,144.308333
2025-05-01 08:00:00+10:00,0.0,43.737758,1100.165033,14.525008,30.001,0.0,0.0,1367.015833,110.97
2025-05-01 09:00:00+10:00,0.0,0.0,912.4573,0.89925,84.071,0.0,0.0,1246.643333,126.590833
2025-05-01 10:00:00+10:00,0.0,0.0,818.459583,1.216642,126.0535,0.0,0.0,1169.3025,104.965833
2025-05-01 11:00:00+10:00,0.0,-0.091667,682.690075,12.137217,169.973,0.0,0.0,1070.174167,54.18
2025-05-01 12:00:00+10:00,0.0,-0.174167,621.92965,17.0524,178.6955,0.0,0.0,1028.458333,54.18
2025-05-01 13:00:00+10:00,0.0,0.0,654.535375,28.378917,165.74,0.0,0.0,1021.433333,54.176667
2025-05-01 14:00:00+10:00,0.0,0.0,609.175933,48.123625,138.033,0.0,0.0,1048.835,21.5525
2025-05-01 15:00:00+10:00,0.0,0.0,649.950958,68.7225,93.1755,0.0,0.0,1089.381667,63.029167
2025-05-01 16:00:00+10:00,0.0,26.579367,929.252783,77.118492,44.9755,0.0,0.0,1162.445833,132.950833
2025-05-01 17:00:00+10:00,0.0,68.720317,1604.267333,57.734725,4.918,0.0,0.0,1301.939167,173.050833
2025-05-01 18:00:00+10:00,0.0,57.868892,1598.435992,38.228333,0.0,0.0,0.0,1371.875833,163.008333
2025-05-01 19:00:00+10:00,0.0,57.873783,1403.897533,31.349192,0.0,0.0,0.0,1355.126667,140.26
2025-05-01 20:00:00+10:00,0.0,57.873767,1313.889767,23.038675,0.0,0.0,0.0,1332.774167,147.048333
2025-05-01 21:00:00+10:00,0.0,57.873767,984.606833,15.018917,0.0,0.0,0.0,1252.568333,135.491667
2025-05-01 22:00:00+10:00,0.0,57.824925,777.405358,28.987208,0.0,0.0,0.0,1180.680833,121.393333
2025-05-01 23:00:00+10:00,0.0,57.857492,879.69275,17.274408,0.0,0.0,0.0,1119.919167,123.898333
2025-05-02 00:00:00+10:00,0.0,57.867258,863.210742,27.2612,0.0,0.0,0.0,1098.884167,117.255833
2025-05-02 01:00:00+10:00,0.0,11.032958,721.431883,36.232525,0.0,0.0,0.0,1063.474167,116.946667
2025-05-02 02:00:00+10:00,0.0,0.0,716.903083,36.837983,0.0,0.0,0.0,1063.625,127.491667
2025-05-02 03:00:00+10:00,0.0,0.0,638.482842,45.367233,0.0,0.0,0.0,1105.588333,135.18
2025-05-02 04:00:00+10:00,0.0,0.0,643.652175,74.686675,0.0,0.0,0.0,1131.1225,121.411667
2025-05-02 05:00:00+10:00,0.0,1.950342,618.348342,160.859883,0.0,0.0,0.0,1128.861667,131.718333
2025-05-02 06:00:00+10:00,0.0,53.108608,1030.774092,180.807233,0.0,0.0,0.0,1268.413333,141.2725
2025-05-02 07:00:00+10:00,0.0,57.779675,1550.42765,161.190225,1.3275,0.0,0.0,1428.630833,193.089167
2025-05-02 08:00:00+10:00,0.0,39.089317,976.156933,168.769417,31.5995,0.0,0.0,1375.578333,110.861667
2025-05-02 09:00:00+10:00,0.0,-0.821667,737.1842,169.418942,83.7855,0.0,0.0,1280.125,91.241667
2025-05-02 10:00:00+10:00,0.0,-0.084167,624.902108,185.314933,131.1325,0.0,0.0,1209.7625,83.146667
2025-05-02 11:00:00+10:00,0.0,-0.083333,541.4531,188.11655,148.431,0.0,0.0,1134.438333,54.14
2025-05-02 12:00:00+10:00,0.0,-0.085833,498.85555,178.675833,171.1465,0.0,0.0,1094.596667,86.788333
2025-05-02 13:00:00+10:00,0.0,0.0,512.563175,156.760375,160.053,0.0,0.0,1087.905833,54.14
2025-05-02 14:00:00+10:00,0.0,-0.1775,538.558617,130.300117,145.114,0.0,0.0,1104.234167,70.201667
2025-05-02 15:00:00+10:00,0.0,2.4493,584.790392,115.265583,96.436,0.0,0.0,1148.0025,120.16
2025-05-02 16:00:00+10:00,0.0,52.642908,882.937933,105.030667,41.838,0.0,0.0,1208.394167,144.868333
2025-05-02 17:00:00+10:00,0.0,57.661958,1718.420033,96.243525,5.0305,0.0,0.0,1307.043333,215.03
2025-05-02 18:00:00+10:00,0.0,57.261808,1759.776,88.646683,0.0,0.0,0.0,1347.394167,208.149167
2025-05-02 19:00:00+10:00,0.0,56.804708,1697.726008,79.927125,0.0,0.0,0.0,1322.311667,127.063333
2025-05-02 20:00:00+10:00,0.0,56.893717,1506.461475,78.265175,0.0,0.0,0.0,1284.169167,118.5175
2025-05-02 21:00:00+10:00,0.0,10.373475,1028.086467,78.799933,0.0,0.0,0.0,1237.125833,119.395833
2025-05-02 22:00:00+10:00,0.0,-0.175833,795.010008,96.040058,0.0,0.0,0.0,1215.605,121.014167
2025-05-02 23:00:00+10:00,0.0,-0.795833,664.831708,111.87485,0.0,0.0,0.0,1157.880833,106.978333
2025-05-03 00:00:00+10:00,0.0,-0.084167,588.204567,100.22795,0.0,0.0,0.0,1114.715833,100.158333
2025-05-03 01:00:00+10:00,0.0,-0.263333,574.549467,98.487742,0.0,0.0,0.0,1079.445833,80.993333
2025-05-03 02:00:00+10:00,0.0,-0.3475,548.421075,116.20925,0.0,0.0,0.0,1084.769167,54.16
2025-05-03 03:00:00+10:00,0.0,-0.2575,534.411167,138.041217,0.0,0.0,0.0,1079.515,54.16
2025-05-03 04:00:00+10:00,0.0,-0.7925,514.364983,149.540267,0.0,0.0,0.0,1041.493333,54.196667
2025-05-03 05:00:00+10:00,0.0,-0.723333,496.240483,181.696008,0.0,0.0,0.0,1049.1425,36.266667
2025-05-03 06:00:00+10:00,0.0,-0.630833,514.332117,212.356125,0.0,0.0,0.0,1079.696667,50.576667
2025-05-03 07:00:00+10:00,0.0,-0.54,573.486308,213.8896,1.1485,0.0,0.0,1162.9275,54.16
2025-05-03 08:00:00+10:00,0.0,-0.559167,634.643842,194.904858,25.1255,0.0,0.0,1227.211667,36.243333
2025-05-03 09:00:00+10:00,0.0,-0.615,637.436833,147.024925,64.1285,0.0,0.0,1180.563333,11.16
2025-05-03 10:00:00+10:00,0.0,-0.695833,544.295942,165.09285,114.0205,0.0,0.0,1106.681667,11.16
2025-05-03 11:00:00+10:00,0.0,-0.9675,483.69315,163.794042,127.698,0.0,0.0,1039.7275,11.16
2025-05-03 12:00:00+10:00,0.0,-0.894167,465.99805,134.493292,142.926,0.0,0.0,1004.799167,11.16
2025-05-03 13:00:00+10:00,0.0,-0.7425,443.563133,144.968983,143.025,0.0,0.0,994.868333,11.16
2025-05-03 14:00:00+10:00,0.0,1.491608,466.793917,132.159758,112.812,0.0,0.0,1001.51,11.16
2025-05-03 15:00:00+10:00,0.0,51.393633,451.724675,133.253042,77.106,0.0,0.0,1040.429167,29.076667
2025-05-03 16:00:00+10:00,0.0,56.595642,520.685358,143.200383,30.5935,0.0,0.0,1114.2325,81.239167
2025-05-03 17:00:00+10:00,0.0,57.3321,609.003692,152.41615,3.6465,0.0,0.0,1216.804167,112.48
2025-05-03 18:00:00+10:00,0.0,57.214717,600.406892,187.583025,0.0,0.0,0.0,1224.535833,120.52
2025-05-03 19:00:00+10:00,0.0,57.5304,516.529217,212.858508,0.0,0.0,0.0,1195.288333,101.826667
2025-05-03 20:00:00+10:00,0.0,57.355417,495.320692,217.178808,0.0,0.0,0.0,1174.780833,57.993333
2025-05-03 21:00:00+10:00,0.0,57.146992,412.552392,271.862158,0.0,0.0,0.0,1133.435,54.16
2025-05-03 22:00:00+10:00,0.0,56.909108,366.91935,301.076567,0.0,0.0,0.0,1098.255833,29.808333
2025-05-03 23:00:00+10:00,0.0,56.694533,307.117267,320.972383,0.0,0.0,0.0,1034.409167,25.543333
2025-05-04 00:00:00+10:00,0.0,56.887658,268.092467,321.507133,0.0,0.0,0.0,977.2725,10.12
2025-05-04 01:00:00+10:00,0.0,56.492383,244.786317,295.061617,0.0,0.0,0.0,968.36,15.48
2025-05-04 02:00:00+10:00,0.0,46.22045,235.231058,312.130633,0.0,0.0,0.0,957.909167,-14.31
2025-05-04 03:00:00+10:00,0.0,38.767317,234.939808,309.313883,0.0,0.0,0.0,960.641667,-2.0075
2025-05-04 04:00:00+10:00,0.0,50.788575,240.725392,295.473283,0.0,0.0,0.0,969.5775,104.419167
2025-05-04 05:00:00+10:00,0.0,56.718933,259.396742,304.954075,0.0,0.0,0.0,992.648333,20.263333
2025-05-04 06:00:00+10:00,0.0,56.691967,327.343817,282.365983,0.0,0.0,0.0,1029.2325,78.543333
2025-05-04 07:00:00+10:00,0.0,56.802033,358.954258,286.346908,0.7055,0.0,0.0,1077.150833,11.18
2025-05-04 08:00:00+10:00,0.0,56.705642,428.468683,263.924975,20.333,0.0,0.0,1118.5475,11.18
2025-05-04 09:00:00+10:00,0.0,56.81135,418.844392,285.778892,51.58,0.0,0.0,1121.735,11.18
2025-05-04 10:00:00+10:00,0.0,48.23945,381.675275,307.873325,75.0555,0.0,0.0,1092.196667,11.166667
2025-05-04 11:00:00+10:00,0.0,-0.2775,369.3053,325.480333,94.4495,0.0,0.0,1036.5475,11.18
2025-05-04 12:00:00+10:00,0.0,0.0,294.255892,369.211408,95.945,0.0,0.0,1009.7375,11.086667
2025-05-04 13:00:00+10:00,0.0,-0.085833,295.019508,358.564233,97.2845,0.0,0.0,994.103333,11.18
2025-05-04 14:00:00+10:00,0.0,0.0,275.246983,357.394058,83.772,0.0,0.0,980.708333,11.179167
2025-05-04 15:00:00+10:00,0.0,0.0,295.62455,365.109108,76.748,0.0,0.0,996.758333,6.543333
2025-05-04 16:00:00+10:00,0.0,-0.175833,389.786075,344.077942,40.2185,0.0,0.0,1045.666667,65.086667
2025-05-04 17:00:00+10:00,0.0,0.0,495.869983,322.243575,5.4885,0.0,0.0,1178.911667,91.88
2025-05-04 18:00:00+10:00,0.0,-0.083333,501.9087,343.311642,0.0,0.0,0.0,1210.280833,81.936667
2025-05-04 19:00:00+10:00,0.0,-0.084167,454.309667,362.405958,0.0,0.0,0.0,1180.248333,55.930833
2025-05-04 20:00:00+10:00,0.0,0.0,386.7206,399.173942,0.0,0.0,0.0,1145.630833,55.931667
2025-05-04 21:00:00+10:00,0.0,0.0,370.86395,379.311508,0.0,0.0,0.0,1103.546667,54.263333
2025-05-04 22:00:00+10:00,0.0,0.0,350.682775,348.529117,0.0,0.0,0.0,1049.068333,36.263333
2025-05-04 23:00:00+10:00,0.0,-0.3375,313.727217,336.070733,0.0,0.0,0.0,977.985833,11.18
2025-05-05 00:00:00+10:00,0.0,-0.861667,260.552875,344.935725,0.0,0.0,0.0,939.198333,11.18
2025-05-05 01:00:00+10:00,0.0,-0.259167,251.58335,323.394175,0.0,0.0,0.0,916.149167,11.18
2025-05-05 02:00:00+10:00,0.0,-0.344167,268.988717,298.261892,0.0,0.0,0.0,919.749167,11.18
2025-05-05 03:00:00+10:00,0.0,-0.345,234.043075,334.904525,0.0,0.0,0.0,934.925,11.18
2025-05-05 04:00:00+10:00,0.0,-0.421667,252.607167,331.625342,0.0,0.0,0.0,960.260833,11.18
2025-05-05 05:00:00+10:00,0.0,26.364017,268.442142,344.374275,0.0,0.0,0.0,1001.851667,11.18
2025-05-05 06:00:00+10:00,0.0,57.432567,329.047142,348.24105,0.0,0.0,0.0,1109.059167,18.35
2025-05-05 07:00:00+10:00,0.0,56.874183,429.259925,365.672917,0.6825,0.0,0.0,1215.690833,50.901667
2025-05-05 08:00:00+10:00,0.0,56.92465,404.164158,387.36915,15.9225,0.0,0.0,1197.08,40.6275
2025-05-05 09:00:00+10:00,0.0,10.345525,315.5712,441.649983,60.938,0.0,0.0,1047.765,8.944167
2025-05-05 10:00:00+10:00,0.0,-0.810833,239.392008,459.849375,98.292,1.942583,0.0,949.098333,0.18
2025-05-05 11:00:00+10:00,0.0,-0.270833,224.830117,450.415758,113.8385,2.503433,0.0,1004.8325,10.795
2025-05-05 12:00:00+10:00,0.0,-0.084167,212.258708,440.387475,98.2975,11.675042,0.0,1011.286667,-7.315
2025-05-05 13:00:00+10:00,0.0,0.0,272.892258,377.070267,107.9775,0.0,0.0,1035.660833,14.803333
2025-05-05 14:00:00+10:00,0.0,-0.088333,306.2864,383.4853,92.9615,0.682917,0.0,1057.2175,2.978333
2025-05-05 15:00:00+10:00,0.0,-0.339167,333.798675,372.028967,63.952,0.0,0.0,1070.000833,50.596667
2025-05-05 16:00:00+10:00,0.0,-0.724167,430.36775,372.805192,30.0445,0.0,0.0,1091.773333,62.974167
2025-05-05 17:00:00+10:00,0.0,-0.263333,470.01105,385.342175,2.877,0.0,0.0,1180.636667,62.93
2025-05-05 18:00:00+10:00,0.0,-0.083333,441.1825,396.893767,0.0,0.0,0.0,1194.663333,54.18
2025-05-05 19:00:00+10:00,0.0,-0.093333,385.538275,441.505225,0.0,0.108333,0.0,1162.11,46.761667
2025-05-05 20:00:00+10:00,0.0,0.0,305.089875,461.609242,0.0,0.0,0.0,1119.776667,12.754167
2025-05-05 21:00:00+10:00,0.0,-0.256667,291.785058,484.327575,0.0,0.0,0.0,1075.92,0.444167
2025-05-05 22:00:00+10:00,0.0,-0.7125,243.707983,503.046408,0.0,0.0,0.0,1022.841667,-15.52
2025-05-05 23:00:00+10:00,0.0,-0.815,224.455208,488.191683,0.0,0.0,0.0,987.4575,-5.9475
2025-05-06 00:00:00+10:00,0.0,-0.534167,222.885892,416.97755,0.0,0.0,0.0,954.554167,7.786667
2025-05-06 01:00:00+10:00,0.0,-0.436667,173.430142,458.608083,0.0,0.0,0.0,932.574167,7.735
2025-05-06 02:00:00+10:00,0.0,-0.790833,133.553658,490.798042,0.0,0.0,0.0,919.580833,-7.529167
2025-05-06 03:00:00+10:00,0.0,-0.35,145.692042,459.305975,0.0,0.650667,0.0,922.569167,-4.168333
2025-05-06 04:00:00+10:00,0.0,-0.086667,160.295942,439.552017,0.0,0.0,0.0,944.865833,4.160833
2025-05-06 05:00:00+10:00,0.0,-0.258333,163.25815,492.766383,0.0,0.333333,0.0,980.163333,0.4625
2025-05-06 06:00:00+10:00,0.0,-0.086667,242.48725,488.741583,0.0,0.0,0.0,1073.676667,28.254167
2025-05-06 07:00:00+10:00,0.0,-0.2675,326.069408,488.796608,0.4985,3.268417,0.0,1154.429167,88.331667
2025-05-06 08:00:00+10:00,0.0,-0.169167,331.1406,488.072492,15.843,0.148333,0.0,1165.5125,63.513333
2025-05-06 09:00:00+10:00,0.0,0.0,324.781667,484.820708,38.2885,0.0,0.0,1137.805833,2.1675
2025-05-06 10:00:00+10:00,0.0,0.0,300.496575,467.308542,55.7445,0.0,0.0,1097.985833,5.475833
2025-05-06 11:00:00+10:00,0.0,-0.083333,266.796508,456.253433,82.259,1.326308,0.0,1063.846667,-1.028333
2025-05-06 12:00:00+10:00,0.0,0.0,229.089892,483.32655,82.888,1.591767,0.0,1047.7,0.6125
2025-05-06 13:00:00+10:00,0.0,-0.171667,231.390258,485.198758,111.455,0.0,0.0,1034.768333,10.8775
2025-05-06 14:00:00+10:00,0.0,-0.171667,237.719175,491.943375,90.5945,0.0,0.0,1052.181667,11.18
2025-05-06 15:00:00+10:00,0.0,0.0,253.153492,494.377142,59.112,0.0,0.0,1077.716667,11.18
2025-05-06 16:00:00+10:00,0.0,-0.1675,322.796242,489.479683,21.8325,0.0,0.0,1130.303333,11.18
2025-05-06 17:00:00+10:00,0.0,-0.181667,391.130367,500.7213,1.9355,0.0,0.0,1192.25,52.665
2025-05-06 18:00:00+10:00,0.0,0.0,380.642308,495.100358,0.0,0.0,0.0,1203.855833,70.5975
2025-05-06 19:00:00+10:00,0.0,-0.085,328.043942,498.480708,0.0,0.0,0.0,1152.628333,84.703333
2025-05-06 20:00:00+10:00,0.0,-0.083333,343.007783,453.421433,0.0,0.0,0.0,1124.945,69.735
2025-05-06 21:00:00+10:00,0.0,-0.433333,256.148033,495.619108,0.0,0.0,0.0,1091.711667,55.929167
2025-05-06 22:00:00+10:00,0.0,-0.445833,229.0389,501.483583,0.0,0.0,0.0,1020.920833,16.389167
2025-05-06 23:00:00+10:00,0.0,-0.605833,226.896267,498.906542,0.0,0.0,0.0,969.248333,10.899167
2025-05-07 00:00:00+10:00,0.0,-0.513333,175.11,503.386033,0.0,0.0,0.0,951.105,14.019167
2025-05-07 01:00:00+10:00,0.0,-1.074167,165.032967,503.919992,0.0,1.325,0.0,925.523333,3.605
2025-05-07 02:00:00+10:00,0.0,-0.9975,205.707267,500.308675,0.0,0.0,0.0,917.774167,-2.008333
2025-05-07 03:00:00+10:00,0.0,-1.060833,217.326958,489.219467,0.0,0.0,0.0,920.018333,-11.67
2025-05-07 04:00:00+10:00,0.0,-0.605833,180.221775,464.136067,0.0,0.0,0.0,952.231667,6.965
2025-05-07 05:00:00+10:00,0.0,-0.595833,206.803775,450.746233,0.0,0.0,0.0,993.2325,30.131667
2025-05-07 06:00:00+10:00,0.0,0.0,277.633967,465.682575,0.0,0.0,0.0,1093.131667,52.150833
2025-05-07 07:00:00+10:00,0.0,-0.0925,403.264108,453.154567,0.651,0.0,0.0,1189.325833,71.036667
2025-05-07 08:00:00+10:00,0.0,-0.175833,398.285642,464.404275,18.8755,0.0,0.0,1167.210833,46.331667
2025-05-07 09:00:00+10:00,0.0,7.521058,304.727208,467.771225,64.6515,0.408333,0.0,1109.7525,24.088333
2025-05-07 10:00:00+10:00,0.0,52.777275,303.955967,396.034258,83.212,0.0,0.0,1079.523333,21.0025
2025-05-07 11:00:00+10:00,0.0,57.776092,277.98935,383.372967,109.371,1.207667,0.0,1041.5675,11.22
2025-05-07 12:00:00+10:00,0.0,56.948667,260.1378,395.264317,112.5355,0.048275,0.0,1012.96,11.03
2025-05-07 13:00:00+10:00,0.0,57.5067,291.216958,367.6236,123.0085,0.0,0.0,1032.57,30.168333
2025-05-07 14:00:00+10:00,0.0,57.480042,300.107892,417.356842,93.026,0.0,0.0,1071.52,17.428333
2025-05-07 15:00:00+10:00,0.0,57.42665,288.981483,480.421758,58.0365,1.091667,0.0,1113.686667,10.923333
2025-05-07 16:00:00+10:00,0.0,57.579592,345.250708,485.707075,28.506,0.221342,0.0,1184.430833,27.0225
2025-05-07 17:00:00+10:00,0.0,57.659058,452.2579,494.181792,2.0435,0.0,0.0,1296.830833,74.67
2025-05-07 18:00:00+10:00,0.0,57.590217,516.721225,471.372158,0.0,0.0,0.0,1342.114167,105.035
2025-05-07 19:00:00+10:00,0.0,57.671917,476.7165,489.945867,0.0,0.0,0.0,1315.2125,55.546667
2025-05-07 20:00:00+10:00,0.0,57.768425,416.192758,485.409125,0.0,0.0,0.0,1279.343333,62.405833
2025-05-07 21:00:00+10:00,0.0,57.4864,356.126433,491.0725,0.0,0.0,0.0,1217.534167,84.960833
2025-05-07 22:00:00+10:00,0.0,57.41105,247.393883,489.849508,0.0,0.0,0.0,1133.568333,95.525
2025-05-07 23:00:00+10:00,0.0,44.286883,192.881517,494.5176,0.0,0.0,0.0,1060.485,106.135833
2025-05-08 00:00:00+10:00,0.0,-0.429167,200.32505,479.939267,0.0,0.0,0.0,1017.05,126.2575
2025-05-08 01:00:00+10:00,0.0,-1.085833,184.161617,479.404,0.0,0.0,0.0,1004.711667,123.240833
2025-05-08 02:00:00+10:00,0.0,-0.358333,182.950792,480.951275,0.0,0.0,0.0,1019.17,134.72
2025-05-08 03:00:00+10:00,0.0,-0.868333,193.703358,465.723942,0.0,0.0,0.0,1019.058333,84.97
2025-05-08 04:00:00+10:00,0.0,-0.780833,231.851233,441.469625,0.0,0.0,0.0,1035.991667,73.1275
2025-05-08 05:00:00+10:00,0.0,1.755675,301.471642,428.805183,0.0,0.0,0.0,1078.451667,93.2725
2025-05-08 06:00:00+10:00,0.0,52.093633,563.065167,423.127617,0.0,0.0,0.0,1187.110833,108.635833
2025-05-08 07:00:00+10:00,0.0,57.075683,838.336133,375.179,0.768,0.0,0.0,1308.081667,111.46
2025-05-08 08:00:00+10:00,0.0,57.0544,594.296958,364.109267,18.942,0.0,0.0,1274.934167,85.005833
2025-05-08 09:00:00+10:00,0.0,57.085033,457.073875,392.219458,61.776,0.0,0.0,1176.815,66.0525
2025-05-08 10:00:00+10:00,0.0,56.978475,335.291458,402.085517,106.0335,0.0,0.0,1092.098333,33.775
2025-05-08 11:00:00+10:00,0.0,57.157533,382.806392,320.83265,124.153,0.0,0.0,1060.59,11.036667
2025-05-08 12:00:00+10:00,0.0,57.391583,386.485767,291.679425,124.628,0.0,0.0,1035.0775,27.3125
2025-05-08 13:00:00+10:00,0.0,57.159008,413.60525,249.350425,121.6485,0.0,0.0,1034.91,54.378333
2025-05-08 14:00:00+10:00,0.0,57.292158,366.383808,340.642483,90.52,0.0,0.0,1079.250833,54.123333
2025-05-08 15:00:00+10:00,0.0,57.320383,448.437883,288.176425,44.426,0.0,0.0,1095.998333,79.340833
2025-05-08 16:00:00+10:00,0.0,57.155658,748.604717,284.660208,30.4365,0.0,0.0,1142.338333,153.355833
2025-05-08 17:00:00+10:00,0.0,57.043125,1574.79615,297.498258,2.4785,0.0,0.0,1304.783333,155.45
2025-05-08 18:00:00+10:00,0.0,56.894483,1601.605825,295.947133,0.0,0.0,0.0,1349.216667,150.191667
2025-05-08 19:00:00+10:00,0.0,57.002192,1322.5958,302.9517,0.0,0.0,0.0,1313.248333,136.435
2025-05-08 20:00:00+10:00,0.0,57.432425,1090.1698,300.47705,0.0,0.0,0.0,1234.8025,135.14
2025-05-08 21:00:00+10:00,0.0,57.622833,692.646558,323.248267,0.0,0.0,0.0,1149.355833,121.515
2025-05-08 22:00:00+10:00,0.0,57.702942,354.844592,353.510792,0.0,0.0,0.0,1075.530833,119.429167
2025-05-08 23:00:00+10:00,0.0,57.664725,314.167675,321.93625,0.0,0.0,0.0,1013.368333,125.743333
2025-05-09 00:00:00+10:00,0.0,57.665217,252.15995,347.872017,0.0,0.0,0.0,976.2925,89.724167
2025-05-09 01:00:00+10:00,0.0,10.934775,266.147658,357.516183,0.0,0.0,0.0,953.654167,95.973333
2025-05-09 02:00:00+10:00,0.0,-0.09,267.718583,339.2875,0.0,0.0,0.0,943.7925,100.02
2025-05-09 03:00:00+10:00,0.0,-0.0875,319.946233,285.892142,0.0,0.0,0.0,950.521667,116.453333
2025-05-09 04:00:00+10:00,0.0,-0.544167,327.390908,307.136125,0.0,0.0,0.0,965.184167,105.883333
2025-05-09 05:00:00+10:00,0.0,26.72055,330.156642,358.7266,0.0,0.0,0.0,1021.738333,96.875
2025-05-09 06:00:00+10:00,0.0,57.852592,461.047767,366.097133,0.0,0.0,0.0,1125.361667,139.863333
2025-05-09 07:00:00+10:00,0.0,57.174467,1025.760508,370.287458,0.3975,0.0,0.0,1277.2275,158.228333
2025-05-09 08:00:00+10:00,0.0,57.591892,667.715225,383.427717,19.585,0.0,0.0,1249.28,139.365833
2025-05-09 09:00:00+10:00,0.0,10.619983,454.656758,367.088733,67.9045,0.0,0.0,1142.7225,112.203333
2025-05-09 10:00:00+10:00,0.0,-0.260833,409.22955,350.16915,103.5235,0.0,0.0,1066.214167,58.5775
2025-05-09 11:00:00+10:00,0.0,-0.1925,331.816133,347.021808,130.124,0.0,0.0,1002.875,84.656667
2025-05-09 12:00:00+10:00,0.0,-0.175833,246.597908,370.03275,142.4505,0.0,0.0,953.709167,92.549167
2025-05-09 13:00:00+10:00,0.0,-0.261667,254.124917,353.772808,146.0325,0.0,0.0,950.96,96.385833
2025-05-09 14:00:00+10:00,0.0,-0.426667,255.404908,348.385767,133.085,3.01025,0.0,951.4825,105.278333
2025-05-09 15:00:00+10:00,0.0,-0.6375,335.511558,321.923925,92.04,1.044792,0.0,974.11,97.1275
2025-05-09 16:00:00+10:00,0.0,2.0967,633.097792,323.516683,31.3185,1.541833,0.0,1050.835833,151.241667
2025-05-09 17:00:00+10:00,0.0,52.595825,1359.642175,342.254808,2.7315,0.0,0.0,1165.098333,149.2025
2025-05-09 18:00:00+10:00,0.0,57.051275,1319.304083,331.429325,0.0,0.0,0.0,1196.2775,142.48
2025-05-09 19:00:00+10:00,0.0,56.98045,1157.900467,349.671375,0.0,0.44875,0.0,1171.4925,139.0825
2025-05-09 20:00:00+10:00,0.0,56.931275,964.083667,320.262983,0.0,0.88775,0.0,1120.84,144.953333
2025-05-09 21:00:00+10:00,0.0,56.9576,657.055908,325.036725,0.0,0.125,0.0,1053.220833,150.000833
2025-05-09 22:00:00+10:00,0.0,56.853842,529.460033,293.143,0.0,0.352167,0.0,1003.040833,150.561667
2025-05-09 23:00:00+10:00,0.0,56.806867,380.746842,276.785225,0.0,0.0,0.0,958.918333,135.179167
2025-05-10 00:00:00+10:00,0.0,9.891858,527.30985,255.38105,0.0,0.0,0.0,933.099167,108.1375
2025-05-10 01:00:00+10:00,0.0,-0.1725,383.247508,238.107008,0.0,0.0,0.0,904.57,92.446667
2025-05-10 02:00:00+10:00,0.0,-0.263333,355.182333,223.696067,0.0,0.0,0.0,899.569167,89.826667
2025-05-10 03:00:00+10:00,0.0,-0.805833,390.145275,196.55705,0.0,0.0,0.0,908.844167,94.816667
2025-05-10 04:00:00+10:00,0.0,-0.874167,417.106842,177.644592,0.0,0.0,0.0,923.23,100.04
2025-05-10 05:00:00+10:00,0.0,-0.968333,452.446992,160.48085,0.0,0.0,0.0,949.036667,100.096667
2025-05-10 06:00:00+10:00,0.0,-0.085,556.777042,137.83055,0.0,0.0,0.0,994.403333,147.211667
2025-05-10 07:00:00+10:00,0.0,-0.884167,965.602967,110.840183,0.5355,0.0,0.0,1074.473333,158.396667
2025-05-10 08:00:00+10:00,0.0,-0.353333,739.086258,94.815892,14.891,0.0,0.0,1139.570833,150.066667
2025-05-10 09:00:00+10:00,0.0,-0.255,724.989808,52.627633,53.748,0.0,0.0,1126.679167,150.133333
2025-05-10 10:00:00+10:00,0.0,-0.35,676.333108,39.227925,89.1695,0.0,0.0,1066.32,129.41
2025-05-10 11:00:00+10:00,0.0,-0.619167,584.718908,61.922283,112.746,0.0,0.0,1006.381667,100.0525
2025-05-10 12:00:00+10:00,0.0,-0.9575,533.418942,71.999417,129.572,0.0,0.0,979.014167,100.054167
2025-05-10 13:00:00+10:00,0.0,-0.796667,516.899658,88.597433,119.9215,0.0,0.0,979.41,100.050833
2025-05-10 14:00:00+10:00,0.0,-0.605833,535.250583,91.1002,109.693,0.0,0.0,999.7825,100.063333
2025-05-10 15:00:00+10:00,0.0,-0.6175,582.40205,83.1275,65.4575,0.0,0.0,1042.346667,100.0725
2025-05-10 16:00:00+10:00,0.0,2.453233,698.000317,69.520833,25.8085,0.0,0.0,1108.408333,147.8275
2025-05-10 17:00:00+10:00,0.0,52.915058,1076.031892,40.229167,2.3555,0.0,0.0,1209.055,129.9175
2025-05-10 18:00:00+10:00,0.0,57.890042,1191.461742,29.050833,0.0,0.0,0.0,1255.578333,144.9075
2025-05-10 19:00:00+10:00,0.0,57.844467,944.050283,20.0875,0.0,0.0,0.0,1206.96,139.9075
2025-05-10 20:00:00+10:00,0.0,57.816792,912.45275,16.230258,0.0,0.0,0.0,1182.735833,154.6325
2025-05-10 21:00:00+10:00,0.0,57.84445,864.948408,24.605583,0.0,0.0,0.0,1146.825833,158.919167
2025-05-10 22:00:00+10:00,0.0,39.939717,831.0015,48.104592,0.0,0.0,0.0,1099.581667,158.829167
2025-05-10 23:00:00+10:00,0.0,0.0,812.505025,67.683133,0.0,0.0,0.0,1051.558333,164.165
2025-05-11 00:00:00+10:00,0.0,0.0,575.097058,80.362,0.0,0.0,0.0,1016.896667,138.495833
2025-05-11 01:00:00+10:00,0.0,0.0,590.144267,91.19775,0.0,0.0,0.0,993.619167,118.855833
2025-05-11 02:00:00+10:00,0.0,0.0,527.354975,104.527558,0.0,0.0,0.0,980.725833,87.6175
2025-05-11 03:00:00+10:00,0.0,0.0,583.252875,102.45685,0.0,0.0,0.0,980.9775,68.315833
2025-05-11 04:00:00+10:00,0.0,0.0,493.780792,113.484258,0.0,0.0,0.0,983.849167,92.066667
2025-05-11 05:00:00+10:00,0.0,0.0,533.468717,84.976875,0.0,0.0,0.0,1001.118333,92.149167
2025-05-11 06:00:00+10:00,0.0,0.0,576.92625,77.703833,0.0,0.0,0.0,1042.6975,100.220833
2025-05-11 07:00:00+10:00,0.0,0.0,615.586342,96.620433,0.4485,0.0,0.0,1110.815833,138.044167
2025-05-11 08:00:00+10:00,0.0,0.0,612.99225,141.784758,17.18,0.0,0.0,1155.743333,104.386667
2025-05-11 09:00:00+10:00,0.0,0.0,640.6478,129.636633,53.3745,0.0,0.0,1151.905,50.22
2025-05-11 10:00:00+10:00,0.0,0.0,610.462375,108.728317,85.5465,0.0,0.0,1105.3575,50.22
2025-05-11 11:00:00+10:00,0.0,0.0,581.507683,80.325617,110.299,0.0,0.0,1011.06,58.558333
2025-05-11 12:00:00+10:00,0.0,0.0,542.302475,68.167092,112.2205,0.0,0.0,991.3425,47.443333
2025-05-11 13:00:00+10:00,0.0,0.0,468.027917,108.852008,118.3565,0.0,0.0,971.304167,54.298333
2025-05-11 14:00:00+10:00,0.0,0.0,513.3,80.8844,85.4775,0.0,0.0,989.983333,81.0375
2025-05-11 15:00:00+10:00,0.0,0.0,563.479967,55.01445,64.5115,0.0,0.0,1021.088333,84.023333
2025-05-11 16:00:00+10:00,0.0,26.453367,744.553258,56.815283,26.2485,0.0,0.0,1092.074167,138.845
2025-05-11 17:00:00+10:00,0.0,57.862392,1305.73895,67.283717,2.198,0.0,0.0,1242.729167,138.610833
2025-05-11 18:00:00+10:00,0.0,57.8689,1314.736783,70.4786,0.0,0.0,0.0,1281.0575,148.428333
2025-05-11 19:00:00+10:00,0.0,57.852592,1107.481942,123.759392,0.0,0.0,0.0,1257.468333,155.124167
2025-05-11 20:00:00+10:00,0.0,57.854233,722.539483,160.006058,0.0,0.0,0.0,1198.685,137.695833
2025-05-11 21:00:00+10:00,0.0,57.849358,529.927317,182.787375,0.0,0.0,0.0,1150.2375,147.278333
2025-05-11 22:00:00+10:00,0.0,57.86725,436.053017,196.927508,0.0,0.0,0.0,1078.711667,150.22
2025-05-11 23:00:00+10:00,0.0,57.823308,388.835825,187.920575,0.0,0.0,0.0,1023.706667,150.22
2025-05-12 00:00:00+10:00,0.0,39.920183,378.209425,180.020017,0.0,0.0,0.0,990.620833,150.22
2025-05-12 01:00:00+10:00,0.0,0.0,398.322717,185.947433,0.0,0.0,0.0,973.375833,150.22
2025-05-12 02:00:00+10:00,0.0,0.0,416.631333,156.078967,0.0,0.0,0.0,961.1575,151.47
2025-05-12 03:00:00+10:00,0.0,0.0,452.8533,131.421733,0.0,0.0,0.0,965.675,160.236667
2025-05-12 04:00:00+10:00,0.0,0.0,467.108283,159.231208,0.0,0.0,0.0,984.8375,156.445833
2025-05-12 05:00:00+10:00,0.0,26.892417,552.591033,173.112725,0.0,0.0,0.0,1041.954167,146.869167
2025-05-12 06:00:00+10:00,0.0,57.8933,988.382817,154.21215,0.0,0.0,0.0,1170.465833,169.316667
2025-05-12 07:00:00+10:00,0.0,57.852608,1362.512425,159.768425,0.338,0.0,0.0,1304.35,163.746667
2025-05-12 08:00:00+10:00,0.0,57.880275,1225.636242,137.509033,17.2695,0.0,0.0,1269.701667,145.9125
2025-05-12 09:00:00+10:00,0.0,11.197383,648.990675,153.471217,55.263,0.0,0.0,1148.720833,143.948333
2025-05-12 10:00:00+10:00,0.0,0.0,553.537608,165.514192,96.833,0.0,0.0,1065.095,97.056667
2025-05-12 11:00:00+10:00,0.0,0.0,484.268533,182.626758,102.535,0.0,0.0,999.2625,87.144167
2025-05-12 12:00:00+10:00,0.0,0.0,418.308658,194.074092,132.463,0.0,0.0,953.564167,100.208333
2025-05-12 13:00:00+10:00,0.0,0.0,391.437967,221.546383,136.6245,0.0,0.0,948.985,100.193333
2025-05-12 14:00:00+10:00,0.0,1.740333,421.35165,221.767992,116.4615,0.0,0.0,910.6925,121.053333
2025-05-12 15:00:00+10:00,0.0,53.025583,383.8292,219.29225,82.125,0.0,0.0,971.8275,146.035
2025-05-12 16:00:00+10:00,0.0,57.227458,843.758658,216.454008,27.6545,0.0,0.0,1100.771667,164.615833
2025-05-12 17:00:00+10:00,0.0,57.652358,1356.200092,163.200392,1.792,0.0,0.0,1228.694167,146.8025
2025-05-12 18:00:00+10:00,0.0,57.850967,1239.538967,117.6496,0.0,0.0,0.0,1266.409167,166.248333
2025-05-12 19:00:00+10:00,0.0,57.893292,1052.776292,78.670342,0.0,0.0,0.0,1241.025,144.266667
2025-05-12 20:00:00+10:00,0.0,57.842842,824.9521,68.396217,0.0,0.0,0.0,1182.649167,140.621667
2025-05-12 21:00:00+10:00,0.0,57.824933,766.020783,45.397058,0.0,0.0,0.0,1143.130833,145.550833
2025-05-12 22:00:00+10:00,0.0,57.870517,636.593475,27.632433,0.0,0.0,0.0,1082.571667,144.049167
2025-05-12 23:00:00+10:00,0.0,57.834683,586.815867,10.374275,0.0,0.0,0.0,1017.268333,150.22
2025-05-13 00:00:00+10:00,0.0,57.8752,555.045333,6.936717,0.0,0.0,0.0,990.471667,163.99
2025-05-13 01:00:00+10:00,0.0,57.878658,554.048933,-0.048317,0.0,0.0,0.0,984.7475,156.828333
2025-05-13 02:00:00+10:00,0.0,57.886783,554.736733,1.104167,0.0,0.0,0.0,981.160833,152.896667
2025-05-13 03:00:00+10:00,0.0,57.829808,549.579325,1.770833,0.0,0.0,0.0,994.605833,142.833333
2025-05-13 04:00:00+10:00,0.0,57.877025,577.498942,0.488567,0.0,0.0,0.0,1014.206667,150.254167
2025-05-13 05:00:00+10:00,0.0,57.862367,642.053267,34.371483,0.0,0.0,0.0,1068.454167,149.115
2025-05-13 06:00:00+10:00,0.0,57.907942,1143.378142,68.82945,0.0,0.0,0.0,1199.510833,154.9825
2025-05-13 07:00:00+10:00,0.0,57.859125,1487.423067,55.030717,0.1235,0.0,0.0,1331.754167,213.1175
2025-05-13 08:00:00+10:00,0.0,57.89005,1161.691592,45.829275,12.358,0.0,0.0,1327.754167,148.624167
2025-05-13 09:00:00+10:00,0.0,11.094817,780.444958,70.429717,46.6745,0.0,0.0,1224.084167,133.573333
2025-05-13 10:00:00+10:00,0.0,0.0,695.608817,87.06515,74.266,0.0,0.0,1158.59,121.08
2025-05-13 11:00:00+10:00,0.0,0.0,613.798875,93.041233,95.1605,0.0,0.0,1091.581667,112.49
2025-05-13 12:00:00+10:00,0.0,0.0,602.275375,76.981475,117.9185,0.0,0.0,1065.768333,60.28
2025-05-13 13:00:00+10:00,0.0,0.0,541.681292,110.426925,121.1105,0.0,0.0,1046.395833,60.196667
2025-05-13 14:00:00+10:00,0.0,0.0,521.649125,121.655383,110.079,0.0,0.0,1052.071667,27.583333
2025-05-13 15:00:00+10:00,0.0,0.0,580.009775,110.545142,82.151,0.0,0.0,1087.913333,114.829167
2025-05-13 16:00:00+10:00,0.0,26.078933,727.201708,76.119608,27.7275,0.0,0.0,1156.750833,162.201667
2025-05-13 17:00:00+10:00,0.0,57.877017,1256.15675,97.413258,1.605,0.0,0.0,1282.433333,186.47
2025-05-13 18:00:00+10:00,0.0,57.833067,1466.715017,121.642533,0.0,0.0,0.0,1328.06,150.673333
2025-05-13 19:00:00+10:00,0.0,57.864,1241.536008,159.735,0.0,0.0,0.0,1316.250833,152.324167
2025-05-13 20:00:00+10:00,0.0,57.865642,1148.286408,147.546233,0.0,0.0,0.0,1290.875,149.055
2025-05-13 21:00:00+10:00,0.0,57.875392,1068.232417,126.486858,0.0,0.0,0.0,1219.3775,138.9275
2025-05-13 22:00:00+10:00,0.0,57.893317,785.383383,155.5823,0.0,0.0,0.0,1105.618333,153.123333
2025-05-13 23:00:00+10:00,0.0,57.8705,491.432008,202.312025,0.0,0.0,0.0,1017.599167,126.995
2025-05-14 00:00:00+10:00,0.0,57.885167,378.765067,183.971542,0.0,0.0,0.0,971.956667,147.503333
2025-05-14 01:00:00+10:00,0.0,57.875392,392.887442,143.759017,0.0,0.0,0.0,943.100833,150.9725
2025-05-14 02:00:00+10:00,0.0,57.870517,365.952983,157.01575,0.0,0.0,0.0,926.966667,112.050833
2025-05-14 03:00:00+10:00,0.0,57.857483,375.891958,162.936858,0.0,0.0,0.0,930.4,99.885833
2025-05-14 04:00:00+10:00,0.0,57.870517,417.449508,136.298325,0.0,0.0,0.0,943.178333,130.216667
2025-05-14 05:00:00+10:00,0.0,57.852608,419.373367,166.307892,0.0,0.0,0.0,980.015,152.569167
2025-05-14 06:00:00+10:00,0.0,57.87215,695.291175,129.56385,0.0,0.0,0.0,1104.478333,161.2225
2025-05-14 07:00:00+10:00,0.0,57.8591,1378.674675,133.165758,0.085,0.0,0.0,1252.734167,228.671667
2025-05-14 08:00:00+10:00,0.0,57.86725,1125.489975,105.504933,12.2405,0.0,0.0,1223.515,180.740833
2025-05-14 09:00:00+10:00,0.0,40.109025,626.2581,95.31105,47.3395,0.0,0.0,1103.7,146.018333
2025-05-14 10:00:00+10:00,0.0,0.0,598.601467,83.077808,85.707,0.0,0.0,1041.874167,110.2225
2025-05-14 11:00:00+10:00,0.0,0.0,527.396117,108.514175,112.1795,0.0,0.0,1000.806667,91.720833
2025-05-14 12:00:00+10:00,0.0,0.0,477.593775,120.515633,120.3565,0.0,0.0,970.944167,83.495833
2025-05-14 13:00:00+10:00,0.0,0.0,458.6247,177.097392,113.0305,0.0,0.0,979.1,69.883333
2025-05-14 14:00:00+10:00,0.0,0.0,457.728242,184.889642,92.8925,0.0,0.0,987.260833,99.823333
2025-05-14 15:00:00+10:00,0.0,0.0,514.735242,190.000642,59.881,0.0,0.0,1030.3625,124.8975
2025-05-14 16:00:00+10:00,0.0,0.0,553.076133,208.12685,22.8825,0.0,0.0,1091.1475,105.721667
2025-05-14 17:00:00+10:00,0.0,25.54495,1023.154767,226.661058,1.53,0.0,0.0,1210.0925,161.303333
2025-05-14 18:00:00+10:00,0.0,57.631192,1255.702658,189.776325,0.0,0.0,0.0,1270.744167,164.711667
2025-05-14 19:00:00+10:00,0.0,57.854225,1256.908942,201.036042,0.0,0.0,0.0,1270.889167,151.605833
2025-05-14 20:00:00+10:00,0.0,57.888408,1163.460975,221.164567,0.0,0.0,0.0,1246.4075,153.8325
2025-05-14 21:00:00+10:00,0.0,57.878642,1112.388825,225.342392,0.0,0.0,0.0,1164.715,151.140833
2025-05-14 22:00:00+10:00,0.0,57.880275,836.856558,268.853533,0.0,0.0,0.0,1086.7875,133.294167
2025-05-14 23:00:00+10:00,0.0,57.807017,575.429692,255.734608,0.0,0.0,0.0,1009.575833,143.948333
2025-05-15 00:00:00+10:00,0.0,57.896542,390.298758,275.972867,0.0,0.0,0.0,969.665833,128.344167
2025-05-15 01:00:00+10:00,0.0,11.257625,329.557717,292.972567,0.0,0.0,0.0,949.605,127.683333
2025-05-15 02:00:00+10:00,0.0,0.0,356.711675,243.293817,0.0,0.0,0.0,965.354167,137.473333
2025-05-15 03:00:00+10:00,0.0,0.0,355.649867,278.921492,0.0,0.0,0.0,970.543333,149.013333
2025-05-15 04:00:00+10:00,0.0,0.0,375.422233,238.755908,0.0,0.0,0.0,982.9275,151.183333
2025-05-15 05:00:00+10:00,0.0,2.640617,437.239375,244.312008,0.0,0.0,0.0,1012.456667,145.333333
2025-05-15 06:00:00+10:00,0.0,52.09925,961.294025,261.933958,0.0,0.0,0.0,1130.798333,144.931667
2025-05-15 07:00:00+10:00,0.0,57.872142,1452.292758,243.002683,0.229,0.0,0.0,1291.3875,177.1125
2025-05-15 08:00:00+10:00,0.0,57.857475,1082.136242,250.998925,16.8025,0.0,0.0,1244.6425,138.070833
2025-05-15 09:00:00+10:00,0.0,11.363442,633.436267,236.794525,63.632,0.0,0.0,1135.2075,126.875833
2025-05-15 10:00:00+10:00,0.0,0.0,447.9459,280.989842,105.6005,2.9715,0.0,1070.009167,105.811667
2025-05-15 11:00:00+10:00,0.0,0.0,380.150233,272.216742,122.782,6.398942,0.0,1030.624167,150.528333
2025-05-15 12:00:00+10:00,0.0,0.0,335.555667,284.38735,133.2235,6.683333,0.0,1029.12,149.495
2025-05-15 13:00:00+10:00,0.0,0.0,378.511475,253.440425,142.7795,6.3125,0.0,1018.0975,149.526667
2025-05-15 14:00:00+10:00,0.0,0.0,408.739217,238.550617,111.9215,4.06185,0.0,1027.779167,152.0175
2025-05-15 15:00:00+10:00,0.0,0.0,507.834417,227.571083,72.5525,0.0,0.0,1090.655833,156.208333
2025-05-15 16:00:00+10:00,0.0,24.1351,795.710575,206.447175,21.357,0.0,0.0,1162.713333,130.3225
2025-05-15 17:00:00+10:00,0.0,57.820042,1309.02045,264.845917,1.181,0.0,0.0,1265.578333,183.823333
2025-05-15 18:00:00+10:00,0.0,57.855842,1566.527925,240.58225,0.0,0.0,0.0,1288.446667,184.206667
2025-05-15 19:00:00+10:00,0.0,57.880275,1549.930492,218.768233,0.0,0.0,0.0,1267.675,167.075
2025-05-15 20:00:00+10:00,0.0,57.864008,1373.219517,221.93715,0.0,0.0,0.0,1213.513333,148.084167
2025-05-15 21:00:00+10:00,0.0,57.875408,1234.878742,223.46575,0.0,0.0,0.0,1160.449167,143.614167
2025-05-15 22:00:00+10:00,0.0,57.873767,1192.18755,236.862917,0.0,0.0,0.0,1094.933333,142.916667
2025-05-15 23:00:00+10:00,0.0,57.873775,998.859183,232.133683,0.0,0.0,0.0,1034.458333,139.221667
2025-05-16 00:00:00+10:00,0.0,39.952758,684.6889,179.006808,0.0,0.0,0.0,1011.086667,146.313333
2025-05-16 01:00:00+10:00,0.0,0.0,492.06085,132.513842,0.0,0.0,0.0,989.990833,150.18
2025-05-16 02:00:00+10:00,0.0,0.0,471.096742,141.955517,0.0,0.0,0.0,965.903333,150.18
2025-05-16 03:00:00+10:00,0.0,0.0,394.426275,228.382833,0.0,0.0,0.0,966.07,149.915833
2025-05-16 04:00:00+10:00,0.0,0.0,347.474875,279.093833,0.0,0.0,0.0,934.988333,146.854167
2025-05-16 05:00:00+10:00,0.0,26.775717,461.036242,245.3251,0.0,0.0,0.0,952.469167,149.825
2025-05-16 06:00:00+10:00,0.0,57.890042,1092.624342,227.100558,0.0,0.0,0.0,1097.635,157.039167
2025-05-16 07:00:00+10:00,0.0,57.8754,1442.168042,204.358283,0.1835,0.0,0.0,1277.088333,231.038333
2025-05-16 08:00:00+10:00,0.0,57.859117,1294.007108,186.659842,14.948,0.0,0.0,1288.753333,151.229167
2025-05-16 09:00:00+10:00,0.0,57.836325,675.1124,218.901708,62.277,0.0,0.0,1177.619167,140.2025
2025-05-16 10:00:00+10:00,0.0,39.879483,777.827708,272.05655,103.0845,0.0,0.0,1094.739167,164.846667
2025-05-16 11:00:00+10:00,0.0,0.0,838.4212,285.741158,125.8875,0.0,0.0,1051.2925,155.225
2025-05-16 12:00:00+10:00,0.0,0.0,811.290867,291.608308,110.049,0.0,0.0,1040.838333,160.265
2025-05-16 13:00:00+10:00,0.0,0.0,779.027042,293.663992,108.7845,0.0,0.0,1011.905,156.873333
2025-05-16 14:00:00+10:00,0.0,0.0,813.9381,288.882242,102.3035,17.206833,0.0,1057.986667,162.763333
2025-05-16 15:00:00+10:00,0.0,0.0,487.004325,243.254592,65.28,0.0,0.0,1083.7725,142.27
2025-05-16 16:00:00+10:00,0.0,0.0,706.003917,175.771975,24.29,0.0,0.0,1139.493333,135.184167
2025-05-16 17:00:00+10:00,0.0,26.834333,1365.276258,202.507492,1.052,0.0,0.0,1242.0325,146.893333
2025-05-16 18:00:00+10:00,0.0,57.877025,1595.238983,162.685942,0.0,0.0,0.0,1273.1275,148.2675
2025-05-16 19:00:00+10:00,0.0,57.868883,1572.344083,198.965025,0.0,0.0,0.0,1237.93,148.118333
2025-05-16 20:00:00+10:00,0.0,57.881908,1524.980192,187.53245,0.0,0.0,0.0,1230.515833,145.9675
2025-05-16 21:00:00+10:00,0.0,57.883542,1578.151633,200.662125,0.0,0.0,0.0,1170.8575,111.5225
2025-05-16 22:00:00+10:00,0.0,57.870508,1367.699183,246.409208,0.0,0.0,0.0,1102.526667,132.1575
2025-05-16 23:00:00+10:00,0.0,57.862375,1083.137692,270.374075,0.0,0.0,0.0,1076.170833,145.435833
2025-05-17 00:00:00+10:00,0.0,57.850975,908.586208,217.177883,0.0,0.0,0.0,1041.29,139.060833
2025-05-17 01:00:00+10:00,0.0,57.824933,621.545375,217.420258,0.0,0.0,0.0,993.950833,130.388333
2025-05-17 02:00:00+10:00,0.0,57.847717,400.253258,236.343633,0.0,0.0,0.0,987.5175,147.915
2025-05-17 03:00:00+10:00,0.0,39.959267,468.946225,154.200825,0.0,0.0,0.0,990.338333,152.158333
2025-05-17 04:00:00+10:00,0.0,0.0,545.839242,180.0773,0.0,0.0,0.0,1003.698333,158.9225
2025-05-17 05:00:00+10:00,0.0,0.0,573.343733,229.6474,0.0,0.0,0.0,1033.596667,150.24
2025-05-17 06:00:00+10:00,0.0,0.0,606.904908,241.800325,0.0,0.0,0.0,1093.855,156.873333
2025-05-17 07:00:00+10:00,0.0,0.0,745.81315,169.44665,0.0795,0.0,0.0,1191.611667,155.590833
2025-05-17 08:00:00+10:00,0.0,0.0,722.52395,123.339842,13.8675,0.0,0.0,1258.73,154.438333
2025-05-17 09:00:00+10:00,0.0,0.0,737.311692,116.702683,44.136,0.0,0.0,1250.825,133.31
2025-05-17 10:00:00+10:00,0.0,0.0,674.490625,132.016208,75.2955,0.0,0.0,1210.218333,90.576667
2025-05-17 11:00:00+10:00,0.0,0.0,603.350367,114.250242,112.1685,0.0,0.0,1144.9625,96.940833
2025-05-17 12:00:00+10:00,0.0,0.0,571.377775,116.670733,121.1445,0.0,0.0,1083.0375,86.926667
2025-05-17 13:00:00+10:00,0.0,0.0,574.859758,123.524725,111.2955,0.0,0.0,1097.181667,70.255
2025-05-17 14:00:00+10:00,0.0,0.0,624.206767,97.0305,96.395,0.0,0.0,1105.785,63.613333
2025-05-17 15:00:00+10:00,0.0,0.0,696.140533,94.694808,62.439,0.0,0.0,1178.424167,75.371667
2025-05-17 16:00:00+10:00,0.0,0.0,732.19265,137.511992,24.772,0.0,0.0,1261.86,130.4275
2025-05-17 17:00:00+10:00,0.0,0.0,807.045267,177.183142,1.284,0.0,0.0,1381.154167,150.273333
2025-05-17 18:00:00+10:00,0.0,0.0,905.095717,101.628525,0.0,0.0,0.0,1396.8825,158.178333
2025-05-17 19:00:00+10:00,0.0,0.0,891.893067,69.364833,0.0,0.0,0.0,1355.271667,152.511667
2025-05-17 20:00:00+10:00,0.0,0.0,841.822958,89.878225,0.0,0.0,0.0,1325.716667,159.318333
2025-05-17 21:00:00+10:00,0.0,0.0,757.213483,152.66235,0.0,0.0,0.0,1286.195,157.663333
2025-05-17 22:00:00+10:00,0.0,0.0,716.828575,132.697667,0.0,0.0,0.0,1239.520833,137.7775
2025-05-17 23:00:00+10:00,0.0,0.0,658.109025,129.561533,0.0,0.0,0.0,1194.559167,113.333333
2025-05-18 00:00:00+10:00,0.0,0.0,646.960183,108.978842,0.0,0.0,0.0,1153.9975,90.16
2025-05-18 01:00:00+10:00,0.0,0.0,594.147625,141.093483,0.0,0.0,0.0,1131.085,60.24
2025-05-18 02:00:00+10:00,0.0,0.0,636.068783,101.035533,0.0,0.0,0.0,1128.608333,76.746667
2025-05-18 03:00:00+10:00,0.0,0.0,645.744542,72.629633,0.0,0.0,0.0,1128.974167,63.661667
2025-05-18 04:00:00+10:00,0.0,0.0,692.205525,43.733775,0.0,0.0,0.0,1157.1575,60.28
2025-05-18 05:00:00+10:00,0.0,0.0,720.024117,42.187367,0.0,0.0,0.0,1179.814167,86.951667
2025-05-18 06:00:00+10:00,0.0,0.0,765.464317,45.894992,0.0,0.0,0.0,1238.459167,100.275
2025-05-18 07:00:00+10:00,0.0,0.0,854.512767,26.542083,0.1695,0.0,0.0,1315.54,100.385
2025-05-18 08:00:00+10:00,0.0,0.0,910.157617,25.437175,16.08,0.0,0.0,1355.315,100.648333
2025-05-18 09:00:00+10:00,0.0,0.0,905.725058,15.801042,61.7595,0.0,0.0,1314.773333,83.665833
2025-05-18 10:00:00+10:00,0.0,0.0,810.989483,16.346758,107.2875,0.0,0.0,1238.57,39.855
2025-05-18 11:00:00+10:00,0.0,0.0,735.145375,7.3274,141.034,0.0,0.0,1150.8575,11.275
2025-05-18 12:00:00+10:00,0.0,0.0,672.2623,8.70515,150.7295,0.0,0.0,1088.933333,3.2325
2025-05-18 13:00:00+10:00,0.0,0.0,644.215808,18.091358,147.14,0.0,0.0,1072.250833,11.303333
2025-05-18 14:00:00+10:00,0.0,0.0,660.783967,37.759567,117.2495,0.0,0.0,1103.538333,10.945
2025-05-18 15:00:00+10:00,0.0,0.0,710.243092,52.096167,74.576,0.0,0.0,1163.5575,43.906667
2025-05-18 16:00:00+10:00,0.0,0.0,836.068325,64.203617,27.0875,0.0,0.0,1268.015833,76.958333
2025-05-18 17:00:00+10:00,0.0,0.0,1198.6539,77.976992,1.163,0.0,0.0,1407.376667,173.3675
2025-05-18 18:00:00+10:00,0.0,36.835125,1263.498833,80.867517,0.0,0.0,0.0,1448.7975,154.338333
2025-05-18 19:00:00+10:00,0.0,57.873758,899.713992,73.281767,0.0,0.0,0.0,1428.820833,150.175
2025-05-18 20:00:00+10:00,0.0,57.854217,825.27995,95.647883,0.0,0.0,0.0,1382.969167,150.22
2025-05-18 21:00:00+10:00,0.0,57.855858,777.90065,82.001783,0.0,0.0,0.0,1329.395833,164.565833
2025-05-18 22:00:00+10:00,0.0,39.957617,700.080467,104.43935,0.0,0.0,0.0,1246.844167,157.77
2025-05-18 23:00:00+10:00,0.0,0.0,650.850467,120.458833,0.0,0.0,0.0,1180.060833,133.573333
2025-05-19 00:00:00+10:00,0.0,0.0,615.00985,121.121808,0.0,0.0,0.0,1139.848333,100.311667
2025-05-19 01:00:00+10:00,0.0,0.0,591.366208,130.705983,0.0,0.0,0.0,1129.979167,100.28
2025-05-19 02:00:00+10:00,0.0,0.0,589.937533,133.127,0.0,0.0,0.0,1123.113333,121.113333
2025-05-19 03:00:00+10:00,0.0,0.0,560.070742,172.792508,0.0,0.0,0.0,1126.071667,150.27
2025-05-19 04:00:00+10:00,0.0,0.0,566.592125,191.850967,0.0,0.0,0.0,1133.685833,125.238333
2025-05-19 05:00:00+10:00,0.0,0.0,630.992067,174.903725,0.0,0.0,0.0,1188.956667,152.858333
2025-05-19 06:00:00+10:00,0.0,2.31665,744.977258,190.411358,0.0,0.0,0.0,1298.58,125.155
2025-05-19 07:00:00+10:00,0.0,53.108608,1058.795775,178.3686,0.124,0.0,0.0,1435.115,131.116667
2025-05-19 08:00:00+10:00,0.0,57.883542,1360.580775,151.266867,13.095,0.0,0.0,1447.011667,134.373333
2025-05-19 09:00:00+10:00,0.0,57.849342,830.071708,101.900758,46.094,0.0,0.0,1347.378333,150.24
2025-05-19 10:00:00+10:00,0.0,11.850208,752.649258,125.672967,92.761,0.0,0.0,1261.72,74.406667
2025-05-19 11:00:00+10:00,0.0,0.0,617.956258,194.607742,113.8185,0.0,0.0,1170.381667,60.1925
2025-05-19 12:00:00+10:00,0.0,0.0,586.32375,197.032367,126.4315,0.0,0.0,1130.128333,57.069167
2025-05-19 13:00:00+10:00,0.0,0.0,524.472192,231.894567,121.983,0.0,0.0,1105.545,60.196667
2025-05-19 14:00:00+10:00,0.0,0.0,547.4738,219.921025,93.457,0.0,0.0,1160.406667,60.216667
2025-05-19 15:00:00+10:00,0.0,0.0,632.1128,176.691892,71.2095,0.0,0.0,1199.789167,86.905
2025-05-19 16:00:00+10:00,0.0,2.684575,1156.197833,133.95355,24.542,0.0,0.0,1265.756667,158.363333
2025-05-19 17:00:00+10:00,0.0,53.1249,1829.313925,115.721058,0.9625,0.0,0.0,1390.763333,204.845
2025-05-19 18:00:00+10:00,0.0,57.868892,1869.001575,94.498158,0.0,0.0,0.0,1440.9675,215.624167
2025-05-19 19:00:00+10:00,0.0,57.862367,1863.536725,68.043592,0.0,0.0,0.0,1402.963333,183.375833
2025-05-19 20:00:00+10:00,0.0,57.870508,1734.038208,51.681358,0.0,0.0,0.0,1343.6775,156.2275
2025-05-19 21:00:00+10:00,0.0,57.8412,1190.107242,44.39825,0.0,0.0,0.0,1305.11,139.4925
2025-05-19 22:00:00+10:00,0.0,57.816775,800.936575,33.29515,0.0,0.0,0.0,1256.134167,152.248333
2025-05-19 23:00:00+10:00,0.0,39.934842,726.4616,29.111633,0.0,0.0,0.0,1193.75,150.24
2025-05-20 00:00:00+10:00,0.0,0.0,709.2564,45.465042,0.0,0.0,0.0,1159.393333,129.406667
2025-05-20 01:00:00+10:00,0.0,0.0,621.651117,107.516617,0.0,0.0,0.0,1142.1075,100.24
2025-05-20 02:00:00+10:00,0.0,0.0,607.173417,106.6783,0.0,0.0,0.0,1137.158333,100.24
2025-05-20 03:00:00+10:00,0.0,0.0,597.261508,126.683508,0.0,0.0,0.0,1146.1325,100.24
2025-05-20 04:00:00+10:00,0.0,0.0,650.974792,84.361242,0.0,0.0,0.0,1164.511667,100.221667
2025-05-20 05:00:00+10:00,0.0,0.0,699.300833,97.785675,0.0,0.0,0.0,1210.646667,121.053333
2025-05-20 06:00:00+10:00,0.0,0.0,864.002367,117.815758,0.0,0.0,0.0,1346.250833,153.581667
2025-05-20 07:00:00+10:00,0.0,0.0,1212.297133,160.265367,0.0705,0.0,0.0,1495.545,143.543333
2025-05-20 08:00:00+10:00,0.0,0.0,1046.696983,138.667517,8.7665,0.0,0.0,1478.97,98.506667
2025-05-20 09:00:00+10:00,0.0,0.0,879.229892,145.34825,36.42,0.0,0.0,1391.1375,100.219167
2025-05-20 10:00:00+10:00,0.0,0.0,794.568667,94.74715,69.9915,0.0,0.0,1259.886667,84.386667
2025-05-20 11:00:00+10:00,0.0,0.0,714.395725,87.651783,98.788,0.0,0.0,1170.42,60.2025
2025-05-20 12:00:00+10:00,0.0,0.0,654.670617,93.074625,114.0535,0.0,0.0,1147.7475,60.066667
2025-05-20 13:00:00+10:00,0.0,0.0,668.875467,100.581025,108.7325,0.0,0.0,1167.605833,60.148333
2025-05-20 14:00:00+10:00,0.0,0.0,657.0362,124.674925,88.2755,0.0,0.0,1207.7925,76.613333
2025-05-20 15:00:00+10:00,0.0,0.0,661.750167,133.155408,64.3725,0.0,0.0,1239.769167,97.984167
2025-05-20 16:00:00+10:00,0.0,26.674767,1189.932833,119.668217,23.2035,0.0,0.0,1273.035833,172.2725
2025-05-20 17:00:00+10:00,0.0,56.862775,1837.307283,116.5094,0.9695,0.0,0.0,1428.3675,234.935
2025-05-20 18:00:00+10:00,0.0,97.3368,1854.142658,101.635217,0.0,0.0,0.0,1462.896667,300.489167
2025-05-20 19:00:00+10:00,0.0,106.53945,1810.310242,92.894567,0.0,0.0,0.0,1442.01,177.190833
2025-05-20 20:00:00+10:00,0.0,106.044717,1757.657575,68.9679,0.0,0.0,0.0,1398.78,161.7625
2025-05-20 21:00:00+10:00,0.0,106.013658,1766.387175,62.5118,0.0,0.0,0.0,1419.246667,193.9475
2025-05-20 22:00:00+10:00,0.0,89.81045,1550.336533,89.355983,0.0,0.0,0.0,1334.891667,160.225833
2025-05-20 23:00:00+10:00,0.0,57.844467,1283.920417,125.7299,0.0,0.0,0.0,1249.0075,154.941667
2025-05-21 00:00:00+10:00,0.0,11.0004,1166.573717,87.6198,0.0,0.0,0.0,1200.853333,157.641667
2025-05-21 01:00:00+10:00,0.0,0.0,985.053208,51.3599,0.0,0.0,0.0,1145.675833,156.451667
2025-05-21 02:00:00+10:00,0.0,0.0,927.117133,42.117292,0.0,0.0,0.0,1141.79,176.916667
2025-05-21 03:00:00+10:00,0.0,0.0,902.701067,53.940167,0.0,0.0,0.0,1146.5675,189.898333
2025-05-21 04:00:00+10:00,0.0,12.672342,963.615817,31.987675,0.0,0.0,0.0,1161.745833,168.310833
2025-05-21 05:00:00+10:00,0.0,53.163958,1114.697158,35.424542,0.0,0.0,0.0,1224.075833,166.036667
2025-05-21 06:00:00+10:00,0.0,57.90145,1606.041367,50.975708,0.0,0.0,0.0,1317.81,183.155833
2025-05-21 07:00:00+10:00,0.0,57.873775,1849.765275,42.980992,0.0895,0.0,0.0,1470.130833,418.985
2025-05-21 08:00:00+10:00,0.0,106.765467,1824.187683,45.558433,15.0175,0.0,0.0,1486.4775,305.22
2025-05-21 09:00:00+10:00,0.0,19.448992,1481.641175,38.752992,62.544,0.0,0.0,1404.731667,250.400833
2025-05-21 10:00:00+10:00,0.0,0.0,923.933867,22.496667,90.357,0.0,0.0,1282.7225,152.433333
2025-05-21 11:00:00+10:00,0.0,0.0,771.61565,13.361667,127.389,0.0,0.0,1170.595,153.7925
2025-05-21 12:00:00+10:00,0.0,0.0,683.99955,5.041617,148.8075,0.0,0.0,1110.445833,183.57
2025-05-21 13:00:00+10:00,0.0,0.0,694.739825,6.389683,146.9685,0.0,0.0,1106.085,160.26
2025-05-21 14:00:00+10:00,0.0,0.0,703.932217,4.9963,117.9305,0.0,0.0,1097.135833,160.26
2025-05-21 15:00:00+10:00,0.0,26.274292,822.576158,9.756692,69.6835,0.0,0.0,1139.85,156.145
2025-05-21 16:00:00+10:00,0.0,57.8119,1333.963317,8.579858,21.939,0.0,0.0,1246.361667,162.921667
2025-05-21 17:00:00+10:00,0.0,57.890042,1784.235258,10.290758,0.9735,0.0,0.0,1421.65,220.475
2025-05-21 18:00:00+10:00,0.0,57.89005,1765.816575,15.896292,0.0,0.0,0.0,1452.884167,166.2375
2025-05-21 19:00:00+10:00,0.0,57.8575,1675.2574,15.411292,0.0,0.0,0.0,1433.185833,163.891667
2025-05-21 20:00:00+10:00,0.0,57.867258,1519.263875,9.433575,0.0,0.0,0.0,1388.6525,161.509167
2025-05-21 21:00:00+10:00,0.0,57.885158,1192.786817,17.430492,0.0,0.0,0.0,1384.05,145.730833
2025-05-21 22:00:00+10:00,0.0,57.849342,1036.302508,33.918008,0.0,0.0,0.0,1303.111667,144.63
2025-05-21 23:00:00+10:00,0.0,57.868875,843.134725,34.090417,0.0,0.0,0.0,1225.715833,146.1875
2025-05-22 00:00:00+10:00,0.0,57.873767,872.815667,39.172825,0.0,0.0,0.0,1125.700833,150.22
2025-05-22 01:00:00+10:00,0.0,11.026442,806.150017,40.662392,0.0,0.0,0.0,1141.601667,156.475
2025-05-22 02:00:00+10:00,0.0,0.0,657.384858,60.857342,0.0,0.0,0.0,1101.6675,156.076667
2025-05-22 03:00:00+10:00,0.0,0.0,685.580542,51.974667,0.0,0.0,0.0,1123.515,160.644167
2025-05-22 04:00:00+10:00,0.0,0.0,696.172533,56.925667,0.0,0.0,0.0,1145.154167,151.093333
2025-05-22 05:00:00+10:00,0.0,0.0,782.618442,57.256942,0.0,0.0,0.0,1187.930833,173.166667
2025-05-22 06:00:00+10:00,0.0,26.134292,1176.067908,70.857433,0.0,0.0,0.0,1308.281667,156.229167
2025-05-22 07:00:00+10:00,0.0,57.85425,1597.76405,41.059158,0.068,0.0,0.0,1468.821667,183.27
2025-05-22 08:00:00+10:00,0.0,57.850983,1540.881908,19.769317,12.7245,0.0,0.0,1495.4525,169.713333
2025-05-22 09:00:00+10:00,0.0,57.847725,1253.924992,12.730833,42.8705,0.0,0.0,1392.2525,156.2225
2025-05-22 10:00:00+10:00,0.0,57.839583,977.497783,0.752875,77.685,0.0,0.0,1335.736667,157.8525
2025-05-22 11:00:00+10:00,0.0,40.017867,816.23605,0.160092,111.0985,0.0,0.0,1267.9275,126.41
2025-05-22 12:00:00+10:00,0.0,0.0,809.381542,0.918675,120.155,0.0,0.0,1216.269167,114.723333
2025-05-22 13:00:00+10:00,0.0,0.0,791.335775,4.230108,118.8855,0.0,0.0,1196.170833,110.289167
2025-05-22 14:00:00+10:00,0.0,0.0,747.679583,3.86635,113.115,0.0,0.0,1154.916667,125.213333
2025-05-22 15:00:00+10:00,0.0,0.0,775.009083,-0.014267,71.8025,0.0,0.0,1159.5275,143.958333
2025-05-22 16:00:00+10:00,0.0,26.863633,905.868875,-0.5,22.7175,0.0,0.0,1237.225,151.051667
2025-05-22 17:00:00+10:00,0.0,57.870517,1185.107833,-0.263642,0.683,0.0,0.0,1364.13,155.263333
2025-05-22 18:00:00+10:00,0.0,57.864,1413.248317,-0.058608,0.0,0.0,0.0,1432.774167,160.793333
2025-05-22 19:00:00+10:00,0.0,57.828175,960.528342,3.294167,0.0,0.0,0.0,1392.4375,156.6475
2025-05-22 20:00:00+10:00,0.0,57.865625,917.161533,5.8175,0.0,0.0,0.0,1383.125,160.210833
2025-05-22 21:00:00+10:00,0.0,39.964142,899.6437,2.855833,0.0,0.0,0.0,1302.185,159.050833
2025-05-22 22:00:00+10:00,0.0,0.0,880.041533,12.0921,0.0,0.0,0.0,1242.2825,159.735833
2025-05-22 23:00:00+10:00,0.0,0.0,769.811383,25.907317,0.0,0.0,0.0,1165.423333,156.559167
2025-05-23 00:00:00+10:00,0.0,0.0,708.612967,49.596542,0.0,0.0,0.0,1117.41,154.983333
2025-05-23 01:00:00+10:00,0.0,0.0,609.551275,87.600975,0.0,0.0,0.0,1086.228333,150.22
2025-05-23 02:00:00+10:00,0.0,0.0,543.12565,153.693217,0.0,0.0,0.0,1070.640833,150.135833
2025-05-23 03:00:00+10:00,0.0,0.0,533.875492,147.8307,0.0,0.0,0.0,1024.328333,133.553333
2025-05-23 04:00:00+10:00,0.0,0.0,545.621325,146.952333,0.0,0.354167,0.0,1032.884167,125.238333
2025-05-23 05:00:00+10:00,0.0,0.0,621.373583,165.290267,0.0,0.088333,0.0,1078.0875,143.578333
2025-05-23 06:00:00+10:00,0.0,25.947075,1184.052508,191.422433,0.0,0.0,0.0,1200.411667,153.025
2025-05-23 07:00:00+10:00,0.0,57.899817,1517.979658,165.531842,0.0415,0.0325,0.0,1353.908333,140.936667
2025-05-23 08:00:00+10:00,0.0,57.8575,1451.8334,168.744108,8.9765,0.0,0.0,1354.954167,143.59
2025-05-23 09:00:00+10:00,0.0,11.037842,1090.0972,179.580917,33.322,0.0,0.0,1247.9775,148.604167
2025-05-23 10:00:00+10:00,0.0,0.0,942.875225,180.352158,72.6685,0.0,0.0,1139.039167,172.789167
2025-05-23 11:00:00+10:00,0.0,0.0,684.229733,222.016817,103.9935,0.0,0.0,1062.616667,126.595
2025-05-23 12:00:00+10:00,0.0,0.0,465.723717,239.30555,112.6475,0.645833,0.0,1017.888333,125.725833
2025-05-23 13:00:00+10:00,0.0,0.0,492.664583,203.582867,109.467,0.551667,0.0,985.4675,137.8925
2025-05-23 14:00:00+10:00,0.0,0.0,532.147342,209.316042,86.548,0.5875,0.0,990.681667,132.739167
2025-05-23 15:00:00+10:00,0.0,0.0,543.001183,229.686275,50.0575,0.0,0.0,1021.485833,151.138333
2025-05-23 16:00:00+10:00,0.0,2.227108,1073.004033,204.180967,14.533,0.041667,0.0,1114.358333,134.315
2025-05-23 17:00:00+10:00,0.0,51.532692,1562.56035,211.52235,0.3055,0.0,0.0,1219.849167,146.816667
2025-05-23 18:00:00+10:00,0.0,56.245775,1546.822158,211.17585,0.0,0.0,0.0,1202.039167,136.390833
2025-05-23 19:00:00+10:00,0.0,56.382533,1194.555625,209.118258,0.0,0.0,0.0,1163.421667,144.2325
2025-05-23 20:00:00+10:00,0.0,56.419975,1062.773917,252.326425,0.0,0.0,0.0,1121.460833,139.999167
2025-05-23 21:00:00+10:00,0.0,10.3671,617.933333,265.680775,0.0,0.333333,0.0,1087.665,139.594167
2025-05-23 22:00:00+10:00,0.0,0.0,455.037742,287.195033,0.0,0.0,0.0,1032.693333,127.156667
2025-05-23 23:00:00+10:00,0.0,0.0,385.772658,290.879342,0.0,0.760175,0.0,996.1575,124.99
2025-05-24 00:00:00+10:00,0.0,0.0,402.926192,217.557858,0.0,0.0,0.0,964.72,125.24
2025-05-24 01:00:00+10:00,0.0,0.0,442.614692,149.798208,0.0,0.0,0.0,963.151667,110.24
2025-05-24 02:00:00+10:00,0.0,0.0,577.635075,27.353533,0.0,0.0,0.0,975.480833,85.405
2025-05-24 03:00:00+10:00,0.0,0.0,599.736642,14.916925,0.0,0.0,0.0,990.013333,66.150833
2025-05-24 04:00:00+10:00,0.0,0.0,580.560958,39.516667,0.0,0.0,0.0,1006.045833,45.7225
2025-05-24 05:00:00+10:00,0.0,0.0,563.4259,72.3675,0.0,0.0,0.0,998.875833,35.24
2025-05-24 06:00:00+10:00,0.0,0.0,541.850192,147.872167,0.0,0.07975,0.0,1000.676667,35.24
2025-05-24 07:00:00+10:00,0.0,0.0,534.733733,195.890942,0.009,0.0,0.0,1067.344167,35.24
2025-05-24 08:00:00+10:00,0.0,0.0,625.23985,178.485217,4.512,0.0,0.0,1156.015833,14.140833
2025-05-24 09:00:00+10:00,0.0,0.0,612.755575,187.541158,14.2005,0.0,0.0,1143.528333,11.2625
2025-05-24 10:00:00+10:00,0.0,0.0,565.015592,253.125042,25.5435,2.99325,0.0,1158.9225,11.25
2025-05-24 11:00:00+10:00,0.0,0.0,508.976025,303.3891,38.2,7.9885,0.0,1172.751667,11.249167
2025-05-24 12:00:00+10:00,0.0,0.0,421.828783,360.172492,37.758,7.324,0.0,1116.469167,11.249167
2025-05-24 13:00:00+10:00,0.0,-0.0875,370.461642,370.282175,58.191,6.883583,0.0,1075.0175,10.748333
2025-05-24 14:00:00+10:00,0.0,-0.166667,362.969442,364.868258,69.7635,6.318167,0.0,1077.3725,11.244167
2025-05-24 15:00:00+10:00,0.0,-0.255,368.25135,387.895975,51.12,12.107167,0.0,1078.8125,11.248333
2025-05-24 16:00:00+10:00,0.0,-0.434167,463.554892,395.6797,15.7315,4.876083,0.0,1154.231667,14.918333
2025-05-24 17:00:00+10:00,0.0,-0.36,591.206258,385.146917,0.606,10.168942,0.0,1241.2025,24.805
2025-05-24 18:00:00+10:00,0.0,-0.085833,545.314858,373.639408,0.0,7.306,0.0,1243.7025,55.02
2025-05-24 19:00:00+10:00,0.0,-0.083333,472.746633,379.900475,0.0,6.657,0.0,1202.641667,55.02
2025-05-24 20:00:00+10:00,0.0,-0.091667,468.88095,334.57555,0.0,1.614833,0.0,1182.2,51.723333
2025-05-24 21:00:00+10:00,0.0,-0.1725,467.588375,326.126233,0.0,6.066417,0.0,1148.854167,52.345
2025-05-24 22:00:00+10:00,0.0,-0.086667,359.413208,373.306425,0.0,3.900583,0.0,1092.2825,53.421667
2025-05-24 23:00:00+10:00,0.0,-0.261667,272.886067,439.047042,0.0,6.349083,0.0,1003.8375,53.648333
2025-05-25 00:00:00+10:00,0.0,0.0,232.559525,451.154783,0.0,6.979917,0.0,948.7725,52.385833
2025-05-25 01:00:00+10:00,0.0,-0.428333,246.762033,415.6049,0.0,6.779417,0.0,960.364167,54.163333
2025-05-25 02:00:00+10:00,0.0,-0.083333,226.451775,425.399817,0.0,7.144833,0.0,946.425,56.790833
2025-05-25 03:00:00+10:00,0.0,-0.345,231.664958,434.380017,0.0,4.892833,0.0,947.685833,85.018333
2025-05-25 04:00:00+10:00,0.0,-0.083333,282.01305,356.163642,0.0,4.4005,0.0,967.1225,101.471667
2025-05-25 05:00:00+10:00,0.0,0.0,328.650442,326.594933,0.0,4.38225,0.0,997.430833,100.24
2025-05-25 06:00:00+10:00,0.0,-0.0875,308.065925,370.20655,0.0,6.352083,0.0,1030.8325,100.233333
2025-05-25 07:00:00+10:00,0.0,0.0,424.89625,281.955725,0.024,7.31975,0.0,1109.815,100.24
2025-05-25 08:00:00+10:00,0.0,0.0,483.312017,278.3571,12.871,7.279167,0.0,1160.64,100.24
2025-05-25 09:00:00+10:00,0.0,0.0,507.473283,250.434742,47.628,2.44125,0.0,1161.975833,85.064167
2025-05-25 10:00:00+10:00,0.0,0.0,465.185483,239.838525,97.7655,2.116667,0.0,1112.593333,39.2025
2025-05-25 11:00:00+10:00,0.0,-0.096667,416.807925,246.467733,133.7865,0.041667,0.0,1076.2,20.788333
2025-05-25 12:00:00+10:00,0.0,-0.168333,390.368817,238.602367,127.783,0.0,0.0,1050.31,18.0625
2025-05-25 13:00:00+10:00,0.0,0.0,456.837575,176.473417,121.3535,0.0,0.0,1036.476667,28.923333
2025-05-25 14:00:00+10:00,0.0,-0.084167,522.9032,159.401042,104.5805,0.0,0.0,1046.081667,22.206667
2025-05-25 15:00:00+10:00,0.0,0.0,616.884042,102.831208,61.956,0.0,0.0,1107.8925,21.315833
2025-05-25 16:00:00+10:00,0.0,-0.2625,759.81455,78.789092,17.6915,0.0,0.0,1184.931667,38.523333
2025-05-25 17:00:00+10:00,0.0,-0.254167,856.607133,97.272775,0.479,0.0,0.0,1286.428333,106.834167
2025-05-25 18:00:00+10:00,0.0,-0.173333,858.542833,103.450875,0.0,0.0,0.0,1323.6375,127.110833
2025-05-25 19:00:00+10:00,0.0,-0.086667,833.995517,100.659742,0.0,0.0,0.0,1305.938333,63.173333
2025-05-25 20:00:00+10:00,0.0,-0.083333,787.240825,118.822283,0.0,0.0,0.0,1265.28,22.304167
2025-05-25 21:00:00+10:00,0.0,-0.264167,676.295775,171.868375,0.0,0.0,0.0,1176.875,27.27
2025-05-25 22:00:00+10:00,0.0,-0.341667,551.132083,229.522467,0.0,0.0,0.0,1116.036667,11.25
2025-05-25 23:00:00+10:00,0.0,-0.346667,423.534217,283.98355,0.0,0.0,0.0,1048.553333,11.25
2025-05-26 00:00:00+10:00,0.0,-0.084167,424.931167,252.388383,0.0,0.0,0.0,1032.105,11.25
2025-05-26 01:00:00+10:00,0.0,0.0,437.730767,219.167825,0.0,0.0,0.0,1013.109167,11.25
2025-05-26 02:00:00+10:00,0.0,0.0,386.517175,260.524158,0.0,0.0,0.0,1005.8675,11.25
2025-05-26 03:00:00+10:00,0.0,-0.084167,320.276867,338.690033,0.0,0.0,0.0,1003.194167,11.25
2025-05-26 04:00:00+10:00,0.0,-0.2625,308.47935,364.541708,0.0,0.0,0.0,1041.274167,11.25
2025-05-26 05:00:00+10:00,0.0,-0.088333,398.387975,335.968742,0.0,0.0,0.0,1099.833333,21.245833
2025-05-26 06:00:00+10:00,0.0,0.0,535.802125,334.194792,0.0,0.0,0.0,1179.7775,52.093333
2025-05-26 07:00:00+10:00,0.0,-0.1775,739.194458,353.757358,0.0065,0.0,0.0,1299.466667,94.08
2025-05-26 08:00:00+10:00,0.0,0.0,679.777633,347.382558,4.851,0.0,0.0,1338.696667,97.851667
2025-05-26 09:00:00+10:00,0.0,0.0,578.567075,364.741183,29.7545,0.0,0.0,1276.8475,65.0
2025-05-26 10:00:00+10:00,0.0,0.0,515.360342,394.7446,47.646,0.0,0.0,1229.305,26.85
2025-05-26 11:00:00+10:00,0.0,0.0,473.0498,397.440125,57.593,0.0,0.0,1204.7925,20.845833
2025-05-26 12:00:00+10:00,0.0,0.0,428.076633,378.60495,74.846,0.0,0.0,1128.024167,12.9225
2025-05-26 13:00:00+10:00,0.0,0.0,412.296683,342.53995,103.384,0.0,0.0,1111.416667,11.25
2025-05-26 14:00:00+10:00,0.0,0.0,422.010308,344.120692,85.356,0.0,0.0,1127.5875,11.25
2025-05-26 15:00:00+10:00,0.0,-0.084167,519.242758,284.818333,57.116,0.0,0.0,1147.261667,13.169167
2025-05-26 16:00:00+10:00,0.0,0.0,699.213442,183.873117,16.1595,0.0,0.0,1244.435833,122.475
2025-05-26 17:00:00+10:00,0.0,0.0,818.374758,154.944875,0.3905,0.0,0.0,1358.663333,118.594167
2025-05-26 18:00:00+10:00,0.0,0.0,886.955617,119.304708,0.0,0.0,0.0,1409.065,62.746667
2025-05-26 19:00:00+10:00,0.0,0.0,872.153583,112.451233,0.0,0.0,0.0,1347.055,45.67
2025-05-26 20:00:00+10:00,0.0,-0.083333,823.039167,97.065242,0.0,0.0,0.0,1310.290833,41.92
2025-05-26 21:00:00+10:00,0.0,0.0,825.0851,41.43525,0.0,0.0,0.0,1269.185833,58.09
2025-05-26 22:00:00+10:00,0.0,0.0,734.946767,49.73895,0.0,0.0,0.0,1187.706667,55.24
2025-05-26 23:00:00+10:00,0.0,0.0,628.836358,116.453183,0.0,0.166667,0.0,1143.634167,12.571667
2025-05-27 00:00:00+10:00,0.0,0.0,578.054,117.501667,0.0,0.0,0.0,1091.555833,17.140833
2025-05-27 01:00:00+10:00,0.0,-0.084167,616.124425,52.8672,0.0,0.0,0.0,1064.868333,30.9875
2025-05-27 02:00:00+10:00,0.0,0.0,645.274467,9.7072,0.0,0.0,0.0,1079.325833,27.569167
2025-05-27 03:00:00+10:00,0.0,0.0,641.395767,14.69905,0.0,0.0,0.0,1079.8075,11.25
2025-05-27 04:00:00+10:00,0.0,0.0,681.916692,7.600958,0.0,0.0,0.0,1102.265,11.25
2025-05-27 05:00:00+10:00,0.0,0.0,730.8053,1.46795,0.0,0.0,0.0,1158.698333,21.570833
2025-05-27 06:00:00+10:00,0.0,0.0,857.463025,3.319167,0.0,0.0,0.0,1272.385833,60.115
2025-05-27 07:00:00+10:00,0.0,0.0,981.632367,5.305617,0.002,0.0,0.0,1404.384167,93.971667
2025-05-27 08:00:00+10:00,0.0,0.0,989.5964,27.259842,7.734,0.0,0.0,1405.130833,73.106667
2025-05-27 09:00:00+10:00,0.0,0.0,919.975,56.157717,25.7765,0.0,0.0,1358.951667,35.335833
2025-05-27 10:00:00+10:00,0.0,0.0,833.808858,82.037725,45.8385,0.0,0.0,1284.975,31.241667
2025-05-27 11:00:00+10:00,0.0,0.0,694.385275,164.007467,79.884,0.0,0.0,1182.578333,4.2225
2025-05-27 12:00:00+10:00,0.0,0.0,543.116775,260.856258,108.556,0.0,0.0,1076.678333,38.3775
2025-05-27 13:00:00+10:00,0.0,-0.259167,501.953833,287.606267,125.1505,0.0,0.0,1058.345,39.474167
2025-05-27 14:00:00+10:00,0.0,-0.089167,448.9609,332.909992,74.0765,0.0,0.0,1066.460833,74.99
2025-05-27 15:00:00+10:00,0.0,0.0,486.153558,342.293225,45.138,0.0,0.0,1125.631667,61.240833
2025-05-27 16:00:00+10:00,0.0,0.0,559.517567,365.785533,13.718,0.0,0.0,1195.720833,83.740833
2025-05-27 17:00:00+10:00,0.0,0.0,623.930633,387.676483,0.442,0.0,0.0,1308.039167,128.8375
2025-05-27 18:00:00+10:00,0.0,-0.086667,699.090833,391.94595,0.0,0.0,0.0,1327.9825,146.790833
2025-05-27 19:00:00+10:00,0.0,0.0,747.586242,421.205808,0.0,0.0,0.0,1307.0975,117.741667
2025-05-27 20:00:00+10:00,0.0,-0.17,713.314883,425.870742,0.0,0.0,0.0,1263.575833,108.736667
2025-05-27 21:00:00+10:00,0.0,0.0,437.79205,437.154925,0.0,0.0,0.0,1194.188333,98.631667
2025-05-27 22:00:00+10:00,0.0,0.0,366.850758,425.237133,0.0,0.0,0.0,1119.79,88.494167
2025-05-27 23:00:00+10:00,0.0,-0.173333,372.109525,348.276233,0.0,0.0,0.0,1050.153333,100.24
2025-05-28 00:00:00+10:00,0.0,-0.1725,314.259967,394.082733,0.0,0.0,0.0,1012.235833,38.436667
2025-05-28 01:00:00+10:00,0.0,-0.2625,310.060367,399.893892,0.0,0.0,0.0,999.6575,33.014167
2025-05-28 02:00:00+10:00,0.0,-0.265833,324.846975,352.2654,0.0,0.0,0.0,992.570833,35.186667
2025-05-28 03:00:00+10:00,0.0,-0.430833,323.255208,352.908908,0.0,0.0,0.0,990.256667,35.02
2025-05-28 04:00:00+10:00,0.0,-0.890833,326.155525,354.225342,0.0,0.0,0.0,968.5475,41.783333
2025-05-28 05:00:00+10:00,0.0,-0.88,383.488758,370.429208,0.0,0.0,0.0,1014.061667,34.4625
2025-05-28 06:00:00+10:00,0.0,-0.175,489.891567,401.60695,0.0,0.0,0.0,1127.703333,71.068333
2025-05-28 07:00:00+10:00,0.0,0.0,634.243408,343.298033,0.0055,0.0,0.0,1259.893333,139.450833
2025-05-28 08:00:00+10:00,0.0,-0.09,668.865558,318.363342,7.9775,0.0,0.0,1274.8075,146.180833
2025-05-28 09:00:00+10:00,0.0,0.0,585.055842,303.897742,43.654,0.0,0.0,1171.253333,121.2025
2025-05-28 10:00:00+10:00,0.0,0.0,458.588692,279.5828,84.0035,0.0,0.0,1051.811667,77.195833
2025-05-28 11:00:00+10:00,0.0,-0.505833,427.960208,239.154708,114.144,0.0,0.0,962.503333,38.498333
2025-05-28 12:00:00+10:00,0.0,-0.340833,382.321825,251.059667,130.8515,0.0,0.0,938.033333,32.855833
2025-05-28 13:00:00+10:00,0.0,0.0,380.783433,249.862608,121.245,0.0,0.0,936.490833,35.093333
2025-05-28 14:00:00+10:00,0.0,0.0,410.59955,241.570133,102.584,0.0,0.0,964.568333,66.278333
2025-05-28 15:00:00+10:00,0.0,0.275483,577.5345,219.7593,69.8525,0.0,0.0,1016.266667,137.370833
2025-05-28 16:00:00+10:00,0.0,51.811133,835.385583,240.210408,19.5265,0.0,0.0,1105.191667,152.456667
2025-05-28 17:00:00+10:00,0.0,57.507383,1333.362125,240.499792,0.5365,0.0,0.0,1206.385,150.114167
2025-05-28 18:00:00+10:00,0.0,56.793458,1263.085,268.830308,0.0,0.0,0.0,1261.014167,126.1625
2025-05-28 19:00:00+10:00,0.0,57.067975,1257.641592,226.163067,0.0,0.0,0.0,1309.329167,127.76
2025-05-28 20:00:00+10:00,0.0,57.047333,1125.472667,159.552442,0.0,0.0,0.0,1274.486667,122.194167
2025-05-28 21:00:00+10:00,0.0,57.444858,782.507475,180.775683,0.0,0.0,0.0,1207.1825,135.934167
2025-05-28 22:00:00+10:00,0.0,57.868883,549.753842,184.945617,0.0,0.0,0.0,1135.579167,145.028333
2025-05-28 23:00:00+10:00,0.0,10.879242,564.404133,141.51865,0.0,0.0,0.0,1072.095833,129.406667
2025-05-29 00:00:00+10:00,0.0,-0.17,547.943692,171.952933,0.0,0.0,0.0,1045.003333,92.385833
2025-05-29 01:00:00+10:00,0.0,-0.0875,551.049867,140.926417,0.0,0.0,0.0,1026.208333,98.355
2025-05-29 02:00:00+10:00,0.0,-0.524167,570.806367,128.383367,0.0,0.0,0.0,1019.854167,94.161667
2025-05-29 03:00:00+10:00,0.0,-0.344167,517.83885,166.955767,0.0,0.0,0.0,1021.816667,96.208333
2025-05-29 04:00:00+10:00,0.0,-0.255833,579.367808,121.956983,0.0,0.0,0.0,1055.6875,104.406667
2025-05-29 05:00:00+10:00,0.0,0.0,627.950008,141.237142,0.0,0.0,0.0,1113.195833,100.24
2025-05-29 06:00:00+10:00,0.0,-0.3625,703.358583,189.018758,0.0,0.0,0.0,1243.1975,126.0625
2025-05-29 07:00:00+10:00,0.0,-1.3075,1066.940408,164.712942,0.004,0.0,0.0,1392.1175,153.511667
2025-05-29 08:00:00+10:00,0.0,-1.285,1140.1836,140.126225,10.6895,0.0,0.0,1398.840833,150.979167
2025-05-29 09:00:00+10:00,0.0,-1.245,870.41425,193.756758,52.3015,0.0,0.0,1282.144167,144.21
2025-05-29 10:00:00+10:00,0.0,-0.19,617.3096,178.976058,94.6965,0.0,0.0,1184.540833,137.584167
2025-05-29 11:00:00+10:00,0.0,0.0,514.824742,187.178033,124.6555,0.0,0.0,1085.703333,99.079167
2025-05-29 12:00:00+10:00,0.0,0.0,481.851433,187.812833,134.198,0.0,0.0,1059.481667,103.6425
2025-05-29 13:00:00+10:00,0.0,0.0,496.776717,195.565108,106.237,0.0,0.0,1068.689167,99.698333
2025-05-29 14:00:00+10:00,0.0,0.0,498.783125,233.032767,95.9885,0.0,0.0,1088.109167,77.2125
2025-05-29 15:00:00+10:00,0.0,0.0,502.343,270.225292,57.0965,0.0,0.0,1115.11,28.409167
2025-05-29 16:00:00+10:00,0.0,25.302375,716.489217,285.003233,16.538,0.0,0.0,1191.264167,128.03
2025-05-29 17:00:00+10:00,0.0,57.408158,1306.16285,255.655667,0.5595,0.0,0.0,1336.463333,162.015833
2025-05-29 18:00:00+10:00,0.0,57.839592,1415.434125,237.861608,0.0,0.0,0.0,1355.178333,157.0075
2025-05-29 19:00:00+10:00,0.0,57.854225,1243.5977,243.621792,0.0,0.0,0.0,1348.096667,140.299167
2025-05-29 20:00:00+10:00,0.0,57.860742,1122.38435,229.053092,0.0,0.0,0.0,1295.445833,120.568333
2025-05-29 21:00:00+10:00,0.0,57.850967,693.35065,218.2419,0.0,0.0,0.0,1224.54,121.899167
2025-05-29 22:00:00+10:00,0.0,57.850958,512.270983,223.086483,0.0,0.0,0.0,1147.926667,142.275
2025-05-29 23:00:00+10:00,0.0,57.836317,448.064642,232.076008,0.0,0.0,0.0,1078.0175,128.831667
2025-05-30 00:00:00+10:00,0.0,57.888408,405.36385,230.697183,0.0,0.0,0.0,1030.871667,111.065
2025-05-30 01:00:00+10:00,0.0,57.873767,377.237233,225.897867,0.0,0.0,0.0,1020.521667,146.055
2025-05-30 02:00:00+10:00,0.0,57.872125,360.098283,237.215442,0.0,0.0,0.0,1006.855833,133.666667
2025-05-30 03:00:00+10:00,0.0,57.837942,309.616575,286.796892,0.0,0.0,0.0,997.4775,107.243333
2025-05-30 04:00:00+10:00,0.0,57.875392,305.126708,318.265058,0.0,0.0,0.0,1018.765833,118.353333
2025-05-30 05:00:00+10:00,0.0,57.824917,386.206967,293.13815,0.0,0.0,0.0,1081.605,138.463333
2025-05-30 06:00:00+10:00,0.0,57.864,507.7102,294.637017,0.0,0.0,0.0,1154.225833,140.250833
2025-05-30 07:00:00+10:00,0.0,57.829808,969.360375,230.021617,0.0,0.0,0.0,1270.085833,143.613333
2025-05-30 08:00:00+10:00,0.0,57.831442,875.890592,213.74685,8.642,0.0,0.0,1335.260833,142.338333
2025-05-30 09:00:00+10:00,0.0,57.829817,647.424375,232.531608,48.9335,0.0,0.0,1243.416667,142.780833
2025-05-30 10:00:00+10:00,0.0,57.8591,527.787292,200.901992,94.9265,0.0,0.0,1150.73,131.715
2025-05-30 11:00:00+10:00,0.0,57.841217,433.112408,201.349725,121.277,0.0,0.0,1060.1675,121.76
2025-05-30 12:00:00+10:00,0.0,57.613275,392.497508,191.372567,134.3145,0.0,0.0,1026.903333,120.025
2025-05-30 13:00:00+10:00,0.0,57.316992,412.89635,176.55935,131.498,0.0,0.0,1021.440833,120.065
2025-05-30 14:00:00+10:00,0.0,57.022342,437.161333,170.597,112.9645,0.0,0.0,1010.4025,121.855
2025-05-30 15:00:00+10:00,0.0,57.040233,526.661617,147.672542,69.84,0.0,0.0,1076.299167,145.789167
2025-05-30 16:00:00+10:00,0.0,57.50095,1003.322817,142.7683,18.653,0.0,0.0,1121.826667,150.160833
2025-05-30 17:00:00+10:00,0.0,57.860725,1615.766225,148.40055,0.4145,0.0,0.0,1224.3825,159.466667
2025-05-30 18:00:00+10:00,0.0,57.875392,1495.926417,146.1199,0.0,0.0,0.0,1241.8875,148.188333
2025-05-30 19:00:00+10:00,0.0,57.846092,1301.031642,114.149175,0.0,0.0,0.0,1215.886667,144.135
2025-05-30 20:00:00+10:00,0.0,57.855867,1339.685058,97.715042,0.0,0.0,0.0,1203.755833,146.895
2025-05-30 21:00:00+10:00,0.0,57.88355,1150.0077,68.496825,0.0,0.0,0.0,1212.9625,140.461667
2025-05-30 22:00:00+10:00,0.0,57.8575,1136.847275,53.011792,0.0,0.0,0.0,1213.360833,146.446667
2025-05-30 23:00:00+10:00,0.0,57.870492,676.014808,66.450325,0.0,0.0,0.0,1161.384167,145.760833
2025-05-31 00:00:00+10:00,0.0,57.877033,560.722267,63.764367,0.0,0.0,0.0,1104.543333,145.135
2025-05-31 01:00:00+10:00,0.0,57.83795,551.1027,51.178642,0.0,0.0,0.0,1076.888333,140.038333
2025-05-31 02:00:00+10:00,0.0,57.8754,545.225258,43.354967,0.0,0.0,0.0,1084.011667,140.041667
2025-05-31 03:00:00+10:00,0.0,57.864,558.614975,43.630225,0.0,0.0,0.0,1081.306667,142.593333
2025-05-31 04:00:00+10:00,0.0,57.862383,549.104075,57.621208,0.0,0.0,0.0,1079.160833,151.565833
2025-05-31 05:00:00+10:00,0.0,57.868875,609.470567,51.54815,0.0,0.0,0.0,1103.339167,152.961667
2025-05-31 06:00:00+10:00,0.0,57.86075,935.946733,45.589133,0.0,0.0,0.0,1177.04,155.063333
2025-05-31 07:00:00+10:00,0.0,57.896558,1289.554558,47.784742,0.0,0.0,0.0,1223.781667,134.693333
2025-05-31 08:00:00+10:00,0.0,57.844458,1033.887992,37.190542,12.6615,0.0,0.0,1281.470833,142.664167
2025-05-31 09:00:00+10:00,0.0,57.824917,793.634175,33.981667,48.274,0.0,0.0,1279.593333,142.738333
2025-05-31 10:00:00+10:00,0.0,57.865625,740.290492,22.10245,80.766,0.0,0.0,1227.664167,120.23
2025-05-31 11:00:00+10:00,0.0,11.03295,737.331525,9.10205,105.4485,0.0,0.0,1163.470833,120.23
2025-05-31 12:00:00+10:00,0.0,0.0,653.672208,23.048283,112.045,0.0,0.0,1101.708333,120.23
2025-05-31 13:00:00+10:00,0.0,0.0,622.859183,23.490075,124.582,0.0,0.0,1076.524167,120.23
2025-05-31 14:00:00+10:00,0.0,0.0,625.125683,27.272867,105.396,0.0,0.0,1093.331667,120.23
2025-05-31 15:00:00+10:00,0.0,2.668292,691.410075,16.793425,65.7325,0.0,0.0,1143.379167,128.791667
2025-05-31 16:00:00+10:00,0.0,53.09885,1146.061192,20.783908,19.0365,0.0,0.0,1262.365,150.951667
2025-05-31 17:00:00+10:00,0.0,57.873775,1806.271642,12.243267,0.5005,0.0,0.0,1371.551667,199.865833
2025-05-31 18:00:00+10:00,0.0,57.8868,1785.3336,8.789167,0.0,0.0,0.0,1375.840833,162.431667
2025-05-31 19:00:00+10:00,0.0,57.873767,1626.140583,14.029267,0.0,0.0,0.0,1340.536667,148.694167
2025-05-31 20:00:00+10:00,0.0,57.855867,1645.594817,15.450967,0.0,0.0,0.0,1314.0975,157.1125
2025-05-31 21:00:00+10:00,0.0,57.8754,1470.132975,20.187525,0.0,0.0,0.0,1262.41,146.698333
2025-05-31 22:00:00+10:00,0.0,57.826558,1303.753225,19.0383,0.0,0.0,0.0,1257.319167,141.333333
2025-05-31 23:00:00+10:00,0.0,57.833083,1017.360658,29.430325,0.0,0.0,0.0,1202.06,140.151667
2025-06-01 00:00:00+10:00,0.0,57.847733,818.7304,38.73555,0.0,0.0,0.0,1163.030833,146.391667
2025-06-01 01:00:00+10:00,0.0,11.26575,671.997975,47.286425,0.0,0.0,0.0,1143.288333,146.328333
2025-06-01 02:00:00+10:00,0.0,0.0,598.45825,77.208442,0.0,0.0,0.0,1132.08,122.730833
2025-06-01 03:00:00+10:00,0.0,0.0,565.467067,114.998133,0.0,0.0,0.0,1125.438333,115.305
2025-06-01 04:00:00+10:00,0.0,0.0,562.13815,101.785358,0.0,0.0,0.0,1115.835,126.890833
2025-06-01 05:00:00+10:00,0.0,0.0,542.017492,147.8273,0.0,0.0,0.0,1132.655,120.28
2025-06-01 06:00:00+10:00,0.0,0.0,526.837092,189.9673,0.0,0.0,0.0,1146.529167,119.946667
2025-06-01 07:00:00+10:00,0.0,0.0,546.397583,220.312608,0.0,0.0,0.0,1206.289167,136.02
2025-06-01 08:00:00+10:00,0.0,0.0,601.812258,230.930075,7.2835,0.0,0.0,1268.25,97.74
2025-06-01 09:00:00+10:00,0.0,0.0,628.067083,234.063317,38.2775,0.0,0.0,1275.951667,80.24
2025-06-01 10:00:00+10:00,0.0,0.0,580.418217,245.610475,65.051,0.0,0.0,1240.031667,46.906667
2025-06-01 11:00:00+10:00,0.0,0.0,526.502325,261.365808,78.0055,0.0,0.0,1215.394167,16.051667
2025-06-01 12:00:00+10:00,0.0,0.0,516.2005,244.792983,79.541,0.0,0.0,1187.388333,11.209167
2025-06-01 13:00:00+10:00,0.0,0.0,535.423667,209.104442,90.9235,0.0,0.0,1164.408333,28.446667
2025-06-01 14:00:00+10:00,0.0,0.0,563.036858,187.116567,78.3105,0.0,0.0,1169.468333,45.615
2025-06-01 15:00:00+10:00,0.0,0.0,590.434683,215.121,59.3185,0.0,0.0,1200.541667,82.0975
2025-06-01 16:00:00+10:00,0.0,0.0,872.337283,235.865325,17.011,0.0,0.0,1293.241667,149.475
2025-06-01 17:00:00+10:00,0.0,2.572242,1289.916333,264.299875,0.451,0.0,0.0,1392.688333,143.388333
2025-06-01 18:00:00+10:00,0.0,51.107808,1428.326992,257.138708,0.0,0.0,0.0,1413.311667,146.570833
2025-06-01 19:00:00+10:00,0.0,57.880258,1325.87735,213.403817,0.0,0.0,0.0,1380.975,151.336667
2025-06-01 20:00:00+10:00,0.0,57.868883,834.7362,220.277133,0.0,0.0,0.0,1326.279167,133.824167
2025-06-01 21:00:00+10:00,0.0,40.2002,582.220167,230.888908,0.0,0.0,0.0,1258.040833,143.018333
2025-06-01 22:00:00+10:00,0.0,0.0,511.063117,245.489375,0.0,0.0,0.0,1181.211667,135.755833
2025-06-01 23:00:00+10:00,0.0,0.0,428.973183,283.79365,0.0,0.0,0.0,1083.4175,82.230833
2025-06-02 00:00:00+10:00,0.0,0.0,315.579008,309.873575,0.0,0.0,0.0,1006.533333,90.193333
2025-06-02 01:00:00+10:00,0.0,0.0,291.082075,327.811308,0.0,0.0,0.0,968.435,87.1925
2025-06-02 02:00:00+10:00,0.0,0.0,270.569633,336.649583,0.0,0.0,0.0,963.82,86.854167
2025-06-02 03:00:00+10:00,0.0,0.0,330.332333,288.979233,0.0,0.0,0.0,1004.005,83.455833
2025-06-02 04:00:00+10:00,0.0,0.0,368.7616,311.309125,0.0,0.0,0.0,1058.200833,83.758333
2025-06-02 05:00:00+10:00,0.0,0.0,402.089358,329.274775,0.0,0.0,0.0,1108.931667,135.438333
2025-06-02 06:00:00+10:00,0.0,0.0,911.885525,334.007675,0.0,0.0,0.0,1233.495833,142.655833
2025-06-02 07:00:00+10:00,0.0,26.806658,1291.896192,332.682508,0.0,0.0,0.0,1386.018333,158.839167
2025-06-02 08:00:00+10:00,0.0,57.867267,1387.253717,324.672442,5.4135,0.0,0.0,1422.315,159.939167
2025-06-02 09:00:00+10:00,0.0,40.294608,955.533358,307.308225,36.3515,0.0,0.0,1333.681667,121.730833
2025-06-02 10:00:00+10:00,0.0,0.0,818.618592,297.501467,65.964,0.0,0.0,1238.84,157.165833
2025-06-02 11:00:00+10:00,0.0,0.0,502.558275,321.372475,82.213,0.0,0.0,1173.000833,129.694167
2025-06-02 12:00:00+10:00,0.0,0.0,424.788283,361.35255,68.2165,0.0,0.0,1167.045,115.744167
2025-06-02 13:00:00+10:00,0.0,0.0,405.117683,378.80195,54.2795,0.0,0.0,1156.96,120.031667
2025-06-02 14:00:00+10:00,0.0,2.879933,477.31295,370.60535,45.692,0.0,0.0,1179.023333,129.928333
2025-06-02 15:00:00+10:00,0.0,52.4688,906.242367,306.0909,26.3155,0.0,0.0,1223.433333,148.948333
2025-06-02 16:00:00+10:00,0.0,57.137917,1394.763558,210.7972,7.8505,0.0,0.0,1288.813333,148.5675
2025-06-02 17:00:00+10:00,0.0,57.118383,1708.728667,186.141858,0.149,0.0,0.0,1371.599167,162.745833
2025-06-02 18:00:00+10:00,0.0,57.022342,1639.914258,133.4174,0.0,0.0,0.0,1391.34,143.769167
2025-06-02 19:00:00+10:00,0.0,57.038617,1488.299117,204.584667,0.0,0.0,0.0,1338.36,138.666667
2025-06-02 20:00:00+10:00,0.0,57.256767,1290.527917,205.497725,0.0,0.0,0.0,1302.165833,144.390833
2025-06-02 21:00:00+10:00,0.0,57.614917,1064.827192,249.526583,0.0,0.0,0.0,1205.628333,129.398333
2025-06-02 22:00:00+10:00,0.0,10.949925,555.790042,264.864408,0.0,0.0,0.0,1087.420833,122.0475
2025-06-02 23:00:00+10:00,0.0,0.0,464.686592,220.430825,0.0,0.0,0.0,1025.164167,136.684167
2025-06-03 00:00:00+10:00,0.0,0.0,410.532933,214.981783,0.0,0.0,0.0,958.39,140.113333
2025-06-03 01:00:00+10:00,0.0,0.0,381.700067,213.07905,0.0,0.0,0.0,932.309167,147.721667
2025-06-03 02:00:00+10:00,0.0,0.0,371.740483,227.146533,0.0,0.0,0.0,927.64,132.8175
2025-06-03 03:00:00+10:00,0.0,0.0,404.392292,186.909008,0.0,0.0,0.0,900.819167,135.713333
2025-06-03 04:00:00+10:00,0.0,0.0,440.626175,169.431125,0.0,0.0,0.0,919.6225,150.238333
2025-06-03 05:00:00+10:00,0.0,0.0,453.389125,221.898625,0.0,0.0,0.0,986.091667,130.280833
2025-06-03 06:00:00+10:00,0.0,0.0,680.5041,230.841708,0.0,0.0,0.0,1112.979167,143.733333
2025-06-03 07:00:00+10:00,0.0,48.330442,1349.90075,229.09225,0.0,0.0,0.0,1252.735,192.745833
2025-06-03 08:00:00+10:00,0.0,57.865633,1284.381767,221.342258,6.247,0.0,0.0,1306.914167,151.886667
2025-06-03 09:00:00+10:00,0.0,11.312967,748.758725,164.514892,39.0345,0.0,0.0,1199.288333,149.473333
2025-06-03 10:00:00+10:00,0.0,0.0,571.45585,187.817667,82.682,0.0,0.0,1094.461667,118.585833
2025-06-03 11:00:00+10:00,0.0,0.0,535.584858,152.603425,113.296,0.0,0.0,1013.094167,97.004167
2025-06-03 12:00:00+10:00,0.0,0.0,549.950342,92.2595,131.3785,0.0,0.0,983.861667,76.9525
2025-06-03 13:00:00+10:00,0.0,0.0,534.588908,111.103008,131.556,0.0,0.0,962.745833,67.16
2025-06-03 14:00:00+10:00,0.0,0.0,565.684592,108.500492,105.9085,0.0,0.0,1011.561667,76.969167
2025-06-03 15:00:00+10:00,0.0,0.0,631.516492,105.483308,65.365,0.0,0.0,1059.165,96.070833
2025-06-03 16:00:00+10:00,0.0,26.8571,956.960692,110.728667,17.6715,0.0,0.0,1159.541667,154.665
2025-06-03 17:00:00+10:00,0.0,57.855867,1520.376358,106.77155,0.361,0.0,0.0,1344.480833,169.466667
2025-06-03 18:00:00+10:00,0.0,57.877025,1592.574825,109.91995,0.0,0.0,0.0,1401.369167,165.135
2025-06-03 19:00:00+10:00,0.0,57.87865,1401.961467,132.351783,0.0,0.0,0.0,1399.866667,141.091667
2025-06-03 20:00:00+10:00,0.0,57.862375,1167.429033,130.504358,0.0,0.0,0.0,1400.0875,143.365833
2025-06-03 21:00:00+10:00,0.0,57.883533,929.35395,120.011433,0.0,0.0,0.0,1341.026667,142.3
2025-06-03 22:00:00+10:00,0.0,57.847725,630.380858,146.415217,0.0,0.0,0.0,1240.836667,150.21
2025-06-03 23:00:00+10:00,0.0,11.05575,587.580767,175.23885,0.0,0.0,0.0,1170.2175,148.544167
2025-06-04 00:00:00+10:00,0.0,0.0,564.5514,163.79735,0.0,0.0,0.0,1129.4375,122.881667
2025-06-04 01:00:00+10:00,0.0,0.0,588.8512,115.4709,0.0,0.0,0.0,1136.118333,125.19
2025-06-04 02:00:00+10:00,0.0,0.0,578.944675,118.150067,0.0,0.0,0.0,1129.108333,125.210833
2025-06-04 03:00:00+10:00,0.0,0.0,595.813358,104.631208,0.0,0.0,0.0,1125.180833,120.23
2025-06-04 04:00:00+10:00,0.0,0.0,646.925292,93.30805,0.0,0.0,0.0,1176.2525,126.87
2025-06-04 05:00:00+10:00,0.0,0.0,715.1337,82.44495,0.0,0.0,0.0,1236.34,120.23
2025-06-04 06:00:00+10:00,0.0,26.363825,880.700833,90.115108,0.0,0.0,0.0,1373.115833,145.798333
2025-06-04 07:00:00+10:00,0.0,57.867258,1348.481625,140.305425,0.0,0.0,0.0,1523.54,152.955833
2025-06-04 08:00:00+10:00,0.0,57.903058,1349.549475,140.118792,7.1675,0.0,0.0,1550.415833,165.770833
2025-06-04 09:00:00+10:00,0.0,57.850975,902.187567,120.855667,41.3375,0.0,0.0,1465.255833,149.395
2025-06-04 10:00:00+10:00,0.0,11.029692,818.505975,123.304408,76.2725,0.0,0.0,1367.695,157.678333
2025-06-04 11:00:00+10:00,0.0,0.0,730.024083,113.897017,114.2505,0.0,0.0,1266.34,128.5525
2025-06-04 12:00:00+10:00,0.0,0.0,698.269442,103.471325,116.256,0.0,0.0,1230.27,120.23
2025-06-04 13:00:00+10:00,0.0,0.0,716.148867,96.393533,100.7715,0.0,0.0,1231.4625,147.739167
2025-06-04 14:00:00+10:00,0.0,0.0,728.01055,110.550217,80.743,0.0,0.0,1255.901667,155.499167
2025-06-04 15:00:00+10:00,0.0,0.0,895.857592,147.307433,47.511,0.0,0.0,1262.934167,169.149167
2025-06-04 16:00:00+10:00,0.0,27.319375,1406.60395,156.334492,14.0605,0.0,0.0,1292.485833,198.5575
2025-06-04 17:00:00+10:00,0.0,57.526575,1741.298617,187.690042,0.3065,0.0,0.0,1400.9875,256.9175
2025-06-04 18:00:00+10:00,0.0,57.1891,1742.621067,189.405217,0.0,0.0,0.0,1407.0125,218.454167
2025-06-04 19:00:00+10:00,0.0,56.798525,1763.2732,203.257317,0.0,0.0,0.0,1401.279167,205.044167
2025-06-04 20:00:00+10:00,0.0,57.437775,1630.878183,191.27915,0.0,0.0,0.0,1359.461667,158.095833
2025-06-04 21:00:00+10:00,0.0,56.880442,1399.243508,139.561908,0.0,0.0,0.0,1303.139167,133.110833
2025-06-04 22:00:00+10:00,0.0,57.226367,1092.5229,110.041625,0.0,0.0,0.0,1200.744167,137.335833
2025-06-04 23:00:00+10:00,0.0,10.890517,761.311383,65.894875,0.0,0.0,0.0,1130.104167,143.588333
2025-06-05 00:00:00+10:00,0.0,0.0,655.968275,37.407942,0.0,0.0,0.0,1096.7275,150.24
2025-06-05 01:00:00+10:00,0.0,0.0,655.078808,39.101558,0.0,0.0,0.0,1104.6925,150.24
2025-06-05 02:00:00+10:00,0.0,0.0,642.262308,48.664642,0.0,0.0,0.0,1112.253333,150.24
2025-06-05 03:00:00+10:00,0.0,0.0,643.712733,48.706683,0.0,0.0,0.0,1113.275833,150.24
2025-06-05 04:00:00+10:00,0.0,-0.2525,679.077142,25.7725,0.0,0.0,0.0,1129.280833,150.24
2025-06-05 05:00:00+10:00,0.0,0.0,737.098683,27.413658,0.0,0.0,0.0,1191.2175,150.156667
2025-06-05 06:00:00+10:00,0.0,25.404075,1287.882033,6.435925,0.0,0.0,0.0,1333.2175,184.059167
2025-06-05 07:00:00+10:00,0.0,80.602142,1734.634308,4.429742,0.0,0.0,0.0,1477.6475,257.065833
2025-06-05 08:00:00+10:00,0.0,100.399875,1591.786925,10.166492,8.24,0.0,0.0,1501.685,154.890833
2025-06-05 09:00:00+10:00,0.0,48.269975,1110.782083,7.516983,47.139,0.0,0.0,1406.379167,155.211667
2025-06-05 10:00:00+10:00,0.0,0.0,884.927858,4.784208,91.7405,0.0,0.0,1305.66,157.776667
2025-06-05 11:00:00+10:00,0.0,0.0,786.515458,8.764367,123.406,0.0,0.0,1221.608333,156.1
2025-06-05 12:00:00+10:00,0.0,0.0,760.257275,3.148975,139.5345,0.0,0.0,1191.33,150.266667
2025-06-05 13:00:00+10:00,0.0,0.0,751.820583,-0.21,117.623,0.0,0.0,1179.965,132.763333
2025-06-05 14:00:00+10:00,0.0,0.0,776.405833,-0.486667,93.796,0.0,0.0,1211.0575,116.935
2025-06-05 15:00:00+10:00,0.0,0.0,833.91085,-0.508333,46.5275,0.0,0.0,1199.825833,136.908333
2025-06-05 16:00:00+10:00,0.0,26.764325,1368.288483,2.046667,13.577,0.0,0.0,1335.866667,156.658333
2025-06-05 17:00:00+10:00,0.0,57.867258,1732.924167,8.048333,0.1305,0.0,0.0,1467.371667,168.550833
2025-06-05 18:00:00+10:00,0.0,57.896558,1628.634817,7.997758,0.0,0.0,0.0,1477.3475,150.421667
2025-06-05 19:00:00+10:00,0.0,57.854233,1559.256917,34.386533,0.0,0.0,0.0,1458.886667,152.713333
2025-06-05 20:00:00+10:00,0.0,57.890042,1337.665508,43.50405,0.0,0.0,0.0,1423.849167,157.259167
2025-06-05 21:00:00+10:00,0.0,40.297875,985.610192,79.4399,0.0,0.0,0.0,1362.248333,150.166667
2025-06-05 22:00:00+10:00,0.0,0.0,763.853033,111.116258,0.0,0.0,0.0,1272.548333,121.9375
2025-06-05 23:00:00+10:00,0.0,0.0,720.977658,84.201317,0.0,0.0,0.0,1202.17,74.034167
2025-06-06 00:00:00+10:00,0.0,0.0,622.309717,124.60695,0.0,0.0,0.0,1154.643333,64.68
2025-06-06 01:00:00+10:00,0.0,0.0,555.293317,151.957983,0.0,0.0,0.0,1120.243333,80.24
2025-06-06 02:00:00+10:00,0.0,0.0,507.969175,193.006325,0.0,0.0,0.0,1086.744167,80.24
2025-06-06 03:00:00+10:00,0.0,0.0,493.092508,203.414867,0.0,0.0,0.0,1096.416667,80.24
2025-06-06 04:00:00+10:00,0.0,0.0,508.060958,213.050883,0.0,0.0,0.0,1099.981667,17.229167
2025-06-06 05:00:00+10:00,0.0,0.0,534.133858,228.827792,0.0,0.0,0.0,1140.376667,41.16
2025-06-06 06:00:00+10:00,0.0,0.0,679.738992,240.54985,0.0,0.0,0.0,1276.88,74.180833
2025-06-06 07:00:00+10:00,0.0,0.0,826.052375,251.998992,0.0,0.0,0.0,1410.9625,143.104167
2025-06-06 08:00:00+10:00,0.0,0.0,842.069233,237.770925,3.777,0.0,0.0,1470.370833,143.568333
2025-06-06 09:00:00+10:00,0.0,0.0,809.658475,285.909483,19.5485,0.0,0.0,1460.946667,126.795833
2025-06-06 10:00:00+10:00,0.0,0.0,700.476358,346.948083,32.9005,0.0,0.0,1401.411667,107.505833
2025-06-06 11:00:00+10:00,0.0,0.0,588.918825,355.46355,51.188,0.0,0.0,1284.993333,120.23
2025-06-06 12:00:00+10:00,0.0,0.0,551.540917,320.749175,70.7985,0.0,0.0,1209.373333,132.750833
2025-06-06 13:00:00+10:00,0.0,0.0,568.178792,301.560358,61.1275,0.0,0.0,1208.445,150.28
2025-06-06 14:00:00+10:00,0.0,0.0,531.44655,320.068417,51.652,0.0,0.0,1187.549167,150.28
2025-06-06 15:00:00+10:00,0.0,0.0,524.243783,323.5298,42.8645,0.0,0.0,1197.363333,150.28
2025-06-06 16:00:00+10:00,0.0,0.0,677.832492,333.437417,13.573,0.0,0.0,1251.45,160.435
2025-06-06 17:00:00+10:00,0.0,0.0,841.105775,341.641792,0.176,0.0,0.0,1319.354167,141.5
2025-06-06 18:00:00+10:00,0.0,0.0,643.999217,350.795183,0.0,0.0,0.0,1307.808333,151.973333
2025-06-06 19:00:00+10:00,0.0,0.0,650.222683,368.922833,0.0,0.0,0.0,1265.955833,157.906667
2025-06-06 20:00:00+10:00,0.0,0.0,646.705742,364.321133,0.0,0.0,0.0,1239.0,152.145833
2025-06-06 21:00:00+10:00,0.0,0.0,473.80335,466.248525,0.0,0.4765,0.0,1216.9375,117.604167
2025-06-06 22:00:00+10:00,0.0,0.0,378.210583,460.806517,0.0,0.05975,0.0,1175.604167,67.0725
2025-06-06 23:00:00+10:00,0.0,0.0,369.289392,399.953192,0.0,0.0,0.0,1102.7475,99.575833
2025-06-07 00:00:00+10:00,0.0,0.0,324.752283,407.7919,0.0,0.0,0.0,1061.301667,95.67
2025-06-07 01:00:00+10:00,0.0,0.0,293.182183,388.896975,0.0,0.0,0.0,1054.238333,95.3175
2025-06-07 02:00:00+10:00,0.0,0.0,270.925317,413.925083,0.0,1.276333,0.0,1055.76,53.689167
2025-06-07 03:00:00+10:00,0.0,0.0,240.406,437.0286,0.0,0.168083,0.0,1050.6875,47.305833
2025-06-07 04:00:00+10:00,0.0,0.0,272.078633,398.585608,0.0,0.0,0.0,1041.1675,15.249167
2025-06-07 05:00:00+10:00,0.0,0.0,386.8739,298.949358,0.0,0.0,0.0,1068.5175,15.335833
2025-06-07 06:00:00+10:00,0.0,0.0,462.406067,267.857417,0.0,0.0,0.0,1126.643333,46.759167
2025-06-07 07:00:00+10:00,0.0,0.0,543.870033,244.826767,0.0,0.0,0.0,1222.551667,75.253333
2025-06-07 08:00:00+10:00,0.0,0.0,635.44835,227.153525,3.952,0.0,0.0,1293.0725,61.995833
2025-06-07 09:00:00+10:00,0.0,0.0,616.867592,290.646217,15.9995,0.0,0.0,1289.965,56.844167
2025-06-07 10:00:00+10:00,0.0,0.0,604.780158,294.516183,28.253,0.0,0.0,1265.290833,52.793333
2025-06-07 11:00:00+10:00,0.0,0.0,564.520617,306.176392,36.0175,0.0,0.0,1237.645,68.59
2025-06-07 12:00:00+10:00,0.0,0.0,544.365208,294.06605,49.5375,0.0,0.0,1206.185833,60.24
2025-06-07 13:00:00+10:00,0.0,0.0,571.192733,260.048592,47.3305,0.0,0.0,1194.2425,31.905
2025-06-07 14:00:00+10:00,0.0,0.0,570.612292,261.337658,52.8625,0.0,0.0,1178.920833,77.66
2025-06-07 15:00:00+10:00,0.0,0.0,700.655075,145.129,37.024,0.0,0.0,1204.125833,134.989167
2025-06-07 16:00:00+10:00,0.0,0.0,733.096358,181.442725,14.072,0.0,0.0,1279.555,144.901667
2025-06-07 17:00:00+10:00,0.0,0.0,793.868242,180.532992,0.3295,0.0,0.0,1388.110833,149.966667
2025-06-07 18:00:00+10:00,0.0,0.0,1094.2763,83.938125,0.0,0.0,0.0,1386.544167,158.575
2025-06-07 19:00:00+10:00,0.0,0.0,1070.95405,51.464892,0.0,0.0,0.0,1363.595833,151.154167
2025-06-07 20:00:00+10:00,0.0,0.0,1102.835508,30.959275,0.0,0.0,0.0,1334.164167,154.615
2025-06-07 21:00:00+10:00,0.0,0.0,929.450533,50.63485,0.0,0.0,0.0,1277.711667,180.523333
2025-06-07 22:00:00+10:00,0.0,0.0,928.981058,47.79075,0.0,0.0,0.0,1228.060833,136.731667
2025-06-07 23:00:00+10:00,0.0,0.0,739.268,57.665692,0.0,0.0,0.0,1167.516667,168.144167
2025-06-08 00:00:00+10:00,0.0,0.0,628.995217,82.290125,0.0,0.0,0.0,1126.325833,125.235
2025-06-08 01:00:00+10:00,0.0,0.0,578.299275,90.907433,0.0,0.0,0.0,1088.008333,86.995833
2025-06-08 02:00:00+10:00,0.0,0.0,575.071292,104.296925,0.0,0.0,0.0,1053.819167,51.6675
2025-06-08 03:00:00+10:00,0.0,0.0,567.811458,120.52335,0.0,0.0,0.0,1051.299167,62.995
2025-06-08 04:00:00+10:00,0.0,0.0,503.456467,161.45645,0.0,0.0,0.0,1055.576667,52.74
2025-06-08 05:00:00+10:00,0.0,0.0,512.955175,182.757567,0.0,0.0,0.0,1081.479167,50.24
2025-06-08 06:00:00+10:00,0.0,0.0,563.88215,189.70325,0.0,0.0,0.0,1116.088333,66.913333
2025-06-08 07:00:00+10:00,0.0,0.0,569.022275,198.591408,0.0,0.0,0.0,1170.966667,100.24
2025-06-08 08:00:00+10:00,0.0,0.0,673.163108,165.072092,5.5625,0.0,0.0,1244.498333,146.08
2025-06-08 09:00:00+10:00,0.0,0.0,763.68355,145.343008,34.6945,0.0,0.0,1258.7825,161.895
2025-06-08 10:00:00+10:00,0.0,0.0,730.6197,137.428667,60.8185,0.0,0.0,1219.436667,109.051667
2025-06-08 11:00:00+10:00,0.0,0.0,659.706633,104.86555,93.9475,0.0,0.0,1171.4525,104.534167
2025-06-08 12:00:00+10:00,0.0,0.0,641.671758,101.65755,91.051,0.0,0.0,1135.0075,115.221667
2025-06-08 13:00:00+10:00,0.0,0.0,586.083358,145.096967,77.154,0.0,0.0,1110.308333,50.24
2025-06-08 14:00:00+10:00,0.0,0.0,621.975692,132.380658,52.757,0.0,0.0,1142.698333,64.693333
2025-06-08 15:00:00+10:00,0.0,0.0,701.513342,102.863533,35.793,0.0,0.0,1186.825833,51.845833
2025-06-08 16:00:00+10:00,0.0,2.652017,722.929358,144.6409,13.937,0.0,0.0,1249.395,112.763333
2025-06-08 17:00:00+10:00,0.0,52.739067,699.23535,172.281608,0.2115,0.0,0.0,1333.835833,157.773333
2025-06-08 18:00:00+10:00,0.0,57.574217,739.088375,132.4762,0.0,0.0,0.0,1327.25,160.28
2025-06-08 19:00:00+10:00,0.0,57.515617,696.425708,150.984083,0.0,0.0,0.0,1292.6225,156.933333
2025-06-08 20:00:00+10:00,0.0,39.965775,673.439558,158.841475,0.0,0.0,0.0,1278.798333,164.443333
2025-06-08 21:00:00+10:00,0.0,0.0,636.433692,197.884208,0.0,0.0,0.0,1243.825,138.719167
2025-06-08 22:00:00+10:00,0.0,0.0,540.071175,233.434292,0.0,0.0,0.0,1179.635,141.9
2025-06-08 23:00:00+10:00,0.0,0.0,440.107567,280.002658,0.0,0.0,0.0,1119.211667,145.906667
2025-06-09 00:00:00+10:00,0.0,0.0,417.867908,251.927233,0.0,0.0,0.0,1081.1075,116.99
2025-06-09 01:00:00+10:00,0.0,0.0,347.875892,301.275242,0.0,0.0,0.0,1060.3425,99.991667
2025-06-09 02:00:00+10:00,0.0,0.0,335.02545,311.791958,0.0,0.0,0.0,1054.009167,99.991667
2025-06-09 03:00:00+10:00,0.0,0.0,365.069408,266.543517,0.0,0.0,0.0,1052.285,100.221667
2025-06-09 04:00:00+10:00,0.0,0.0,379.900733,266.321808,0.0,0.0,0.0,1065.101667,67.604167
2025-06-09 05:00:00+10:00,0.0,0.0,398.357042,277.99415,0.0,0.0,0.0,1094.7,65.863333
2025-06-09 06:00:00+10:00,0.0,0.0,404.431292,313.07375,0.0,0.0,0.0,1136.424167,81.565
2025-06-09 07:00:00+10:00,0.0,0.0,469.278425,304.76925,0.0,0.0,0.0,1190.4475,140.24
2025-06-09 08:00:00+10:00,0.0,0.0,497.898125,337.536892,4.4035,0.0,0.0,1249.445,140.24
2025-06-09 09:00:00+10:00,0.0,0.0,592.811558,313.009575,31.18,0.0,0.0,1267.231667,143.361667
2025-06-09 10:00:00+10:00,0.0,0.0,589.18965,291.862233,71.7115,0.0,0.0,1235.983333,147.740833
2025-06-09 11:00:00+10:00,0.0,0.0,507.551383,269.352117,85.0665,0.0,0.0,1191.6625,138.735833
2025-06-09 12:00:00+10:00,0.0,0.0,480.050092,282.725333,91.6735,0.873833,0.0,1168.1375,116.175
2025-06-09 13:00:00+10:00,0.0,0.0,528.124333,267.026267,83.149,0.05,0.0,1175.435833,147.7625
2025-06-09 14:00:00+10:00,0.0,0.0,645.125317,216.216967,74.9225,0.0,0.0,1193.81,162.535833
2025-06-09 15:00:00+10:00,0.0,2.665033,658.66025,185.218717,47.441,0.0,0.0,1187.155833,157.280833
2025-06-09 16:00:00+10:00,0.0,53.115133,1248.880142,175.495508,11.971,0.0,0.0,1285.723333,158.094167
2025-06-09 17:00:00+10:00,0.0,57.855858,1591.512083,240.570433,0.246,0.0,0.0,1402.753333,179.715833
2025-06-09 18:00:00+10:00,0.0,57.84285,1563.209233,252.345708,0.0,0.0,0.0,1406.1675,161.7775
2025-06-09 19:00:00+10:00,0.0,57.836317,1132.624983,260.285158,0.0,0.0,0.0,1349.389167,150.053333
2025-06-09 20:00:00+10:00,0.0,57.868892,755.820617,216.939625,0.0,0.0,0.0,1273.161667,148.335833
2025-06-09 21:00:00+10:00,0.0,57.837933,690.971825,201.779958,0.0,0.0,0.0,1207.064167,186.780833
2025-06-09 22:00:00+10:00,0.0,57.842833,665.530425,187.352825,0.0,0.0,0.0,1125.320833,154.775
2025-06-09 23:00:00+10:00,0.0,57.83145,513.159567,156.209342,0.0,0.0,0.0,1061.023333,150.138333
2025-06-10 00:00:00+10:00,0.0,40.253925,566.001783,91.28755,0.0,0.0,0.0,1029.223333,153.67
2025-06-10 01:00:00+10:00,0.0,0.0,612.435392,104.088425,0.0,0.0,0.0,1013.7975,154.130833
2025-06-10 02:00:00+10:00,0.0,0.0,676.992308,99.220567,0.0,0.0,0.0,1065.713333,166.185833
2025-06-10 03:00:00+10:00,0.0,0.0,721.65955,77.440692,0.0,0.0,0.0,1077.960833,161.5475
2025-06-10 04:00:00+10:00,0.0,0.0,599.074817,90.308967,0.0,0.0,0.0,1095.5075,160.4875
2025-06-10 05:00:00+10:00,0.0,2.648758,617.902233,80.885058,0.0,0.0,0.0,1129.294167,160.186667
2025-06-10 06:00:00+10:00,0.0,52.154608,1058.262833,78.268825,0.0,0.0,0.0,1237.696667,175.766667
2025-06-10 07:00:00+10:00,0.0,57.86725,1674.867933,66.269275,0.0,0.0,0.0,1420.664167,191.3325
2025-06-10 08:00:00+10:00,0.0,57.850992,1600.416358,73.637092,3.837,0.0,0.0,1445.850833,193.1325
2025-06-10 09:00:00+10:00,0.0,57.863992,1525.488783,64.959858,21.9995,0.0,0.0,1393.375,177.415833
2025-06-10 10:00:00+10:00,0.0,57.820033,1055.174717,50.172467,47.0575,0.0,0.0,1316.495,160.325
2025-06-10 11:00:00+10:00,0.0,57.854225,1010.275067,42.52975,69.4845,0.0,0.0,1309.195833,171.125833
2025-06-10 12:00:00+10:00,0.0,39.965775,1021.960867,35.742792,80.631,0.0,0.0,1254.799167,167.06
2025-06-10 13:00:00+10:00,0.0,0.0,1028.600542,46.461033,75.277,0.0,0.0,1226.821667,163.446667
2025-06-10 14:00:00+10:00,0.0,2.655267,1071.967208,53.028417,57.034,0.0,0.0,1205.201667,167.9675
2025-06-10 15:00:00+10:00,0.0,53.061408,1078.400475,60.552567,37.3375,0.0,0.0,1197.2975,160.414167
2025-06-10 16:00:00+10:00,0.0,57.854233,1540.396617,64.471533,9.4375,0.0,0.0,1283.1325,192.565833
2025-06-10 17:00:00+10:00,0.0,57.868883,1843.419092,75.301333,0.2485,0.0,0.0,1390.664167,259.595833
2025-06-10 18:00:00+10:00,0.0,90.797442,1869.958958,63.757208,0.0,0.0,0.0,1398.728333,275.294167
2025-06-10 19:00:00+10:00,0.0,91.070217,1880.446825,54.643417,0.0,0.0,0.0,1374.195833,264.045
2025-06-10 20:00:00+10:00,0.0,57.877042,1891.213542,48.933342,0.0,0.0,0.0,1338.055833,226.5375
2025-06-10 21:00:00+10:00,0.0,57.841192,1828.36665,36.86315,0.0,0.0,0.0,1270.088333,176.086667
2025-06-10 22:00:00+10:00,0.0,57.833067,1627.439617,35.589608,0.0,0.0,0.0,1206.940833,162.344167
2025-06-10 23:00:00+10:00,0.0,11.355308,1463.535025,21.271667,0.0,0.0,0.0,1126.518333,178.485
2025-06-11 00:00:00+10:00,0.0,0.0,1317.635933,15.140833,0.0,0.0,0.0,1070.225,176.490833
2025-06-11 01:00:00+10:00,0.0,0.0,1186.2922,16.826925,0.0,0.0,0.0,1024.208333,160.4275
2025-06-11 02:00:00+10:00,0.0,0.0,1134.0385,13.566667,0.0,0.0,0.0,1033.966667,159.484167
2025-06-11 03:00:00+10:00,0.0,0.0,1028.291567,6.271667,0.0,0.0,0.0,1087.596667,160.221667
2025-06-11 04:00:00+10:00,0.0,0.0,1034.91535,7.3575,0.0,0.0,0.0,1097.705,160.21
2025-06-11 05:00:00+10:00,0.0,2.5234,1161.693567,0.176667,0.0,0.0,0.0,1123.3325,175.466667
2025-06-11 06:00:00+10:00,0.0,53.11025,1640.585975,0.041667,0.0,0.0,0.0,1232.495,238.724167
2025-06-11 07:00:00+10:00,0.0,79.034083,1814.213825,0.4425,0.0,0.0,0.0,1378.156667,270.565
2025-06-11 08:00:00+10:00,0.0,107.680217,1814.942025,2.745,5.3735,0.0,0.0,1402.958333,238.296667
2025-06-11 09:00:00+10:00,0.0,66.110508,1639.386017,-0.003333,37.763,0.0,0.0,1313.663333,214.915833
2025-06-11 10:00:00+10:00,0.0,57.84285,1353.7295,0.864167,72.9835,0.0,0.0,1218.986667,220.581667
2025-06-11 11:00:00+10:00,0.0,57.857492,1206.023358,-0.110833,97.359,0.0,0.0,1211.15,208.531667
2025-06-11 12:00:00+10:00,0.0,57.877025,1035.554308,-0.311667,104.191,0.0,0.0,1153.443333,245.2975
2025-06-11 13:00:00+10:00,0.0,57.867267,1245.730842,2.2575,103.738,0.0,0.0,1116.353333,162.9075
2025-06-11 14:00:00+10:00,0.0,11.339017,1305.368583,4.588333,85.132,0.0,0.0,1125.865833,260.195
2025-06-11 15:00:00+10:00,0.0,3.693933,1500.752925,4.625833,51.804,0.0,0.0,1167.1325,252.391667
2025-06-11 16:00:00+10:00,0.0,58.621433,1740.268408,0.095833,13.919,0.0,0.0,1252.345,271.068333
2025-06-11 17:00:00+10:00,0.0,105.62305,1931.374325,0.236667,0.1655,0.0,0.0,1331.894167,3483.4825
2025-06-11 18:00:00+10:00,0.0,107.832733,1928.116242,0.871667,0.0,0.0,0.0,1361.409167,2502.570833
2025-06-11 19:00:00+10:00,0.0,107.885942,1934.734442,-0.370833,0.0,0.0,0.0,1336.12,759.799167
2025-06-11 20:00:00+10:00,0.0,78.806717,1884.089933,-0.499783,0.0,0.0,0.0,1317.3275,205.88
2025-06-11 21:00:00+10:00,0.0,57.873767,1777.440167,2.675567,0.0,0.0,0.0,1272.273333,223.363333
2025-06-11 22:00:00+10:00,0.0,40.169275,1436.493167,11.664792,0.0,0.0,0.0,1197.7175,264.6975
2025-06-11 23:00:00+10:00,0.0,0.0,1231.584292,13.477742,0.0,0.0,0.0,1151.469167,263.725
2025-06-12 00:00:00+10:00,0.0,0.0,1016.113008,14.248575,0.0,0.0,0.0,1127.3075,194.800833
2025-06-12 01:00:00+10:00,0.0,0.0,950.510533,18.4953,0.0,0.0,0.0,1122.373333,200.686667
2025-06-12 02:00:00+10:00,0.0,0.0,754.570175,23.399825,0.0,0.0,0.0,1116.3825,226.348333
2025-06-12 03:00:00+10:00,0.0,0.0,750.502033,23.259417,0.0,0.0,0.0,1125.076667,174.194167
2025-06-12 04:00:00+10:00,0.0,0.0,765.558758,15.675708,0.0,0.0,0.0,1137.35,182.679167
2025-06-12 05:00:00+10:00,0.0,0.0,983.821975,15.859775,0.0,0.0,0.0,1196.693333,242.569167
2025-06-12 06:00:00+10:00,0.0,27.065508,1591.491383,28.854508,0.0,0.0,0.0,1292.28,265.680833
2025-06-12 07:00:00+10:00,0.0,94.363433,1883.729917,31.7345,0.0,0.0,0.0,1464.3975,338.843333
2025-06-12 08:00:00+10:00,0.0,107.702608,1771.432208,27.555308,5.979,0.0,0.0,1498.3625,227.2775
2025-06-12 09:00:00+10:00,0.0,79.232033,1488.342458,14.025667,38.8205,0.0,0.0,1369.254167,226.308333
2025-06-12 10:00:00+10:00,0.0,11.659742,1173.0395,9.963333,84.1515,0.0,0.0,1295.059167,273.933333
2025-06-12 11:00:00+10:00,0.0,0.0,1122.772267,4.439167,115.661,0.0,0.0,1232.2925,263.5725
2025-06-12 12:00:00+10:00,0.0,0.0,1015.0529,1.735,136.7795,0.0,0.0,1177.6525,202.849167
2025-06-12 13:00:00+10:00,0.0,0.0,866.571383,-0.766667,132.0135,0.0,0.0,1154.6225,171.513333
2025-06-12 14:00:00+10:00,0.0,3.964175,866.722575,-0.788333,104.5715,0.0,0.0,1173.701667,187.173333
2025-06-12 15:00:00+10:00,0.0,53.136283,1178.058258,-0.7975,62.983,0.0,0.0,1212.06,240.683333
2025-06-12 16:00:00+10:00,0.0,107.0575,1769.971183,-0.611258,16.6745,0.0,0.0,1247.873333,273.6125
2025-06-12 17:00:00+10:00,0.0,108.10715,1921.644942,2.493,0.283,0.0,0.0,1357.025,7731.876667
2025-06-12 18:00:00+10:00,0.0,107.838675,1921.329592,3.434433,0.0,0.0,0.0,1384.079167,8477.9
2025-06-12 19:00:00+10:00,0.0,107.939275,1931.834533,-0.531667,0.0,0.0,0.0,1358.410833,11010.084167
2025-06-12 20:00:00+10:00,0.0,107.93165,1880.8748,-0.7675,0.0,0.0,0.0,1349.136667,1526.054167
2025-06-12 21:00:00+10:00,0.0,108.293458,1792.5346,-0.400225,0.0,0.0,0.0,1297.796667,174.575833
2025-06-12 22:00:00+10:00,0.0,108.016017,1703.354492,0.508433,0.0,0.0,0.0,1280.421667,262.706667
2025-06-12 23:00:00+10:00,0.0,91.209367,1550.092583,5.404408,0.0,0.0,0.0,1228.8675,249.083333
2025-06-13 00:00:00+10:00,0.0,11.265767,1538.870258,9.741175,0.0,0.0,0.0,1173.541667,222.884167
2025-06-13 01:00:00+10:00,0.0,0.0,1436.068333,17.305642,0.0,0.0,0.0,1144.1725,221.7875
2025-06-13 02:00:00+10:00,0.0,0.0,1388.349425,17.387283,0.0,0.0,0.0,1131.140833,222.006667
2025-06-13 03:00:00+10:00,0.0,0.0,1389.969292,19.123742,0.0,0.0,0.0,1122.375,214.05
2025-06-13 04:00:00+10:00,0.0,0.0,1387.436175,11.606933,0.0,0.0,0.0,1144.444167,215.839167
2025-06-13 05:00:00+10:00,0.0,2.71225,1571.13345,24.250783,0.0,0.0,0.0,1206.868333,236.184167
2025-06-13 06:00:00+10:00,0.0,63.498258,1813.539117,24.262242,0.0,0.0,0.0,1311.890833,265.82
2025-06-13 07:00:00+10:00,0.0,107.905117,1908.017942,32.290242,0.0,0.0,0.0,1437.759167,377.720833
2025-06-13 08:00:00+10:00,0.0,107.8812,1903.448425,26.631475,5.664,0.0,0.0,1489.934167,582.256667
2025-06-13 09:00:00+10:00,0.0,107.92105,1661.105283,21.496808,35.183,0.0,0.0,1381.431667,208.215833
2025-06-13 10:00:00+10:00,0.0,67.638575,1359.45245,17.820092,74.4335,0.0,0.0,1304.419167,205.94
2025-06-13 11:00:00+10:00,0.0,11.002025,1283.768508,28.444,105.1125,0.0,0.0,1212.096667,164.684167
2025-06-13 12:00:00+10:00,0.0,0.0,892.112483,26.564808,118.8715,0.0,0.0,1170.271667,161.244167
2025-06-13 13:00:00+10:00,0.0,0.0,696.737908,44.519117,116.3105,0.0,0.0,1114.125,150.948333
2025-06-13 14:00:00+10:00,0.0,0.0,684.8866,41.449325,100.8025,0.0,0.0,1129.349167,137.376667
2025-06-13 15:00:00+10:00,0.0,2.6455,745.09915,53.185792,56.823,0.0,0.0,1160.014167,140.555
2025-06-13 16:00:00+10:00,0.0,77.437817,1525.361758,28.955467,15.534,0.0,0.0,1258.021667,229.013333
2025-06-13 17:00:00+10:00,0.0,108.214592,1856.24245,31.831833,0.2105,0.0,0.0,1348.9275,261.2125
2025-06-13 18:00:00+10:00,0.0,108.283617,1882.967292,55.643642,0.0,0.0,0.0,1367.505,262.138333
2025-06-13 19:00:00+10:00,0.0,107.972533,1831.225525,49.5537,0.0,0.0,0.0,1361.3675,175.335833
2025-06-13 20:00:00+10:00,0.0,108.0203,1778.023583,57.5629,0.0,0.0,0.0,1346.925,160.216667
2025-06-13 21:00:00+10:00,0.0,107.992108,1722.529692,60.400283,0.0,0.0,0.0,1328.071667,194.378333
2025-06-13 22:00:00+10:00,0.0,91.51405,1570.3047,73.408858,0.0,0.0,0.0,1216.16,174.091667
2025-06-13 23:00:00+10:00,0.0,57.873775,1268.647633,115.764867,0.0,0.0,0.0,1133.385833,157.358333
2025-06-14 00:00:00+10:00,0.0,39.815983,813.985917,113.168133,0.0,0.0,0.0,1139.64,166.758333
2025-06-14 01:00:00+10:00,0.0,0.0,599.032083,134.365767,0.0,0.0,0.0,1138.560833,164.984167
2025-06-14 02:00:00+10:00,0.0,0.0,596.996633,103.14665,0.0,0.0,0.0,1125.750833,172.935833
2025-06-14 03:00:00+10:00,0.0,0.0,588.760717,108.64415,0.0,0.0,0.0,1121.753333,178.1025
2025-06-14 04:00:00+10:00,0.0,0.0,548.720642,140.312908,0.0,0.0,0.0,1059.069167,135.298333
2025-06-14 05:00:00+10:00,0.0,0.0,550.720767,156.762025,0.0,0.0,0.0,1088.904167,140.425833
2025-06-14 06:00:00+10:00,0.0,0.0,563.578033,183.686492,0.0,0.0,0.0,1140.93,151.686667
2025-06-14 07:00:00+10:00,0.0,0.0,610.292792,218.4189,0.0,0.0,0.0,1242.7525,154.781667
2025-06-14 08:00:00+10:00,0.0,0.0,739.088825,198.701883,3.675,0.0,0.0,1365.329167,121.0525
2025-06-14 09:00:00+10:00,0.0,0.0,779.738775,164.035258,25.461,0.0,0.0,1369.009167,100.19
2025-06-14 10:00:00+10:00,0.0,0.0,741.790583,155.385492,61.9885,0.0,0.0,1321.068333,50.869167
2025-06-14 11:00:00+10:00,0.0,0.0,643.879475,179.347675,84.033,0.0,0.0,1243.203333,1.375833
2025-06-14 12:00:00+10:00,0.0,0.0,574.701483,193.785942,96.2985,0.0,0.0,1182.774167,2.08
2025-06-14 13:00:00+10:00,0.0,0.0,529.174083,203.072083,90.2605,0.0,0.0,1146.381667,12.385
2025-06-14 14:00:00+10:00,0.0,0.0,553.962958,176.856975,84.8685,0.0,0.0,1162.855,77.359167
2025-06-14 15:00:00+10:00,0.0,0.0,595.185067,188.36365,48.076,0.0,0.0,1208.581667,92.629167
2025-06-14 16:00:00+10:00,0.0,0.0,717.925425,151.08785,10.8915,0.0,0.0,1307.234167,144.088333
2025-06-14 17:00:00+10:00,0.0,0.0,928.044417,137.695367,0.1015,0.0,0.0,1338.513333,152.935833
2025-06-14 18:00:00+10:00,0.0,0.0,1154.309558,152.469442,0.0,0.0,0.0,1368.254167,157.133333
2025-06-14 19:00:00+10:00,0.0,0.0,1085.205067,176.003258,0.0,0.0,0.0,1371.986667,160.794167
2025-06-14 20:00:00+10:00,0.0,0.0,856.5303,192.683742,0.0,0.0,0.0,1310.463333,158.189167
2025-06-14 21:00:00+10:00,0.0,0.0,634.555558,214.498508,0.0,0.0,0.0,1245.0075,119.348333
2025-06-14 22:00:00+10:00,0.0,0.0,566.448858,219.547083,0.0,0.0,0.0,1182.8775,131.035
2025-06-14 23:00:00+10:00,0.0,0.0,512.641075,206.4736,0.0,0.0,0.0,1124.905833,125.71
2025-06-15 00:00:00+10:00,0.0,0.0,519.387992,212.278725,0.0,0.0,0.0,1113.38,90.851667
2025-06-15 01:00:00+10:00,0.0,0.0,525.4044,198.322183,0.0,0.0,0.0,1105.235,87.546667
2025-06-15 02:00:00+10:00,0.0,0.0,559.032275,189.301892,0.0,0.0,0.0,1095.739167,81.253333
2025-06-15 03:00:00+10:00,0.0,0.0,554.065067,206.849233,0.0,0.0,0.0,1107.5825,140.8575
2025-06-15 04:00:00+10:00,0.0,0.0,533.854617,194.520617,0.0,0.0,0.0,1118.7875,138.285833
2025-06-15 05:00:00+10:00,0.0,0.0,561.61645,171.147017,0.0,0.0,0.0,1118.9825,154.841667
2025-06-15 06:00:00+10:00,0.0,0.0,589.130442,165.891125,0.0,0.0,0.0,1140.7275,161.110833
2025-06-15 07:00:00+10:00,0.0,0.0,695.710642,156.580517,0.0,0.0,0.0,1226.9575,162.718333
2025-06-15 08:00:00+10:00,0.0,0.0,1006.303233,145.121392,4.051,0.0,0.0,1361.655833,175.479167
2025-06-15 09:00:00+10:00,0.0,0.0,884.798267,146.673775,38.104,0.0,0.0,1359.851667,158.305
2025-06-15 10:00:00+10:00,0.0,0.0,796.1141,142.999758,80.294,0.0,0.0,1285.119167,162.233333
2025-06-15 11:00:00+10:00,0.0,0.0,690.281117,165.720933,109.9255,0.0,0.0,1198.053333,163.590833
2025-06-15 12:00:00+10:00,0.0,0.0,594.50145,187.085533,123.693,0.0,0.0,1142.873333,163.030833
2025-06-15 13:00:00+10:00,0.0,0.0,881.160108,176.644992,115.7285,0.0,0.0,1112.625833,164.401667
2025-06-15 14:00:00+10:00,0.0,24.700008,863.19955,199.05425,90.288,0.0,0.0,1116.939167,153.470833
2025-06-15 15:00:00+10:00,0.0,57.533525,880.58015,227.863858,50.063,0.0,0.0,1163.900833,153.721667
2025-06-15 16:00:00+10:00,0.0,57.826558,1368.86565,197.171933,14.1125,0.0,0.0,1228.123333,158.696667
2025-06-15 17:00:00+10:00,0.0,57.820033,1723.707075,197.020033,0.1435,0.0,0.0,1348.073333,174.620833
2025-06-15 18:00:00+10:00,0.0,57.870525,1730.21595,208.081608,0.0,0.0,0.0,1371.2225,175.366667
2025-06-15 19:00:00+10:00,0.0,57.865633,1665.454583,238.039858,0.0,0.0,0.0,1335.438333,162.768333
2025-06-15 20:00:00+10:00,0.0,57.850983,1280.521158,271.277242,0.0,0.0,0.0,1266.860833,145.805833
2025-06-15 21:00:00+10:00,0.0,57.841208,789.672367,268.876075,0.0,0.0,0.0,1210.774167,145.280833
2025-06-15 22:00:00+10:00,0.0,11.057375,517.537008,267.8141,0.0,0.0,0.0,1132.905,145.6475
2025-06-15 23:00:00+10:00,0.0,0.0,417.143808,267.685808,0.0,0.0,0.0,1086.563333,134.836667
2025-06-16 00:00:00+10:00,0.0,0.0,425.671908,256.807642,0.0,0.0,0.0,1078.563333,55.703333
2025-06-16 01:00:00+10:00,0.0,0.0,381.209625,299.078775,0.0,0.0,0.0,1046.5025,50.2
2025-06-16 02:00:00+10:00,0.0,0.0,393.983967,289.813458,0.0,0.0,0.0,1043.895,46.95
2025-06-16 03:00:00+10:00,0.0,0.0,385.335867,306.912592,0.0,0.0,0.0,1045.94,33.95
2025-06-16 04:00:00+10:00,0.0,0.0,403.787692,306.122725,0.0,0.0,0.0,1065.551667,11.2
2025-06-16 05:00:00+10:00,0.0,0.0,449.003442,314.839333,0.0,0.0,0.0,1109.934167,46.95
2025-06-16 06:00:00+10:00,0.0,0.0,508.373525,368.79345,0.0,0.0,0.0,1203.104167,62.72
2025-06-16 07:00:00+10:00,0.0,0.0,708.000467,370.254667,0.0,0.0,0.0,1321.4975,164.891667
2025-06-16 08:00:00+10:00,0.0,0.0,712.776408,352.281567,1.837,0.0,0.0,1360.355833,149.2
2025-06-16 09:00:00+10:00,0.0,0.0,650.729842,384.043942,12.5035,0.0,0.0,1335.285833,125.138333
2025-06-16 10:00:00+10:00,0.0,0.0,583.697542,422.17865,29.7835,0.0,0.0,1303.730833,68.425833
2025-06-16 11:00:00+10:00,0.0,0.0,495.682317,452.517058,47.576,0.0,0.0,1249.191667,36.023333
2025-06-16 12:00:00+10:00,0.0,0.0,439.035108,487.967258,54.8005,0.708333,0.0,1244.92,21.2575
2025-06-16 13:00:00+10:00,0.0,9.633333,421.605867,500.5165,57.714,3.410333,0.0,1222.950833,11.2
2025-06-16 14:00:00+10:00,0.0,0.0,463.184767,489.813758,51.0735,3.339,0.0,1204.259167,49.178333
2025-06-16 15:00:00+10:00,0.0,0.0,496.695533,459.957558,29.14,0.0,0.0,1258.586667,106.154167
2025-06-16 16:00:00+10:00,0.0,24.358133,843.956875,414.650467,4.934,0.0,0.0,1319.515,156.620833
2025-06-16 17:00:00+10:00,0.0,57.8461,1418.135375,422.853133,0.0375,0.0,0.0,1361.828333,156.686667
2025-06-16 18:00:00+10:00,0.0,57.82005,1309.648842,439.918542,0.0,0.0,0.0,1353.478333,147.096667
2025-06-16 19:00:00+10:00,0.0,57.849358,1192.705325,473.200508,0.0,0.0,0.0,1303.850833,150.125
2025-06-16 20:00:00+10:00,0.0,39.985308,1083.042658,480.8337,0.0,0.733333,0.0,1311.750833,147.2975
2025-06-16 21:00:00+10:00,0.0,0.0,810.050592,487.005767,0.0,2.814917,0.0,1260.090833,134.063333
2025-06-16 22:00:00+10:00,0.0,0.0,367.678083,452.19845,0.0,4.89875,0.0,1166.6875,150.116667
2025-06-16 23:00:00+10:00,0.0,0.0,331.468333,404.278,0.0,8.527583,0.0,1100.935,108.655833
2025-06-17 00:00:00+10:00,0.0,0.0,342.882858,358.002058,0.0,10.100417,0.0,1099.603333,50.2
2025-06-17 01:00:00+10:00,0.0,0.0,340.738817,346.489592,0.0,9.5645,0.0,1054.215833,50.2
2025-06-17 02:00:00+10:00,0.0,0.0,372.78655,294.255525,0.0,10.116667,0.0,1033.2725,54.193333
2025-06-17 03:00:00+10:00,0.0,0.0,374.187492,313.601075,0.0,9.939167,0.0,1030.9725,50.2
2025-06-17 04:00:00+10:00,0.0,0.0,397.572308,303.8198,0.0,4.37175,0.0,1040.528333,59.275
2025-06-17 05:00:00+10:00,0.0,0.0,486.0805,273.090008,0.0,9.70425,0.0,1106.6225,65.188333
2025-06-17 06:00:00+10:00,0.0,0.0,610.303608,291.923092,0.0,3.153417,0.0,1219.814167,143.460833
2025-06-17 07:00:00+10:00,0.0,0.0,747.239158,311.0641,0.0,0.794333,0.0,1361.853333,139.655
2025-06-17 08:00:00+10:00,0.0,0.0,844.779825,334.822242,3.9585,4.595583,0.0,1405.770833,149.530833
2025-06-17 09:00:00+10:00,0.0,0.0,725.682275,343.183175,18.1955,4.279333,0.0,1372.104167,156.895833
2025-06-17 10:00:00+10:00,0.0,0.0,565.952042,401.248208,46.656,9.729583,0.0,1286.105833,127.606667
2025-06-17 11:00:00+10:00,0.0,0.0,498.851725,401.362833,71.204,9.346,0.0,1230.234167,78.995
2025-06-17 12:00:00+10:00,0.0,0.0,452.363875,417.60315,76.3465,9.592417,0.0,1196.2875,89.304167
2025-06-17 13:00:00+10:00,0.0,0.0,386.541717,436.808967,88.684,8.7055,0.0,1161.034167,110.1
2025-06-17 14:00:00+10:00,0.0,0.0,409.661025,477.12155,76.919,8.9745,0.0,1187.611667,113.721667
2025-06-17 15:00:00+10:00,0.0,0.0,439.934508,498.372442,36.6145,8.831167,0.0,1236.893333,158.666667
2025-06-17 16:00:00+10:00,0.0,2.245017,898.217117,495.534258,8.124,0.898,0.0,1262.281667,169.930833
2025-06-17 17:00:00+10:00,0.0,53.102108,1522.107825,482.687942,0.3055,0.19075,0.0,1362.068333,188.544167
2025-06-17 18:00:00+10:00,0.0,57.868875,1642.904875,424.452358,0.0,0.0,0.0,1372.71,214.859167
2025-06-17 19:00:00+10:00,0.0,57.84935,1549.367992,411.304925,0.0,0.0,0.0,1348.389167,176.570833
2025-06-17 20:00:00+10:00,0.0,57.8412,1435.881842,475.0474,0.0,0.375,0.0,1315.178333,163.263333
2025-06-17 21:00:00+10:00,0.0,57.855867,1367.747217,477.077592,0.0,0.0,0.0,1245.693333,160.191667
2025-06-17 22:00:00+10:00,0.0,57.8868,1253.251167,476.352975,0.0,0.0,0.0,1186.536667,159.425833
2025-06-17 23:00:00+10:00,0.0,57.854242,845.863592,458.710033,0.0,11.158075,0.0,1092.380833,157.095833
2025-06-18 00:00:00+10:00,0.0,11.072025,729.642892,343.793567,0.0,35.1663,0.0,1068.555,183.655
2025-06-18 01:00:00+10:00,0.0,0.0,603.089833,389.336642,0.0,9.967667,0.0,999.9325,139.015
2025-06-18 02:00:00+10:00,0.0,0.0,373.701,351.4057,0.0,2.769583,0.0,996.864167,146.460833
2025-06-18 03:00:00+10:00,0.0,0.0,336.449983,316.735167,0.0,0.0,0.0,1008.965833,150.1
2025-06-18 04:00:00+10:00,0.0,0.0,384.0766,305.207367,0.0,0.0,0.0,1028.905,152.214167
2025-06-18 05:00:00+10:00,0.0,26.863625,577.818608,371.775325,0.0,0.0,0.0,1099.4275,161.614167
2025-06-18 06:00:00+10:00,0.0,57.857508,1262.515492,352.257583,0.0,0.0,0.0,1243.4125,173.439167
2025-06-18 07:00:00+10:00,0.0,57.864,1690.146908,310.171983,0.0,0.0,0.0,1373.568333,228.464167
2025-06-18 08:00:00+10:00,0.0,57.862375,1525.6803,224.962867,6.839,0.0,0.0,1400.084167,180.15
2025-06-18 09:00:00+10:00,0.0,57.852608,1536.739783,180.203775,40.32,0.0,0.0,1335.535833,190.775
2025-06-18 10:00:00+10:00,0.0,57.88515,1293.963392,164.441083,75.576,0.0,0.0,1231.158333,162.88
2025-06-18 11:00:00+10:00,0.0,57.829817,1202.1039,155.1853,105.1835,0.0,0.0,1169.8725,163.9925
2025-06-18 12:00:00+10:00,0.0,57.862375,1200.377408,165.268867,118.3975,0.0,0.0,1117.66,166.673333
2025-06-18 13:00:00+10:00,0.0,57.894942,1421.359667,193.906608,110.353,0.0,0.0,1148.326667,186.390833
2025-06-18 14:00:00+10:00,0.0,57.857483,1527.270908,239.218383,94.979,0.0,0.0,1176.7225,166.8325
2025-06-18 15:00:00+10:00,0.0,57.875408,1589.683892,228.459367,52.9075,0.0,0.0,1249.8475,166.615833
2025-06-18 16:00:00+10:00,0.0,68.743017,1641.6741,177.671217,10.905,0.0,0.0,1302.788333,220.844167
2025-06-18 17:00:00+10:00,0.0,108.192717,1645.753767,196.393392,0.1555,0.0,0.0,1339.321667,151.008333
2025-06-18 18:00:00+10:00,0.0,108.261575,1687.398967,183.360625,0.0,0.0,0.0,1368.2725,150.18
2025-06-18 19:00:00+10:00,0.0,108.062008,1646.102858,198.832475,0.0,0.0,0.0,1347.6075,150.145
2025-06-18 20:00:00+10:00,0.0,107.944233,1701.435558,127.884217,0.0,0.0,0.0,1359.924167,150.183333
2025-06-18 21:00:00+10:00,0.0,66.173992,1735.89405,65.782292,0.0,0.0,0.0,1308.3,202.018333
2025-06-18 22:00:00+10:00,0.0,57.860742,1442.749533,87.547917,0.0,0.0,0.0,1186.110833,155.223333
2025-06-18 23:00:00+10:00,0.0,40.156242,834.525358,111.31675,0.0,0.0,0.0,1093.365,141.455833
2025-06-19 00:00:00+10:00,0.0,0.0,552.066858,154.01255,0.0,0.0,0.0,1101.855,187.6625
2025-06-19 01:00:00+10:00,0.0,0.0,542.078033,151.519167,0.0,0.0,0.0,1105.273333,149.989167
2025-06-19 02:00:00+10:00,0.0,0.0,518.675467,173.153392,0.0,0.0,0.0,1080.921667,141.26
2025-06-19 03:00:00+10:00,0.0,0.0,485.645825,195.60315,0.0,0.0,0.0,1069.32,151.5
2025-06-19 04:00:00+10:00,0.0,0.0,493.266075,203.544075,0.0,0.0,0.0,1083.585,151.89
2025-06-19 05:00:00+10:00,0.0,0.0,533.993358,213.688275,0.0,0.0,0.0,1133.093333,160.215
2025-06-19 06:00:00+10:00,0.0,26.765958,968.921875,199.060283,0.0,0.0,0.0,1222.525,158.173333
2025-06-19 07:00:00+10:00,0.0,57.894933,1571.795333,173.212583,0.0,0.0,0.0,1368.196667,225.465
2025-06-19 08:00:00+10:00,0.0,57.865642,1527.070775,143.418225,3.539,0.0,0.0,1401.8975,204.320833
2025-06-19 09:00:00+10:00,0.0,11.187617,1142.486867,204.743783,18.117,0.0,0.0,1351.156667,163.61
2025-06-19 10:00:00+10:00,0.0,0.0,1048.948192,221.537808,36.718,0.0,0.0,1282.9875,195.4525
2025-06-19 11:00:00+10:00,0.0,0.0,1015.802283,251.069717,63.802,0.0,0.0,1209.606667,157.688333
2025-06-19 12:00:00+10:00,0.0,0.0,740.290675,222.513442,61.1745,0.0,0.0,1219.663333,144.766667
2025-06-19 13:00:00+10:00,0.0,0.0,751.4459,189.212383,62.912,0.0,0.0,1220.355833,154.378333
2025-06-19 14:00:00+10:00,0.0,0.0,1007.790508,165.029892,54.396,0.0,0.0,1232.35,176.98
2025-06-19 15:00:00+10:00,0.0,0.0,890.322492,158.338658,22.182,0.0,0.0,1256.070833,164.5525
2025-06-19 16:00:00+10:00,0.0,26.640592,1502.168358,140.237992,6.6945,0.0,0.0,1297.030833,205.438333
2025-06-19 17:00:00+10:00,0.0,57.85585,1789.540242,166.432475,0.1025,0.0,0.0,1354.741667,242.184167
2025-06-19 18:00:00+10:00,0.0,57.8412,1790.514017,171.860725,0.0,0.0,0.0,1365.0875,189.144167
2025-06-19 19:00:00+10:00,0.0,57.836317,1473.960042,186.921433,0.0,0.0,0.0,1306.694167,154.388333
2025-06-19 20:00:00+10:00,0.0,57.864,1252.310625,198.379508,0.0,0.0,0.0,1258.114167,151.088333
2025-06-19 21:00:00+10:00,0.0,11.334142,1072.840325,181.587233,0.0,0.0,0.0,1226.99,146.638333
2025-06-19 22:00:00+10:00,0.0,0.0,660.737267,194.595367,0.0,0.0,0.0,1166.696667,148.785
2025-06-19 23:00:00+10:00,0.0,0.0,517.567158,203.724717,0.0,0.0,0.0,1093.379167,134.47
2025-06-20 00:00:00+10:00,0.0,0.0,431.0154,269.5667,0.0,0.0,0.0,1054.850833,124.234167
2025-06-20 01:00:00+10:00,0.0,0.0,371.160275,299.12205,0.0,0.0,0.0,1043.080833,120.704167
2025-06-20 02:00:00+10:00,0.0,0.0,372.932675,268.84495,0.0,0.0,0.0,1036.9025,148.160833
2025-06-20 03:00:00+10:00,0.0,0.0,402.020425,230.439367,0.0,0.0,0.0,1042.209167,150.14
2025-06-20 04:00:00+10:00,0.0,0.0,394.320333,241.669325,0.0,0.0,0.0,1063.431667,150.195
2025-06-20 05:00:00+10:00,0.0,0.0,460.723933,228.384158,0.0,0.0,0.0,1115.539167,158.55
2025-06-20 06:00:00+10:00,0.0,26.785483,769.875225,197.101508,0.0,0.0,0.0,1175.015833,151.5275
2025-06-20 07:00:00+10:00,0.0,57.867258,1501.401667,190.397117,0.0,0.0,0.0,1296.305833,168.780833
2025-06-20 08:00:00+10:00,0.0,57.867258,1380.105258,157.064883,3.126,0.0,0.0,1311.903333,152.54
2025-06-20 09:00:00+10:00,0.0,10.643867,927.868892,130.177367,17.863,0.0,0.0,1273.900833,146.551667
2025-06-20 10:00:00+10:00,0.0,0.0,706.355192,130.81255,39.872,0.0,0.0,1243.199167,154.3675
2025-06-20 11:00:00+10:00,0.0,0.0,656.1716,142.997008,45.932,0.0,0.0,1204.121667,134.376667
2025-06-20 12:00:00+10:00,0.0,0.0,627.878733,131.951925,47.812,0.0,0.0,1174.798333,110.048333
2025-06-20 13:00:00+10:00,0.0,0.0,627.212,119.199617,56.363,0.0,0.0,1150.818333,92.235
2025-06-20 14:00:00+10:00,0.0,0.0,672.757483,114.558475,44.652,0.0,0.0,1168.884167,84.790833
2025-06-20 15:00:00+10:00,0.0,3.864867,708.241317,104.099725,22.873,0.0,0.0,1196.575833,148.255
2025-06-20 16:00:00+10:00,0.0,53.102092,1188.52815,95.49285,7.223,0.0,0.0,1246.099167,169.51
2025-06-20 17:00:00+10:00,0.0,57.855858,1707.400525,107.226758,0.0815,0.0,0.0,1292.5025,187.579167
2025-06-20 18:00:00+10:00,0.0,57.846092,1769.084575,87.601433,0.0,0.0,0.0,1297.288333,231.245833
2025-06-20 19:00:00+10:00,0.0,57.872125,1714.782633,80.533683,0.0,0.0,0.0,1267.913333,184.631667
2025-06-20 20:00:00+10:00,0.0,57.847733,1609.795775,82.051933,0.0,0.0,0.0,1224.255,166.329167
2025-06-20 21:00:00+10:00,0.0,57.880283,1599.5299,79.345783,0.0,0.0,0.0,1201.519167,170.940833
2025-06-20 22:00:00+10:00,0.0,40.34835,1397.342567,82.1719,0.0,0.0,0.0,1187.325833,154.8175
2025-06-20 23:00:00+10:00,0.0,0.0,1220.411808,88.921083,0.0,0.0,0.0,1145.203333,138.191667
2025-06-21 00:00:00+10:00,0.0,0.0,901.736642,78.425892,0.0,0.0,0.0,1078.694167,148.624167
2025-06-21 01:00:00+10:00,0.0,0.0,537.54685,93.997808,0.0,0.0,0.0,1046.574167,157.188333
2025-06-21 02:00:00+10:00,0.0,0.0,512.839158,79.661767,0.0,0.0,0.0,1033.485,138.723333
2025-06-21 03:00:00+10:00,0.0,0.0,502.1504,83.317767,0.0,0.0,0.0,1025.938333,110.2
2025-06-21 04:00:00+10:00,0.0,0.0,502.339258,86.175908,0.0,0.0,0.0,1034.33,110.253333
2025-06-21 05:00:00+10:00,0.0,0.0,541.820575,90.916917,0.0,0.0,0.0,1052.3925,110.28
2025-06-21 06:00:00+10:00,0.0,0.0,595.96855,89.142967,0.0,0.0,0.0,1092.926667,142.059167
2025-06-21 07:00:00+10:00,0.0,0.0,783.429475,86.477958,0.0,0.0,0.0,1166.248333,155.0275
2025-06-21 08:00:00+10:00,0.0,0.0,940.067858,115.675342,4.651,0.0,0.0,1238.984167,158.508333
2025-06-21 09:00:00+10:00,0.0,0.0,688.497075,133.264167,30.441,0.0,0.0,1266.195,154.305833
2025-06-21 10:00:00+10:00,0.0,0.0,656.8474,127.348575,59.1985,0.0,0.0,1218.973333,99.8075
2025-06-21 11:00:00+10:00,0.0,0.0,573.621433,134.58055,80.7815,0.0,0.0,1150.41,48.6625
2025-06-21 12:00:00+10:00,0.0,0.0,529.82525,133.260025,104.0375,0.0,0.0,1103.661667,62.97
2025-06-21 13:00:00+10:00,0.0,0.0,541.134108,106.64215,99.0,0.0,0.0,1086.82,65.27
2025-06-21 14:00:00+10:00,0.0,0.0,566.235908,108.085342,82.5125,0.0,0.0,1110.6825,69.011667
2025-06-21 15:00:00+10:00,0.0,0.0,628.938258,106.9412,37.07,0.0,0.0,1158.180833,85.326667
2025-06-21 16:00:00+10:00,0.0,3.649975,947.966125,78.722992,7.4125,0.0,0.0,1181.819167,156.181667
2025-06-21 17:00:00+10:00,0.0,53.124908,1694.5332,97.165467,0.0995,0.0,0.0,1232.0775,171.630833
2025-06-21 18:00:00+10:00,0.0,57.850975,1640.973575,101.73455,0.0,0.0,0.0,1244.26,152.499167
2025-06-21 19:00:00+10:00,0.0,57.847725,1377.375925,121.028533,0.0,0.0,0.0,1268.003333,131.711667
2025-06-21 20:00:00+10:00,0.0,40.166008,914.805125,105.132183,0.0,0.0,0.0,1224.11,141.234167
2025-06-21 21:00:00+10:00,0.0,0.0,665.773483,98.357558,0.0,0.0,0.0,1188.11,151.273333
2025-06-21 22:00:00+10:00,0.0,0.0,630.250583,86.964483,0.0,0.0,0.0,1145.436667,135.5025
2025-06-21 23:00:00+10:00,0.0,0.0,577.018525,80.098925,0.0,0.0,0.0,1077.135,109.693333
2025-06-22 00:00:00+10:00,0.0,0.0,512.594492,106.047775,0.0,0.0,0.0,1038.460833,102.773333
2025-06-22 01:00:00+10:00,0.0,0.0,453.916017,139.738525,0.0,0.0,0.0,1028.718333,59.7525
2025-06-22 02:00:00+10:00,0.0,0.0,460.498975,128.704658,0.0,0.0,0.0,1037.75,79.836667
2025-06-22 03:00:00+10:00,0.0,0.0,466.055833,130.2575,0.0,0.0,0.0,1043.736667,41.053333
2025-06-22 04:00:00+10:00,0.0,0.0,492.484542,113.2875,0.0,0.0,0.0,1049.32,48.295
2025-06-22 05:00:00+10:00,0.0,0.0,524.497858,100.222817,0.0,0.0,0.0,1070.853333,62.78
2025-06-22 06:00:00+10:00,0.0,0.0,567.801808,101.8437,0.0,0.0,0.0,1118.454167,85.486667
2025-06-22 07:00:00+10:00,0.0,0.0,634.1589,92.000583,0.0,0.0,0.0,1183.74,125.236667
2025-06-22 08:00:00+10:00,0.0,0.0,708.456242,87.715075,3.456,0.0,0.0,1243.155833,98.548333
2025-06-22 09:00:00+10:00,0.0,0.0,757.49055,71.316425,29.32,0.0,0.0,1249.6475,77.586667
2025-06-22 10:00:00+10:00,0.0,0.0,726.518742,57.800158,66.166,0.0,0.0,1204.5025,72.765833
2025-06-22 11:00:00+10:00,0.0,0.0,696.201342,40.077667,88.9365,0.0,0.0,1170.324167,57.744167
2025-06-22 12:00:00+10:00,0.0,0.0,640.783567,74.099633,87.444,0.0,0.0,1164.118333,50.28
2025-06-22 13:00:00+10:00,0.0,0.0,622.218717,84.170392,75.5435,0.0,0.0,1156.8325,50.15
2025-06-22 14:00:00+10:00,0.0,0.0,637.909908,85.8588,58.15,0.0,0.0,1162.594167,47.03
2025-06-22 15:00:00+10:00,0.0,0.0,684.70455,69.745692,43.253,0.0,0.0,1193.979167,67.643333
2025-06-22 16:00:00+10:00,0.0,0.0,763.418,98.610533,11.5635,0.0,0.0,1275.125,120.533333
2025-06-22 17:00:00+10:00,0.0,0.0,877.102433,168.600958,0.224,0.0,0.0,1384.968333,154.159167
2025-06-22 18:00:00+10:00,0.0,0.0,979.777133,177.58345,0.0,0.0,0.0,1371.570833,150.510833
2025-06-22 19:00:00+10:00,0.0,0.0,840.21335,183.923367,0.0,0.0,0.0,1321.893333,132.523333
2025-06-22 20:00:00+10:00,0.0,0.0,706.725825,186.3699,0.0,0.0,0.0,1282.680833,161.9
2025-06-22 21:00:00+10:00,0.0,0.0,594.488758,239.187125,0.0,0.0,0.0,1238.468333,87.818333
2025-06-22 22:00:00+10:00,0.0,0.0,522.669925,244.530325,0.0,0.0,0.0,1167.998333,50.28
2025-06-22 23:00:00+10:00,0.0,0.0,425.628233,276.637283,0.0,0.0,0.0,1096.229167,28.313333
2025-06-23 00:00:00+10:00,0.0,0.0,387.299008,269.997983,0.0,0.108058,0.0,1055.093333,38.216667
2025-06-23 01:00:00+10:00,0.0,0.0,367.175475,273.174133,0.0,0.0,0.0,1022.329167,50.24
2025-06-23 02:00:00+10:00,0.0,0.0,363.607342,257.624867,0.0,0.0,0.0,997.326667,37.243333
2025-06-23 03:00:00+10:00,0.0,0.0,389.181208,237.587525,0.0,0.0,0.0,1009.013333,30.844167
2025-06-23 04:00:00+10:00,0.0,0.0,441.538717,204.452725,0.0,0.0,0.0,1020.870833,31.505
2025-06-23 05:00:00+10:00,0.0,0.0,482.592108,205.848467,0.0,0.0,0.0,1079.75,11.22
2025-06-23 06:00:00+10:00,0.0,0.0,605.519283,214.1248,0.0,0.0,0.0,1192.835833,25.386667
2025-06-23 07:00:00+10:00,0.0,0.0,715.872642,249.096742,0.0,0.0,0.0,1309.865833,61.926667
2025-06-23 08:00:00+10:00,0.0,0.0,720.697408,303.945375,4.0265,0.0,0.0,1342.621667,94.4575
2025-06-23 09:00:00+10:00,0.0,0.0,678.536842,282.472808,24.308,0.0,0.0,1289.296667,41.850833
2025-06-23 10:00:00+10:00,0.0,0.0,574.231242,353.886825,43.2745,0.369625,0.0,1240.4525,48.545
2025-06-23 11:00:00+10:00,0.0,0.0,498.920375,402.899333,33.6645,0.931375,0.0,1220.489167,60.208333
2025-06-23 12:00:00+10:00,0.0,0.0,419.892492,437.266517,64.131,0.694308,0.0,1154.6225,29.945833
2025-06-23 13:00:00+10:00,0.0,0.0,353.689283,440.232033,60.2605,1.599958,0.0,1146.4075,13.65
2025-06-23 14:00:00+10:00,0.0,0.0,347.550442,446.8094,59.593,2.144783,0.0,1144.781667,16.7925
2025-06-23 15:00:00+10:00,0.0,0.0,379.201925,444.095233,39.381,1.101133,0.0,1163.045,48.290833
2025-06-23 16:00:00+10:00,0.0,0.0,469.981617,409.0411,13.3145,2.863292,0.0,1229.714167,64.848333
2025-06-23 17:00:00+10:00,0.0,0.0,562.186242,401.217725,0.1565,0.542892,0.0,1334.8525,97.348333
2025-06-23 18:00:00+10:00,0.0,0.0,571.262283,425.07645,0.0,0.0,0.0,1344.485,107.180833
2025-06-23 19:00:00+10:00,0.0,0.0,481.287875,472.508733,0.0,1.376833,0.0,1307.239167,68.426667
2025-06-23 20:00:00+10:00,0.0,0.0,437.124442,469.301775,0.0,0.438592,0.0,1256.929167,44.97
2025-06-23 21:00:00+10:00,0.0,0.0,379.482833,470.340992,0.0,1.0434,0.0,1182.436667,28.778333
2025-06-23 22:00:00+10:00,0.0,0.0,285.9597,473.836475,0.0,3.356167,0.0,1113.246667,41.880833
2025-06-23 23:00:00+10:00,0.0,0.0,254.939483,446.611967,0.0,0.991817,0.0,1060.4275,9.018333
2025-06-24 00:00:00+10:00,0.0,0.0,207.763683,437.883233,0.0,4.508817,0.0,1038.130833,12.740833
2025-06-24 01:00:00+10:00,0.0,0.0,242.10695,398.911333,0.0,3.895642,0.0,1016.518333,8.130833
2025-06-24 02:00:00+10:00,0.0,0.0,186.071008,449.281,0.0,3.91825,0.0,1013.49,-18.964167
2025-06-24 03:00:00+10:00,0.0,0.0,195.988192,440.810708,0.0,2.630742,0.0,1004.85,-3.739167
2025-06-24 04:00:00+10:00,0.0,0.0,252.125525,378.621558,0.0,0.083733,0.0,1013.213333,49.709167
2025-06-24 05:00:00+10:00,0.0,0.0,301.205583,399.6443,0.0,0.785567,0.0,1044.564167,2.575833
2025-06-24 06:00:00+10:00,0.0,0.0,397.34345,430.314883,0.0,0.0,0.0,1163.161667,51.3625
2025-06-24 07:00:00+10:00,0.0,0.0,498.453375,447.142842,0.0,0.0,0.0,1279.343333,49.38
2025-06-24 08:00:00+10:00,0.0,0.0,491.758942,484.535342,1.666,3.739833,0.0,1313.433333,45.22
2025-06-24 09:00:00+10:00,0.0,0.0,451.279967,498.18975,16.352,5.121917,0.0,1265.791667,49.110833
2025-06-24 10:00:00+10:00,0.0,0.0,403.359342,495.763517,43.6395,4.892333,0.0,1204.15,43.218333
2025-06-24 11:00:00+10:00,0.0,0.0,420.104533,506.894867,37.4815,7.66175,0.0,1188.503333,64.688333
2025-06-24 12:00:00+10:00,0.0,0.0,437.672017,501.736,47.4975,5.369167,0.0,1201.4125,51.896667
2025-06-24 13:00:00+10:00,0.0,-0.74,391.459167,484.48475,44.3385,5.61225,0.0,1195.018333,45.22
2025-06-24 14:00:00+10:00,0.0,-1.135,395.185517,481.61775,51.149,5.855,0.0,1188.295833,51.47
2025-06-24 15:00:00+10:00,0.0,-1.124167,495.415875,392.449433,35.821,4.3975,0.0,1251.725833,54.396667
2025-06-24 16:00:00+10:00,0.0,-1.095,563.983292,441.524275,8.718,5.85,0.0,1278.488333,103.0725
2025-06-24 17:00:00+10:00,0.0,-1.129167,639.32405,406.951433,0.144,8.526583,0.0,1377.531667,173.369167
2025-06-24 18:00:00+10:00,0.0,-1.083333,746.1814,326.994358,0.0,8.98325,0.0,1440.136667,173.205
2025-06-24 19:00:00+10:00,0.0,-1.0475,782.236433,258.229575,0.0,10.223,0.0,1414.698333,142.651667
2025-06-24 20:00:00+10:00,0.0,-1.120833,726.7648,259.205017,0.0,10.225833,0.0,1351.019167,124.214167
2025-06-24 21:00:00+10:00,0.0,-1.130833,655.7662,270.832717,0.0,10.226167,0.0,1252.519167,96.9925
2025-06-24 22:00:00+10:00,0.0,-1.130833,543.882108,288.313917,0.0,7.361417,0.0,1156.181667,59.838333
2025-06-24 23:00:00+10:00,0.0,-1.12,388.159067,375.963983,0.0,10.209833,0.0,1071.725,28.161667
2025-06-25 00:00:00+10:00,0.0,-1.145,291.735267,441.135133,0.0,10.206167,0.0,1033.621667,28.4975
2025-06-25 01:00:00+10:00,0.0,-1.124167,244.371908,451.53875,0.0,8.660083,0.0,1024.525,44.886667
2025-06-25 02:00:00+10:00,0.0,-1.114167,258.628767,425.039158,0.0,0.99325,0.0,1025.093333,45.22
2025-06-25 03:00:00+10:00,0.0,-1.094167,278.919667,414.569592,0.0,0.659083,0.0,1029.6775,45.22
2025-06-25 04:00:00+10:00,0.0,-1.138333,262.327258,447.119425,0.0,0.035833,0.0,1048.004167,17.971667
2025-06-25 05:00:00+10:00,0.0,-1.113333,334.735317,436.047917,0.0,7.656833,0.0,1094.135,35.661667
2025-06-25 06:00:00+10:00,0.0,-1.130833,418.915108,459.321067,0.0,7.58,0.0,1202.735,110.700833
2025-06-25 07:00:00+10:00,0.0,-1.125,563.59375,457.853467,0.0,9.044333,0.0,1323.970833,150.1
2025-06-25 08:00:00+10:00,0.0,-1.123333,626.122708,432.610425,1.699,3.28325,0.0,1367.296667,150.1
2025-06-25 09:00:00+10:00,0.0,-1.025833,607.349758,434.4074,15.2565,0.0,0.0,1336.783333,175.103333
2025-06-25 10:00:00+10:00,0.0,-1.135833,555.857142,429.331392,40.4205,0.0,0.0,1271.5525,106.614167
2025-06-25 11:00:00+10:00,0.0,-1.015,559.061225,319.404233,81.0855,0.0,0.0,1194.35,83.433333
2025-06-25 12:00:00+10:00,0.0,-1.119167,580.064167,248.971817,119.2845,0.0,0.0,1161.8075,99.6125
2025-06-25 13:00:00+10:00,0.0,-1.131667,485.214258,334.059875,112.797,0.0,0.0,1123.243333,69.651667
2025-06-25 14:00:00+10:00,0.0,-1.115,487.023192,347.187758,90.3395,0.0,0.0,1134.935,91.365833
2025-06-25 15:00:00+10:00,0.0,-1.125833,537.459442,345.177525,69.293,0.0,0.0,1190.219167,158.115
2025-06-25 16:00:00+10:00,0.0,-1.14,671.307083,322.889583,17.7115,0.0,0.0,1238.485833,169.993333
2025-06-25 17:00:00+10:00,0.0,-1.1425,818.493917,367.816992,0.202,0.0,0.0,1325.905,215.095833
2025-06-25 18:00:00+10:00,0.0,-1.16,1013.203967,350.8966,0.0,0.0,0.0,1369.438333,214.648333
2025-06-25 19:00:00+10:00,0.0,-1.164167,999.006692,345.283325,0.0,0.0,0.0,1365.211667,234.664167
2025-06-25 20:00:00+10:00,0.0,-1.176667,903.027875,336.671408,0.0,0.0,0.0,1336.390833,190.7175
2025-06-25 21:00:00+10:00,0.0,-1.169167,790.093375,307.667625,0.0,0.0,0.0,1280.6475,207.498333
2025-06-25 22:00:00+10:00,0.0,-1.168333,754.606467,223.835292,0.0,0.0,0.0,1222.68,211.678333
2025-06-25 23:00:00+10:00,0.0,-1.181667,689.804508,241.937217,0.0,0.0,0.0,1134.344167,203.165
2025-06-26 00:00:00+10:00,0.0,-0.2925,756.4856,262.971625,0.0,0.0,0.0,1096.2225,259.666667
2025-06-26 01:00:00+10:00,0.0,0.0,819.784667,218.6177,0.0,0.0,0.0,1083.076667,276.788333
2025-06-26 02:00:00+10:00,0.0,0.0,795.194283,195.082333,0.0,0.0,0.0,1060.315833,254.886667
2025-06-26 03:00:00+10:00,0.0,0.0,792.250733,146.017217,0.0,0.0,0.0,1075.1175,257.163333
2025-06-26 04:00:00+10:00,0.0,0.0,805.514558,123.395458,0.0,0.0,0.0,1091.804167,260.704167
2025-06-26 05:00:00+10:00,0.0,4.089533,1043.734133,137.151742,0.0,0.0,0.0,1145.256667,250.961667
2025-06-26 06:00:00+10:00,0.0,53.089083,1506.492192,122.617242,0.0,0.0,0.0,1323.216667,342.1925
2025-06-26 07:00:00+10:00,0.0,81.360475,1768.080425,119.178833,0.0,0.0,0.0,1469.070833,1345.636667
2025-06-26 08:00:00+10:00,0.0,107.984308,1754.416233,113.821467,5.589,0.0,0.0,1504.674167,519.731667
2025-06-26 09:00:00+10:00,0.0,107.95095,1659.393842,58.875692,40.259,0.0,0.0,1404.1075,266.806667
2025-06-26 10:00:00+10:00,0.0,104.290092,1472.004992,22.431867,85.0455,0.0,0.0,1259.631667,219.361667
2025-06-26 11:00:00+10:00,0.0,83.204642,1271.204758,22.595242,112.201,0.0,0.0,1150.21,220.586667
2025-06-26 12:00:00+10:00,0.0,83.285942,1210.29045,19.0287,127.5495,0.0,0.0,1089.18,208.65
2025-06-26 13:00:00+10:00,0.0,83.170383,1199.555792,21.680842,125.309,0.0,0.0,1055.040833,251.241667
2025-06-26 14:00:00+10:00,0.0,100.946675,1362.552883,16.0975,106.5415,0.0,0.0,1087.800833,289.735
2025-06-26 15:00:00+10:00,0.0,107.616958,1479.529708,14.026233,65.063,0.0,0.0,1129.525,288.565
2025-06-26 16:00:00+10:00,0.0,108.080233,1668.999367,32.225858,18.573,0.0,0.0,1233.964167,1313.588333
2025-06-26 17:00:00+10:00,0.0,108.149675,1909.017867,19.212492,0.341,0.0,0.0,1357.264167,5819.826667
2025-06-26 18:00:00+10:00,0.0,108.03335,1910.154617,20.775925,0.0,0.0,0.0,1372.825,5126.145
2025-06-26 19:00:00+10:00,0.0,108.04685,1819.7871,20.544475,0.0,0.0,0.0,1353.696667,600.1075
2025-06-26 20:00:00+10:00,0.0,108.090025,1795.588775,17.748067,0.0,0.0,0.0,1356.143333,2633.0025
2025-06-26 21:00:00+10:00,0.0,107.873217,1695.028408,15.202208,0.0,0.0,0.0,1346.073333,455.939167
2025-06-26 22:00:00+10:00,0.0,107.991592,1634.2833,10.625717,0.0,0.0,0.0,1296.288333,248.928333
2025-06-26 23:00:00+10:00,0.0,99.617492,1494.905317,12.804533,0.0,0.0,0.0,1219.200833,238.951667
2025-06-27 00:00:00+10:00,0.0,61.939883,1432.555108,10.184125,0.0,0.0,0.0,1169.484167,236.368333
2025-06-27 01:00:00+10:00,0.0,57.8868,1338.70905,10.456417,0.0,0.0,0.0,1140.075833,233.854167
2025-06-27 02:00:00+10:00,0.0,57.831442,1233.258425,9.266775,0.0,0.0,0.0,1135.813333,232.75
2025-06-27 03:00:00+10:00,0.0,57.868883,1052.15405,3.158733,0.0,0.0,0.0,1118.974167,209.570833
2025-06-27 04:00:00+10:00,0.0,57.880283,1041.236683,5.72935,0.0,0.0,0.0,1116.871667,214.998333
2025-06-27 05:00:00+10:00,0.0,57.850967,1275.9658,10.710058,0.0,0.0,0.0,1191.0825,234.7
2025-06-27 06:00:00+10:00,0.0,76.269258,1508.216717,8.40395,0.0,0.0,0.0,1334.845833,277.9325
2025-06-27 07:00:00+10:00,0.0,107.915775,1779.807808,-0.221408,0.0,0.0,0.0,1451.776667,308.645
2025-06-27 08:00:00+10:00,0.0,107.894392,1727.213667,-0.053333,5.176,0.0,0.0,1458.496667,277.223333
2025-06-27 09:00:00+10:00,0.0,107.959783,1455.007092,0.126667,39.0435,0.0,0.0,1357.351667,232.543333
2025-06-27 10:00:00+10:00,0.0,108.085817,1003.504158,-0.530833,82.936,0.0,0.0,1263.624167,237.239167
2025-06-27 11:00:00+10:00,0.0,66.266967,873.664608,-0.52,112.452,0.0,0.0,1188.65,232.5875
2025-06-27 12:00:00+10:00,0.0,57.833075,804.513033,-0.450583,127.1995,0.0,0.0,1130.895833,246.2625
2025-06-27 13:00:00+10:00,0.0,57.841217,738.083742,-0.381558,128.6635,0.0,0.0,1119.33,231.844167
2025-06-27 14:00:00+10:00,0.0,57.862375,837.07115,1.114167,111.257,0.0,0.0,1128.619167,243.32
2025-06-27 15:00:00+10:00,0.0,57.844467,1045.412933,-0.0425,66.245,0.0,0.0,1159.896667,227.945833
2025-06-27 16:00:00+10:00,0.0,94.341733,1626.303508,7.201233,18.513,0.0,0.0,1256.681667,347.44
2025-06-27 17:00:00+10:00,0.0,107.99995,1886.772783,6.370833,0.401,0.0,0.0,1319.285,442.56
2025-06-27 18:00:00+10:00,0.0,108.060933,1766.8189,1.604008,0.0,0.0,0.0,1327.865,299.1325
2025-06-27 19:00:00+10:00,0.0,107.699425,1548.790617,-0.328333,0.0,0.0,0.0,1314.4725,268.221667
2025-06-27 20:00:00+10:00,0.0,108.059767,1193.381175,2.632642,0.0,0.0,0.0,1310.026667,339.594167
2025-06-27 21:00:00+10:00,0.0,108.253683,908.95215,3.831467,0.0,0.0,0.0,1268.696667,242.2075
2025-06-27 22:00:00+10:00,0.0,66.824867,856.392525,9.814508,0.0,0.0,0.0,1208.850833,202.128333
2025-06-27 23:00:00+10:00,0.0,57.868892,810.852592,24.211692,0.0,0.0,0.0,1152.336667,194.8075
2025-06-28 00:00:00+10:00,0.0,57.870517,725.309192,35.870308,0.0,0.0,0.0,1108.62,188.651667
2025-06-28 01:00:00+10:00,0.0,57.875392,679.114833,40.382833,0.0,0.0,0.0,1078.375,191.214167
2025-06-28 02:00:00+10:00,0.0,57.846092,679.322317,47.664558,0.0,0.0,0.0,1079.688333,171.783333
2025-06-28 03:00:00+10:00,0.0,57.870517,684.34315,74.37215,0.0,0.0,0.0,1071.12,169.808333
2025-06-28 04:00:00+10:00,0.0,57.87865,686.081483,90.5504,0.0,0.0,0.0,1068.923333,166.560833
2025-06-28 05:00:00+10:00,0.0,57.857467,699.725467,98.279692,0.0,0.0,0.0,1101.844167,167.164167
2025-06-28 06:00:00+10:00,0.0,57.917717,731.096783,80.10735,0.0,0.0,0.0,1154.133333,187.615833
2025-06-28 07:00:00+10:00,0.0,57.868892,705.572325,83.106108,0.0,0.0,0.0,1222.71,278.6775
2025-06-28 08:00:00+10:00,0.0,57.89005,776.436067,87.6384,3.293,0.0,0.0,1303.415833,269.575833
2025-06-28 09:00:00+10:00,0.0,57.821675,792.403058,89.116842,25.2115,0.0,0.0,1311.9375,256.915
2025-06-28 10:00:00+10:00,0.0,57.85585,787.517675,69.417658,54.741,0.0,0.0,1264.510833,261.8375
2025-06-28 11:00:00+10:00,0.0,57.898183,683.520292,87.182458,86.4325,0.0,0.0,1184.176667,221.8075
2025-06-28 12:00:00+10:00,0.0,57.8461,578.273617,132.072292,106.609,0.0,0.0,1121.548333,172.374167
2025-06-28 13:00:00+10:00,0.0,57.870508,510.041117,172.454175,105.3185,0.0,0.0,1073.34,141.423333
2025-06-28 14:00:00+10:00,0.0,57.864008,501.555817,162.986525,75.9135,0.0,0.0,1098.6075,220.16
2025-06-28 15:00:00+10:00,0.0,57.847725,571.794192,131.983308,44.5645,0.0,0.0,1137.460833,213.91
2025-06-28 16:00:00+10:00,0.0,57.872142,884.558775,98.586408,11.102,0.0,0.0,1223.0925,225.878333
2025-06-28 17:00:00+10:00,0.0,57.85585,1547.337567,107.077317,0.196,0.0,0.0,1347.589167,246.239167
2025-06-28 18:00:00+10:00,0.0,57.829808,1592.846783,219.084617,0.0,0.0,0.0,1325.758333,237.605833
2025-06-28 19:00:00+10:00,0.0,57.412708,1563.242308,225.318742,0.0,0.0,0.0,1277.241667,202.484167
2025-06-28 20:00:00+10:00,0.0,56.8224,1615.908092,221.704258,0.0,0.0,0.0,1235.660833,177.195
2025-06-28 21:00:00+10:00,0.0,56.831917,1596.989325,221.426742,0.0,0.0,0.0,1208.08,171.205
2025-06-28 22:00:00+10:00,0.0,56.800342,1306.027317,228.289483,0.0,0.0,0.0,1127.9875,203.011667
2025-06-28 23:00:00+10:00,0.0,56.790175,994.370167,166.490425,0.0,0.0,0.0,1102.5225,208.521667
2025-06-29 00:00:00+10:00,0.0,56.894617,807.0205,115.020892,0.0,0.0,0.0,1040.964167,206.565
2025-06-29 01:00:00+10:00,0.0,56.879733,656.830692,149.378725,0.0,0.0,0.0,997.034167,189.851667
2025-06-29 02:00:00+10:00,0.0,57.147092,586.9384,145.413017,0.0,0.0,0.0,986.096667,182.426667
2025-06-29 03:00:00+10:00,0.0,57.881908,580.9024,224.185917,0.0,0.0,0.0,992.295833,160.64
2025-06-29 04:00:00+10:00,0.0,57.852608,561.868667,185.04245,0.0,0.0,0.0,1003.299167,126.945
2025-06-29 05:00:00+10:00,0.0,57.839583,598.163525,151.357033,0.0,0.0,0.0,1014.17,164.1325
2025-06-29 06:00:00+10:00,0.0,57.877033,621.343242,112.880125,0.0,0.0,0.0,1045.790833,166.700833
2025-06-29 07:00:00+10:00,0.0,57.852608,799.517575,107.237833,0.0,0.0,0.0,1107.755833,202.1775
2025-06-29 08:00:00+10:00,0.0,57.84935,1066.327025,75.288492,3.2435,0.0,0.0,1191.92,198.704167
2025-06-29 09:00:00+10:00,0.0,57.877033,711.387208,74.972817,20.741,0.0,0.0,1213.983333,249.973333
2025-06-29 10:00:00+10:00,0.0,57.891667,710.470533,48.962558,60.966,0.0,0.0,1173.295833,252.988333
2025-06-29 11:00:00+10:00,0.0,57.852617,609.905042,57.486342,105.5385,0.0,0.0,1084.7575,211.806667
2025-06-29 12:00:00+10:00,0.0,57.831425,527.461883,81.318383,125.469,0.0,0.0,1033.063333,180.6075
2025-06-29 13:00:00+10:00,0.0,57.847725,512.896283,97.812358,114.0175,0.0,0.0,1024.115833,201.7675
2025-06-29 14:00:00+10:00,0.0,57.886783,547.730325,94.774992,87.743,0.0,0.0,1069.038333,250.176667
2025-06-29 15:00:00+10:00,0.0,57.833075,585.674042,110.174733,47.1855,0.0,0.0,1124.36,238.070833
2025-06-29 16:00:00+10:00,0.0,57.850983,952.622333,102.641183,16.078,0.0,0.0,1227.844167,191.588333
2025-06-29 17:00:00+10:00,0.0,57.8347,1752.100492,105.995192,0.4025,0.0,0.0,1401.323333,218.924167
2025-06-29 18:00:00+10:00,0.0,57.836325,1805.765892,120.906008,0.0,0.0,0.0,1385.5525,220.585833
2025-06-29 19:00:00+10:00,0.0,57.834692,1726.765542,121.622958,0.0,0.0,0.0,1335.444167,213.4075
2025-06-29 20:00:00+10:00,0.0,57.859117,1351.733075,139.886308,0.0,0.0,0.0,1270.92,208.119167
2025-06-29 21:00:00+10:00,0.0,57.8526,1184.58575,134.384883,0.0,0.0,0.0,1222.573333,193.536667
2025-06-29 22:00:00+10:00,0.0,57.859117,839.861917,122.984175,0.0,0.0,0.0,1185.020833,187.526667
2025-06-29 23:00:00+10:00,0.0,57.84285,783.763108,139.291083,0.0,0.0,0.0,1114.5775,191.05
2025-06-30 00:00:00+10:00,0.0,40.172533,783.591633,152.8869,0.0,0.0,0.0,1078.211667,194.663333
2025-06-30 01:00:00+10:00,0.0,0.0,719.457458,151.810417,0.0,0.0,0.0,1059.04,183.5
2025-06-30 02:00:00+10:00,0.0,0.0,703.870017,150.491675,0.0,0.0,0.0,1053.580833,175.335833
2025-06-30 03:00:00+10:00,0.0,0.0,717.413642,135.689142,0.0,0.0,0.0,1069.028333,171.068333
2025-06-30 04:00:00+10:00,0.0,0.0,685.2867,121.113917,0.0,0.0,0.0,1128.116667,186.654167
2025-06-30 05:00:00+10:00,0.0,0.0,809.627517,136.878142,0.0,0.0,0.0,1150.516667,200.675833
2025-06-30 06:00:00+10:00,0.0,39.635283,1533.9459,126.218458,0.0,0.0,0.0,1310.4125,198.504167
2025-06-30 07:00:00+10:00,0.0,60.532717,1954.679633,107.629167,0.0,0.0,0.0,1443.171667,250.806667
2025-06-30 08:00:00+10:00,0.0,108.933717,1969.625075,109.469167,4.89,0.0,0.0,1493.0925,248.518333
2025-06-30 09:00:00+10:00,0.0,91.991775,1751.969283,96.052733,40.8165,0.0,0.0,1411.398333,211.465833
2025-06-30 10:00:00+10:00,0.0,57.831442,1334.274475,48.788333,85.8515,0.0,0.0,1296.139167,212.964167
2025-06-30 11:00:00+10:00,0.0,57.84935,962.451283,24.497725,109.5595,0.0,0.0,1203.8925,191.8875
2025-06-30 12:00:00+10:00,0.0,57.811908,759.199992,15.641992,131.2685,0.0,0.0,1168.3275,168.945
2025-06-30 13:00:00+10:00,0.0,57.84285,707.355825,10.950833,128.0125,0.0,0.0,1141.74,165.208333
2025-06-30 14:00:00+10:00,0.0,57.852608,720.591333,11.2775,105.3045,0.0,0.0,1167.660833,165.529167
2025-06-30 15:00:00+10:00,0.0,57.8412,837.556025,13.091667,61.609,0.0,0.0,1223.388333,214.343333
2025-06-30 16:00:00+10:00,0.0,57.841208,1581.580075,11.67,19.6695,0.0,0.0,1326.09,237.421667
2025-06-30 17:00:00+10:00,0.0,102.251258,1976.588142,35.984167,0.584,0.0,0.0,1451.016667,267.470833
2025-06-30 18:00:00+10:00,0.0,108.450483,1974.271408,46.299167,0.0,0.0,0.0,1480.365833,242.688333
2025-06-30 19:00:00+10:00,0.0,108.571325,1951.648508,47.640833,0.0,0.0,0.0,1455.571667,233.493333
2025-06-30 20:00:00+10:00,0.0,108.586692,1889.107583,42.07,0.0,0.0,0.0,1415.013333,218.3725
2025-06-30 21:00:00+10:00,0.0,91.814767,1681.4001,35.630833,0.0,0.0,0.0,1331.895,191.216667
2025-06-30 22:00:00+10:00,0.0,57.815158,1297.433142,42.6,0.0,0.0,0.0,1258.725833,164.5825
2025-06-30 23:00:00+10:00,0.0,57.864008,823.37925,49.595,0.0,0.0,0.0,1193.221667,154.184167
2025-07-01 00:00:00+10:00,0.0,57.855867,848.257392,51.149167,0.0,0.0,0.0,1153.506667,177.3475
2025-07-01 01:00:00+10:00,0.0,57.818425,828.321167,61.1,0.0,0.0,0.0,1169.83,180.125833
2025-07-01 02:00:00+10:00,0.0,57.834708,764.839483,68.364167,0.0,0.0,0.0,1198.945,160.151667
2025-07-01 03:00:00+10:00,0.0,57.850983,655.717083,63.035,0.0,0.0,0.0,1197.823333,154.000833
2025-07-01 04:00:00+10:00,0.0,57.839567,652.839075,71.581667,0.0,0.0,0.0,1183.354167,139.939167
2025-07-01 05:00:00+10:00,0.0,57.87375,711.380217,87.479167,0.0,0.0,0.0,1248.716667,155.0675
2025-07-01 06:00:00+10:00,0.0,57.870517,1062.650658,94.918333,0.0,0.0,0.0,1371.0975,176.953333
2025-07-01 07:00:00+10:00,0.0,68.841375,1462.55595,99.414167,0.0,0.0,0.0,1527.218333,199.839167
2025-07-01 08:00:00+10:00,0.0,109.104267,1376.1879,96.863333,3.3405,0.0,0.0,1570.710833,188.65
2025-07-01 09:00:00+10:00,0.0,66.21435,1335.29245,80.83,33.7445,0.0,0.0,1509.396667,204.865833
2025-07-01 10:00:00+10:00,0.0,57.875408,1161.962675,72.5775,73.9705,0.0,0.0,1424.250833,200.181667
2025-07-01 11:00:00+10:00,0.0,57.846092,924.953767,69.4475,101.363,0.0,0.0,1335.434167,208.8175
2025-07-01 12:00:00+10:00,0.0,57.844467,1188.944508,71.621092,123.0315,0.0,0.0,1278.68,243.971667
2025-07-01 13:00:00+10:00,0.0,57.850967,1418.475475,69.6923,104.285,0.0,0.0,1287.5875,234.334167
2025-07-01 14:00:00+10:00,0.0,57.839592,1472.289092,90.9616,75.954,0.0,0.0,1329.814167,231.426667
2025-07-01 15:00:00+10:00,0.0,57.855867,1535.444833,89.9739,43.826,0.0,0.0,1355.105,217.8675
2025-07-01 16:00:00+10:00,0.0,57.833092,1502.313475,84.48175,15.4715,0.0,0.0,1434.3475,209.14
2025-07-01 17:00:00+10:00,0.0,57.823292,1480.6986,91.735358,0.489,0.0,0.0,1512.77,204.286667
2025-07-01 18:00:00+10:00,0.0,57.83145,1420.276908,102.0325,0.0,0.0,0.0,1521.878333,199.795833
2025-07-01 19:00:00+10:00,0.0,57.821675,1368.469867,124.570833,0.0,0.0,0.0,1479.095833,199.791667
2025-07-01 20:00:00+10:00,0.0,57.844467,1265.922542,126.765,0.0,0.0,0.0,1419.264167,181.080833
2025-07-01 21:00:00+10:00,0.0,57.86075,1150.854758,132.809167,0.0,0.0,0.0,1333.675,162.5675
2025-07-01 22:00:00+10:00,0.0,57.811892,931.120025,161.939433,0.0,0.0,0.0,1261.046667,142.448333
2025-07-01 23:00:00+10:00,0.0,57.8689,773.039883,157.249983,0.0,0.0,0.0,1181.686667,155.365833
2025-07-02 00:00:00+10:00,0.0,57.8575,782.525292,158.738667,0.0,0.0,0.0,1182.730833,157.735833
2025-07-02 01:00:00+10:00,0.0,57.831433,631.013042,154.23185,0.0,0.0,0.0,1171.864167,145.476667
2025-07-02 02:00:00+10:00,0.0,57.824925,618.00615,154.994992,0.0,0.0,0.0,1171.821667,122.0425
2025-07-02 03:00:00+10:00,0.0,57.826567,586.468408,153.608333,0.0,0.0,0.0,1175.040833,105.656667
2025-07-02 04:00:00+10:00,0.0,57.8819,565.295333,144.961667,0.0,0.0,0.0,1131.03,93.645
2025-07-02 05:00:00+10:00,0.0,57.868892,623.489733,147.200558,0.0,0.0,0.0,1191.4125,122.7475
2025-07-02 06:00:00+10:00,0.0,57.826542,863.339083,161.149558,0.0,0.0,0.0,1315.505833,164.084167
2025-07-02 07:00:00+10:00,0.0,57.854217,1200.777675,173.011842,0.0,0.0,0.0,1438.1975,176.250833
2025-07-02 08:00:00+10:00,0.0,57.847725,1126.554692,193.004408,1.4915,0.0,0.0,1454.711667,204.246667
2025-07-02 09:00:00+10:00,0.0,57.8526,1341.092883,186.284383,13.017,0.0,0.0,1436.749167,206.201667
2025-07-02 10:00:00+10:00,0.0,57.836325,1156.595592,184.369808,28.156,0.666417,0.0,1391.695833,196.0125
2025-07-02 11:00:00+10:00,0.0,57.839567,895.517425,154.141592,38.88,0.0,0.0,1354.3875,183.6325
2025-07-02 12:00:00+10:00,0.0,57.85585,883.031542,141.955325,49.1535,0.0,0.0,1332.785,201.356667
2025-07-02 13:00:00+10:00,0.0,57.857492,860.4716,112.808533,60.8845,0.0,0.0,1292.9375,216.3275
2025-07-02 14:00:00+10:00,0.0,57.865625,964.9493,108.853325,54.0885,0.0,0.0,1294.631667,202.826667
2025-07-02 15:00:00+10:00,0.0,57.847733,986.060825,115.063408,36.278,0.0,0.0,1324.4775,207.981667
2025-07-02 16:00:00+10:00,0.0,57.8705,1236.341067,113.031458,12.586,0.0,0.0,1384.995,214.116667
2025-07-02 17:00:00+10:00,0.0,57.862375,1321.6055,113.414433,0.4075,0.0,0.0,1456.856667,185.935833
2025-07-02 18:00:00+10:00,0.0,57.865625,1376.616117,100.978933,0.0,0.0,0.0,1483.110833,198.03
2025-07-02 19:00:00+10:00,0.0,57.8575,1322.303317,116.787892,0.0,0.0,0.0,1452.415,197.938333
2025-07-02 20:00:00+10:00,0.0,57.850967,1279.865267,140.386325,0.0,0.0,0.0,1411.055,199.92
2025-07-02 21:00:00+10:00,0.0,57.857467,1320.833458,132.096342,0.0,0.0,0.0,1357.671667,192.286667
2025-07-02 22:00:00+10:00,0.0,57.873775,1177.622458,85.401667,0.0,0.0,0.0,1266.080833,186.765833
2025-07-02 23:00:00+10:00,0.0,57.836325,1128.746175,91.125383,0.0,0.0,0.0,1188.225833,193.945
2025-07-03 00:00:00+10:00,0.0,57.857467,935.21695,95.603117,0.0,0.0,0.0,1167.5475,191.21
2025-07-03 01:00:00+10:00,0.0,57.8412,642.2935,105.0095,0.0,0.0,0.0,1148.165833,167.301667
2025-07-03 02:00:00+10:00,0.0,57.855867,611.409833,76.5425,0.0,0.0,0.0,1140.955833,165.535833
2025-07-03 03:00:00+10:00,0.0,57.8705,655.660358,80.31665,0.0,0.0,0.0,1138.584167,189.573333
2025-07-03 04:00:00+10:00,0.0,57.846092,687.6307,66.303333,0.0,0.0,0.0,1149.7725,205.224167
2025-07-03 05:00:00+10:00,0.0,57.855867,646.634108,78.5475,0.0,0.0,0.0,1143.1875,202.831667
2025-07-03 06:00:00+10:00,0.0,57.862367,1067.9878,78.076667,0.0,0.0,0.0,1242.424167,219.404167
2025-07-03 07:00:00+10:00,0.0,57.836317,1505.622892,72.798333,0.0,0.0,0.0,1382.925,227.0925
2025-07-03 08:00:00+10:00,0.0,57.84935,1479.223942,64.020833,2.1715,0.0,0.0,1422.663333,218.595833
2025-07-03 09:00:00+10:00,0.0,57.8412,1315.512458,61.316667,18.9535,0.0,0.0,1380.571667,195.041667
2025-07-03 10:00:00+10:00,0.0,57.846092,919.219375,83.871742,38.3205,0.0,0.0,1328.876667,165.409167
2025-07-03 11:00:00+10:00,0.0,57.860742,794.224258,88.925467,51.943,0.0,0.0,1281.3225,152.221667
2025-07-03 12:00:00+10:00,0.0,57.8461,765.376442,63.530783,57.7465,0.0,0.0,1272.088333,145.180833
2025-07-03 13:00:00+10:00,0.0,57.855842,771.213758,55.605833,66.9195,0.0,0.0,1250.755,56.094167
2025-07-03 14:00:00+10:00,0.0,57.877033,794.843892,47.615833,56.4475,0.0,0.0,1266.435833,45.641667
2025-07-03 15:00:00+10:00,0.0,57.862367,824.915433,33.530833,30.735,0.0,0.0,1290.091667,135.164167
2025-07-03 16:00:00+10:00,0.0,57.870525,1303.507583,25.690833,9.6255,0.0,0.0,1358.7725,205.166667
2025-07-03 17:00:00+10:00,0.0,57.849333,1493.478725,21.034167,0.128,0.0,0.0,1390.988333,226.8575
2025-07-03 18:00:00+10:00,0.0,57.854233,1563.778758,27.868333,0.0,0.0,0.0,1397.575833,241.195
2025-07-03 19:00:00+10:00,0.0,57.86075,1565.576117,36.256167,0.0,0.0,0.0,1377.924167,215.044167
2025-07-03 20:00:00+10:00,0.0,57.860758,1593.764192,51.293058,0.0,0.0,0.0,1367.416667,238.026667
2025-07-03 21:00:00+10:00,0.0,57.863992,1446.973683,62.55425,0.0,0.0,0.0,1315.315,193.661667
2025-07-03 22:00:00+10:00,0.0,57.901433,1402.616633,64.285408,0.0,0.0,0.0,1247.983333,194.239167
2025-07-03 23:00:00+10:00,0.0,57.870525,1202.463567,82.851883,0.0,0.0,0.0,1157.795,190.06
2025-07-04 00:00:00+10:00,0.0,57.831442,1012.321892,78.87315,0.0,0.0,0.0,1149.025833,189.833333
2025-07-04 01:00:00+10:00,0.0,57.868883,693.747758,76.048658,0.0,0.0,0.0,1132.153333,186.69
2025-07-04 02:00:00+10:00,0.0,57.873767,653.625067,73.2558,0.0,0.0,0.0,1126.058333,175.098333
2025-07-04 03:00:00+10:00,0.0,57.8624,656.705083,61.057658,0.0,0.0,0.0,1126.889167,161.003333
2025-07-04 04:00:00+10:00,0.0,57.8575,655.406908,69.560817,0.0,0.0,0.0,1113.8925,154.665833
2025-07-04 05:00:00+10:00,0.0,57.870517,671.547,74.519742,0.0,0.0,0.0,1141.8475,157.704167
2025-07-04 06:00:00+10:00,0.0,57.888417,1159.009992,79.987108,0.0,0.0,0.0,1276.265,187.683333
2025-07-04 07:00:00+10:00,0.0,57.86725,1390.618325,96.367458,0.0,0.0,0.0,1437.391667,190.248333
2025-07-04 08:00:00+10:00,0.0,57.86725,1246.818717,125.700508,5.017,0.0,0.0,1473.66,182.8675
2025-07-04 09:00:00+10:00,0.0,57.842833,981.040625,106.526325,31.327,0.0,0.0,1402.029167,157.790833
2025-07-04 10:00:00+10:00,0.0,57.820042,896.168492,90.946075,65.958,0.0,0.0,1335.044167,112.601667
2025-07-04 11:00:00+10:00,0.0,57.852608,804.807725,94.563292,85.975,0.0,0.0,1260.040833,95.885833
2025-07-04 12:00:00+10:00,0.0,57.820042,828.136325,75.471733,91.9255,0.0,0.0,1217.784167,65.24
2025-07-04 13:00:00+10:00,0.0,57.875392,771.301667,62.502758,80.2945,0.0,0.0,1191.550833,65.0775
2025-07-04 14:00:00+10:00,0.0,57.833083,779.720583,85.803433,73.155,0.0,0.0,1172.5625,55.410833
2025-07-04 15:00:00+10:00,0.0,57.824908,831.428992,83.312525,50.444,0.0,0.0,1194.211667,68.076667
2025-07-04 16:00:00+10:00,0.0,57.83145,1027.581175,73.908133,16.7315,0.0,0.0,1276.520833,187.3625
2025-07-04 17:00:00+10:00,0.0,57.859117,1361.844367,93.176642,0.379,0.0,0.0,1384.310833,196.004167
2025-07-04 18:00:00+10:00,0.0,57.833075,1276.508067,125.326333,0.0,0.0,0.0,1384.241667,199.245
2025-07-04 19:00:00+10:00,0.0,57.868883,1189.799483,153.038092,0.0,0.0,0.0,1341.03,188.968333
2025-07-04 20:00:00+10:00,0.0,57.860742,1057.422525,143.260475,0.0,0.0,0.0,1293.890833,196.884167
2025-07-04 21:00:00+10:00,0.0,57.864,802.241333,130.550875,0.0,0.0,0.0,1244.451667,154.768333
2025-07-04 22:00:00+10:00,0.0,57.857492,785.161567,145.894783,0.0,0.0,0.0,1173.0925,101.664167
2025-07-04 23:00:00+10:00,0.0,57.868883,700.13535,133.658617,0.0,0.0,0.0,1114.824167,108.203333
2025-07-05 00:00:00+10:00,0.0,57.824933,695.544375,131.891075,0.0,0.0,0.0,1119.75,105.121667
2025-07-05 01:00:00+10:00,0.0,57.841217,679.746742,129.972342,0.0,0.0,0.0,1109.523333,101.443333
2025-07-05 02:00:00+10:00,0.0,57.860733,713.19655,126.125075,0.0,0.0,0.0,1099.729167,72.7925
2025-07-05 03:00:00+10:00,0.0,57.831433,717.064575,129.59435,0.0,0.0,0.0,1100.538333,78.584167
2025-07-05 04:00:00+10:00,0.0,57.818417,710.1373,114.862675,0.0,0.0,0.0,1070.7025,85.514167
2025-07-05 05:00:00+10:00,0.0,57.85585,682.931875,145.918617,0.0,0.0,0.0,1061.568333,83.349167
2025-07-05 06:00:00+10:00,0.0,57.852617,681.522633,143.018625,0.0,0.0,0.0,1095.598333,100.746667
2025-07-05 07:00:00+10:00,0.0,57.88515,809.121808,125.914575,0.0,0.0,0.0,1164.6225,113.018333
2025-07-05 08:00:00+10:00,0.0,57.836308,905.971017,118.481275,3.2255,0.0,0.0,1310.155833,111.794167
2025-07-05 09:00:00+10:00,0.0,57.823283,962.889167,103.072233,21.834,0.0,0.0,1371.765833,65.530833
2025-07-05 10:00:00+10:00,0.0,57.8526,915.861967,121.669842,45.1635,0.0,0.0,1321.243333,41.381667
2025-07-05 11:00:00+10:00,0.0,57.847708,822.440967,141.7922,70.5705,0.0,0.0,1247.785,39.804167
2025-07-05 12:00:00+10:00,0.0,57.896558,761.39465,159.226525,87.4785,0.0,0.0,1185.585833,26.7475
2025-07-05 13:00:00+10:00,0.0,57.702825,711.387708,191.434658,75.644,0.0,0.0,1143.865833,42.095
2025-07-05 14:00:00+10:00,0.0,57.536767,651.478325,147.567075,87.414,0.0,0.0,1128.364167,87.971667
2025-07-05 15:00:00+10:00,0.0,57.414667,648.302583,123.156117,54.491,0.0,0.0,1161.464167,102.6575
2025-07-05 16:00:00+10:00,0.0,57.808625,914.280667,110.228017,17.9775,0.0,0.0,1206.1775,115.558333
2025-07-05 17:00:00+10:00,0.0,57.829825,1074.856108,110.510517,0.5765,0.0,0.0,1318.520833,125.5275
2025-07-05 18:00:00+10:00,0.0,57.872142,1047.676283,108.357908,0.0,0.0,0.0,1327.709167,126.418333
2025-07-05 19:00:00+10:00,0.0,57.860742,1007.9478,100.97555,0.0,0.0,0.0,1297.994167,82.344167
2025-07-05 20:00:00+10:00,0.0,57.828183,905.602033,96.477142,0.0,0.0,0.0,1266.504167,110.790833
2025-07-05 21:00:00+10:00,0.0,57.847725,856.020308,87.45365,0.0,0.0,0.0,1221.989167,113.591667
2025-07-05 22:00:00+10:00,0.0,57.857475,798.267817,98.028133,0.0,0.0,0.0,1159.6875,99.431667
2025-07-05 23:00:00+10:00,0.0,57.846092,747.89505,84.85515,0.0,0.0,0.0,1103.353333,119.4325
2025-07-06 00:00:00+10:00,0.0,57.837967,712.963167,72.884342,0.0,0.0,0.0,1087.196667,113.5175
2025-07-06 01:00:00+10:00,0.0,57.862375,744.144392,68.316108,0.0,0.0,0.0,1109.2975,107.92
2025-07-06 02:00:00+10:00,0.0,57.867258,747.379275,58.869392,0.0,0.0,0.0,1108.291667,94.7025
2025-07-06 03:00:00+10:00,0.0,57.847708,742.678233,64.331667,0.0,0.0,0.0,1105.028333,93.563333
2025-07-06 04:00:00+10:00,0.0,57.857475,779.296275,70.773333,0.0,0.0,0.0,1113.564167,100.040833
2025-07-06 05:00:00+10:00,0.0,57.854225,802.992167,98.190833,0.0,0.0,0.0,1128.948333,123.3725
2025-07-06 06:00:00+10:00,0.0,57.836325,840.314075,105.775,0.0,0.0,0.0,1162.444167,134.000833
2025-07-06 07:00:00+10:00,0.0,57.88515,950.589108,92.410833,0.0,0.0,0.0,1177.2125,141.43
2025-07-06 08:00:00+10:00,0.0,57.8575,971.681592,71.591667,4.762,0.0,0.0,1248.151667,130.808333
2025-07-06 09:00:00+10:00,0.0,57.816783,973.713242,51.934167,30.149,0.0,0.0,1250.878333,101.471667
2025-07-06 10:00:00+10:00,0.0,57.852592,931.847783,25.756667,74.6215,0.0,0.0,1188.991667,99.259167
2025-07-06 11:00:00+10:00,0.0,57.846083,852.138117,14.456667,110.683,0.0,0.0,1104.4225,102.413333
2025-07-06 12:00:00+10:00,0.0,57.883525,792.058575,11.821667,127.9315,0.0,0.0,1030.646667,112.5425
2025-07-06 13:00:00+10:00,0.0,57.850975,734.986,8.985,121.6305,0.0,0.0,1000.7075,111.465
2025-07-06 14:00:00+10:00,0.0,57.754925,750.839675,26.209167,106.731,0.0,0.0,1013.77,124.031667
2025-07-06 15:00:00+10:00,0.0,57.411425,796.295967,35.573592,65.746,0.0,0.0,1057.919167,141.223333
2025-07-06 16:00:00+10:00,0.0,57.7533,1003.578992,41.040258,18.8575,0.0,0.0,1167.636667,197.535833
2025-07-06 17:00:00+10:00,0.0,57.857483,1265.152083,27.092225,0.5245,0.0,0.0,1304.036667,194.0925
2025-07-06 18:00:00+10:00,0.0,57.878658,1319.9183,17.831667,0.0,0.0,0.0,1331.546667,190.173333
2025-07-06 19:00:00+10:00,0.0,57.864,1310.787333,6.19,0.0,0.0,0.0,1306.258333,190.255
2025-07-06 20:00:00+10:00,0.0,57.84935,1278.67415,4.353183,0.0,0.0,0.0,1290.193333,190.24
2025-07-06 21:00:00+10:00,0.0,57.894958,1222.391575,20.128883,0.0,0.0,0.0,1241.240833,191.581667
2025-07-06 22:00:00+10:00,0.0,57.891675,1147.783067,14.450317,0.0,0.0,0.0,1172.7825,190.058333
2025-07-06 23:00:00+10:00,0.0,57.844458,1095.317058,1.740833,0.0,0.0,0.0,1123.975,190.238333
2025-07-07 00:00:00+10:00,0.0,57.839583,1104.28385,3.195442,0.0,0.0,0.0,1136.6725,193.56
2025-07-07 01:00:00+10:00,0.0,57.860742,1059.719767,0.551667,0.0,0.0,0.0,1122.990833,197.940833
2025-07-07 02:00:00+10:00,0.0,57.852608,874.866617,1.369167,0.0,0.0,0.0,1114.600833,199.966667
2025-07-07 03:00:00+10:00,0.0,57.841192,922.30935,2.93,0.0,0.0,0.0,1123.899167,205.979167
2025-07-07 04:00:00+10:00,0.0,57.877025,1020.107833,6.055,0.0,0.0,0.0,1145.5325,191.0175
2025-07-07 05:00:00+10:00,0.0,57.868883,1095.489017,4.379342,0.0,0.0,0.0,1205.703333,190.134167
2025-07-07 06:00:00+10:00,0.0,57.829808,1219.342883,2.7725,0.0,0.0,0.0,1270.034167,175.989167
2025-07-07 07:00:00+10:00,0.0,57.881917,1457.96395,7.030833,0.0,0.0,0.0,1394.923333,166.345833
2025-07-07 08:00:00+10:00,0.0,57.849358,1493.605625,9.686667,5.4165,0.0,0.0,1454.249167,167.3325
2025-07-07 09:00:00+10:00,0.0,57.86075,1321.946225,9.333333,35.5365,0.0,0.0,1394.329167,179.403333
2025-07-07 10:00:00+10:00,0.0,57.84935,1112.347325,12.895,72.46,0.0,0.0,1286.365,173.495
2025-07-07 11:00:00+10:00,0.0,57.860742,927.78455,8.855,112.59,0.0,0.0,1203.28,153.343333
2025-07-07 12:00:00+10:00,0.0,57.852625,1011.780875,4.871667,130.8425,0.0,0.0,1155.209167,161.081667
2025-07-07 13:00:00+10:00,0.0,57.837967,1011.709533,21.26,129.6695,0.0,0.0,1177.645833,145.929167
2025-07-07 14:00:00+10:00,0.0,57.67515,1038.6055,18.146358,105.46,0.0,0.0,1171.3275,115.258333
2025-07-07 15:00:00+10:00,0.0,57.842842,927.612992,13.571667,66.6645,0.0,0.0,1186.829167,134.873333
2025-07-07 16:00:00+10:00,0.0,57.857483,1088.269875,17.485833,21.8075,0.0,0.0,1265.665,196.858333
2025-07-07 17:00:00+10:00,0.0,57.839592,1216.867408,57.8875,0.719,0.0,0.0,1382.745833,189.4675
2025-07-07 18:00:00+10:00,0.0,57.847717,1184.8739,92.089167,0.0,0.0,0.0,1406.625,189.360833
2025-07-07 19:00:00+10:00,0.0,57.844467,1114.573325,106.4497,0.0,0.0,0.0,1384.773333,189.855
2025-07-07 20:00:00+10:00,0.0,57.818425,968.0092,139.002183,0.0,0.0,0.0,1347.688333,189.320833
2025-07-07 21:00:00+10:00,0.0,57.873775,823.92375,138.373933,0.0,0.0,0.0,1290.823333,135.039167
2025-07-07 22:00:00+10:00,0.0,57.864,722.210825,150.201958,0.0,0.0,0.0,1203.28,99.840833
2025-07-07 23:00:00+10:00,0.0,57.857492,592.062167,163.160592,0.0,0.0,0.0,1124.565,96.766667
2025-07-08 00:00:00+10:00,0.0,57.860733,508.747742,180.814517,0.0,0.0,0.0,1090.143333,85.5025
2025-07-08 01:00:00+10:00,0.0,57.83795,457.715275,220.408533,0.0,0.429567,0.0,1095.8825,79.203333
2025-07-08 02:00:00+10:00,0.0,57.82655,388.646283,239.686808,0.0,1.590158,0.0,1078.191667,83.691667
2025-07-08 03:00:00+10:00,0.0,57.847725,369.587025,255.156667,0.0,0.228617,0.0,1080.2775,87.248333
2025-07-08 04:00:00+10:00,0.0,57.8347,380.391933,257.6215,0.0,0.0,0.0,1089.041667,86.073333
2025-07-08 05:00:00+10:00,0.0,57.842825,418.347317,297.906858,0.0,0.0,0.0,1138.533333,85.298333
2025-07-08 06:00:00+10:00,0.0,57.818417,541.432975,317.865683,0.0,0.0,0.0,1174.594167,96.501667
2025-07-08 07:00:00+10:00,0.0,57.611658,615.828658,333.518425,0.0,0.0,0.0,1276.073333,136.668333
2025-07-08 08:00:00+10:00,0.0,57.281192,657.25395,323.644683,2.396,0.0,0.0,1329.9225,149.763333
2025-07-08 09:00:00+10:00,0.0,56.991408,656.3406,374.000842,16.0715,0.0,0.0,1296.545833,118.649167
2025-07-08 10:00:00+10:00,0.0,56.7065,476.535683,404.474467,46.6495,1.251758,0.0,1218.51,128.231667
2025-07-08 11:00:00+10:00,0.0,56.1953,471.033908,389.057042,64.448,0.499767,0.0,1188.595833,130.096667
2025-07-08 12:00:00+10:00,0.0,56.52905,477.827525,398.300683,48.6095,0.0,0.0,1193.95,129.8375
2025-07-08 13:00:00+10:00,0.0,56.7586,488.308617,410.393425,32.6035,0.0,0.0,1202.828333,125.594167
2025-07-08 14:00:00+10:00,0.0,56.615325,440.426267,431.589267,18.5835,0.894008,0.0,1204.020833,111.7075
2025-07-08 15:00:00+10:00,0.0,56.599058,460.108075,420.469958,9.4585,0.828825,0.0,1237.501667,113.713333
2025-07-08 16:00:00+10:00,0.0,56.9963,604.425467,385.456425,2.791,1.146825,0.0,1297.02,140.795
2025-07-08 17:00:00+10:00,0.0,57.53515,628.299883,394.965558,0.061,3.286417,0.0,1354.424167,117.335
2025-07-08 18:00:00+10:00,0.0,57.714217,582.809675,452.366058,0.0,3.326417,0.0,1351.7225,121.655833
2025-07-08 19:00:00+10:00,0.0,57.826567,740.401142,396.895658,0.0,7.307083,0.0,1320.825833,166.881667
2025-07-08 20:00:00+10:00,0.0,57.841208,819.411758,386.405408,0.0,6.813,0.0,1262.605833,161.649167
2025-07-08 21:00:00+10:00,0.0,57.829808,726.119208,409.278758,0.0,1.711,0.0,1202.135,155.33
2025-07-08 22:00:00+10:00,0.0,57.844475,538.287317,430.65705,0.0,3.977083,0.0,1116.371667,127.856667
2025-07-08 23:00:00+10:00,0.0,57.857492,403.392192,404.230292,0.0,8.603417,0.0,1042.503333,127.701667
2025-07-09 00:00:00+10:00,0.0,57.829825,323.086967,398.52715,0.0,8.945083,0.0,1033.3625,128.585
2025-07-09 01:00:00+10:00,0.0,57.820033,336.21815,329.309225,0.0,4.56725,0.0,1031.658333,130.086667
2025-07-09 02:00:00+10:00,0.0,57.831458,309.578558,348.094533,0.0,3.674917,0.0,1030.401667,129.786667
2025-07-09 03:00:00+10:00,0.0,57.8575,319.078483,303.908433,0.0,1.93725,0.0,1051.3375,125.221667
2025-07-09 04:00:00+10:00,0.0,57.850983,340.156992,360.333358,0.0,2.198,0.0,1031.305,94.078333
2025-07-09 05:00:00+10:00,0.0,57.875417,366.635992,315.202058,0.0,1.437167,0.0,1088.7675,175.806667
2025-07-09 06:00:00+10:00,0.0,57.854225,554.880392,258.133808,0.0,0.0,0.0,1175.600833,182.543333
2025-07-09 07:00:00+10:00,0.0,57.844475,980.984517,254.445242,0.0,0.0,0.0,1284.038333,204.626667
2025-07-09 08:00:00+10:00,0.0,57.84285,875.445375,159.811542,5.978,0.0,0.0,1353.639167,157.303333
2025-07-09 09:00:00+10:00,0.0,57.873775,1098.816925,120.174758,42.622,0.0,0.0,1288.525833,181.594167
2025-07-09 10:00:00+10:00,0.0,57.850975,1094.15535,99.028208,85.565,0.0,0.0,1193.173333,190.221667
2025-07-09 11:00:00+10:00,0.0,57.83145,1010.922108,126.95405,103.7075,0.0,0.0,1130.6925,190.015833
2025-07-09 12:00:00+10:00,0.0,57.837958,933.637717,175.486633,111.374,0.0,0.0,1084.146667,189.2675
2025-07-09 13:00:00+10:00,0.0,57.824933,682.138142,182.936575,94.021,0.0,0.0,1023.945833,133.706667
2025-07-09 14:00:00+10:00,0.0,57.849342,530.605475,214.457617,67.6805,0.0,0.0,1090.31,94.609167
2025-07-09 15:00:00+10:00,0.0,57.8347,618.374217,172.396333,39.8095,0.0,0.0,1137.856667,130.219167
2025-07-09 16:00:00+10:00,0.0,57.852592,720.295833,199.6258,13.8035,0.0,0.0,1204.3775,131.623333
2025-07-09 17:00:00+10:00,0.0,57.854242,1002.232842,239.691092,0.5815,0.0,0.0,1301.668333,162.664167
2025-07-09 18:00:00+10:00,0.0,57.818417,808.04075,266.459917,0.0,0.0,0.0,1328.635833,134.965833
2025-07-09 19:00:00+10:00,0.0,57.808642,797.970592,315.318775,0.0,0.0,0.0,1298.595833,111.566667
2025-07-09 20:00:00+10:00,0.0,57.873767,669.802408,335.78875,0.0,0.0,0.0,1257.47,143.425
2025-07-09 21:00:00+10:00,0.0,57.83145,699.595275,387.547375,0.0,0.0,0.0,1215.488333,172.098333
2025-07-09 22:00:00+10:00,0.0,57.839592,635.6642,297.294658,0.0,0.0,0.0,1160.8375,177.6725
2025-07-09 23:00:00+10:00,0.0,57.833067,609.643683,288.0445,0.0,0.0,0.0,1115.436667,181.900833
2025-07-10 00:00:00+10:00,0.0,57.842833,586.304967,288.420625,0.0,0.0,0.0,1060.0375,176.151667
2025-07-10 01:00:00+10:00,0.0,57.846092,598.646525,281.99385,0.0,0.0,0.0,1050.056667,169.8775
2025-07-10 02:00:00+10:00,0.0,57.85585,519.8038,195.264325,0.0,0.0,0.0,1061.874167,164.255
2025-07-10 03:00:00+10:00,0.0,57.837958,470.452333,196.558208,0.0,0.0,0.0,1069.830833,150.993333
2025-07-10 04:00:00+10:00,0.0,57.857483,474.140842,177.92285,0.0,0.0,0.0,1077.068333,143.248333
2025-07-10 05:00:00+10:00,0.0,57.829825,538.358833,118.1382,0.0,0.022792,0.0,1099.145,129.733333
2025-07-10 06:00:00+10:00,0.0,11.24785,802.822567,76.118292,0.0,0.0,0.0,1183.595833,146.911667
2025-07-10 07:00:00+10:00,0.0,0.0,1064.606475,79.393117,0.0,0.0,0.0,1291.391667,175.025833
2025-07-10 08:00:00+10:00,0.0,0.0,913.549192,75.124933,1.9265,0.0,0.0,1375.575833,155.134167
2025-07-10 09:00:00+10:00,0.0,0.0,882.090525,142.394317,11.685,0.0,0.0,1313.351667,113.3575
2025-07-10 10:00:00+10:00,0.0,0.0,777.824033,213.793792,36.323,0.0,0.0,1229.640833,93.308333
2025-07-10 11:00:00+10:00,0.0,0.0,641.866833,241.450608,57.4985,0.0,0.0,1148.635,104.255833
2025-07-10 12:00:00+10:00,0.0,0.0,623.197575,332.690817,65.5685,0.0,0.0,1105.76,78.775
2025-07-10 13:00:00+10:00,0.0,0.0,523.082708,388.098033,61.7785,0.0,0.0,1135.174167,97.284167
2025-07-10 14:00:00+10:00,0.0,0.0,635.458483,290.40985,53.025,0.0,0.0,1163.495833,88.8525
2025-07-10 15:00:00+10:00,0.0,0.0,659.656708,285.613225,36.3975,0.0,0.0,1172.5275,99.7975
2025-07-10 16:00:00+10:00,0.0,0.0,786.4167,365.8986,15.5675,0.0,0.0,1170.299167,145.924167
2025-07-10 17:00:00+10:00,0.0,32.244167,947.231483,378.48655,1.2645,0.0,0.0,1277.880833,166.6075
2025-07-10 18:00:00+10:00,0.0,57.867258,968.0793,340.476967,0.0,0.0,0.0,1322.075,182.575
2025-07-10 19:00:00+10:00,0.0,57.83795,921.3732,351.692333,0.0,0.0,0.0,1306.613333,175.275833
2025-07-10 20:00:00+10:00,0.0,57.857508,908.660533,296.045758,0.0,0.0,0.0,1293.831667,173.445833
2025-07-10 21:00:00+10:00,0.0,39.596208,762.090792,259.576583,0.0,0.0,0.0,1252.183333,154.318333
2025-07-10 22:00:00+10:00,0.0,0.0,579.115975,238.427942,0.0,2.635833,0.0,1161.493333,127.8475
2025-07-10 23:00:00+10:00,0.0,0.0,488.101508,288.598317,0.0,4.87625,0.0,1085.5325,110.213333
2025-07-11 00:00:00+10:00,0.0,0.0,442.632433,301.5771,0.0,4.896083,0.0,1075.093333,113.785833
2025-07-11 01:00:00+10:00,0.0,0.0,446.522625,280.731075,0.0,0.93575,0.0,1048.766667,100.851667
2025-07-11 02:00:00+10:00,0.0,0.0,440.702942,311.194533,0.0,0.0,0.0,1004.538333,105.3425
2025-07-11 03:00:00+10:00,0.0,0.0,390.788708,389.128175,0.0,0.813208,0.0,991.125,94.708333
2025-07-11 04:00:00+10:00,0.0,0.0,350.109833,363.340642,0.0,0.096833,0.0,1015.750833,114.114167
2025-07-11 05:00:00+10:00,0.0,0.0,438.35035,361.714192,0.0,0.0,0.0,1029.56,129.83
2025-07-11 06:00:00+10:00,0.0,0.0,615.284867,308.59855,0.0,0.0,0.0,1105.886667,166.099167
2025-07-11 07:00:00+10:00,0.0,0.0,738.24105,301.541725,0.0,0.0,0.0,1217.595,190.785833
2025-07-11 08:00:00+10:00,0.0,0.0,757.209017,280.077608,4.979,0.0,0.0,1282.364167,190.329167
2025-07-11 09:00:00+10:00,0.0,0.0,697.255025,321.379917,24.67,0.0,0.0,1245.2225,160.178333
2025-07-11 10:00:00+10:00,0.0,0.0,521.081533,458.002658,46.835,1.138,0.0,1181.0075,119.101667
2025-07-11 11:00:00+10:00,0.0,0.0,359.077625,507.0381,86.7655,7.783167,0.0,1106.081667,120.2875
2025-07-11 12:00:00+10:00,0.0,0.0,336.395375,510.799492,87.4235,10.020083,0.0,1094.305,113.714167
2025-07-11 13:00:00+10:00,0.0,0.0,398.715408,510.599483,100.329,8.417558,0.0,1076.0,113.554167
2025-07-11 14:00:00+10:00,0.0,0.0,357.826108,506.219467,106.4575,10.224667,0.0,1053.735833,134.885
2025-07-11 15:00:00+10:00,0.0,0.0,442.217467,488.661425,61.7375,9.37425,0.0,1067.7775,154.2175
2025-07-11 16:00:00+10:00,0.0,0.0,575.6625,490.662167,23.2845,9.570417,0.0,1140.804167,182.21
2025-07-11 17:00:00+10:00,0.0,0.0,888.782292,456.461883,0.948,10.170917,0.0,1228.129167,190.173333
2025-07-11 18:00:00+10:00,0.0,0.0,915.768683,426.333192,0.0,10.162083,0.0,1246.379167,190.126667
2025-07-11 19:00:00+10:00,0.0,0.0,884.5908,430.6717,0.0,10.16875,0.0,1214.515,190.118333
2025-07-11 20:00:00+10:00,0.0,0.0,863.192617,410.315908,0.0,10.21525,0.0,1184.825833,190.128333
2025-07-11 21:00:00+10:00,0.0,0.0,796.270025,406.992642,0.0,9.9025,0.0,1150.5775,189.943333
2025-07-11 22:00:00+10:00,0.0,0.0,671.680275,377.068892,0.0,7.454667,0.0,1097.585833,190.126667
2025-07-11 23:00:00+10:00,0.0,0.0,687.210325,335.953325,0.0,0.0,0.0,1035.680833,190.0175
2025-07-12 00:00:00+10:00,0.0,0.0,860.756433,211.370667,0.0,0.0,0.0,1064.893333,190.22
2025-07-12 01:00:00+10:00,0.0,0.0,915.880608,178.410017,0.0,0.0,0.0,1067.266667,190.239167
2025-07-12 02:00:00+10:00,0.0,0.0,806.889575,205.656258,0.0,0.0,0.0,1046.98,190.205
2025-07-12 03:00:00+10:00,0.0,0.0,658.844317,206.010717,0.0,0.0,0.0,1033.694167,186.2975
2025-07-12 04:00:00+10:00,0.0,0.0,515.940783,244.6831,0.0,0.0,0.0,1033.319167,180.846667
2025-07-12 05:00:00+10:00,0.0,0.0,564.605283,219.535108,0.0,0.267233,0.0,1071.155833,186.459167
2025-07-12 06:00:00+10:00,0.0,0.0,845.465275,190.830933,0.0,0.0,0.0,1103.5,190.235
2025-07-12 07:00:00+10:00,0.0,0.0,1028.196375,177.641975,0.0,0.0,0.0,1165.704167,190.24
2025-07-12 08:00:00+10:00,0.0,0.0,1049.5184,210.284817,7.559,0.0,0.0,1245.830833,190.210833
2025-07-12 09:00:00+10:00,0.0,0.0,936.314017,194.756533,41.1625,0.0,0.0,1222.575,185.328333
2025-07-12 10:00:00+10:00,0.0,0.0,628.790458,220.606942,84.437,-0.014725,0.0,1147.668333,113.496667
2025-07-12 11:00:00+10:00,0.0,0.0,539.6363,225.776342,116.9455,0.194517,0.0,1096.665,87.43
2025-07-12 12:00:00+10:00,0.0,0.0,482.31225,260.920775,125.832,3.349392,0.0,1059.294167,77.618333
2025-07-12 13:00:00+10:00,0.0,0.0,469.765183,259.266808,121.2835,1.483417,0.0,1036.820833,74.95
2025-07-12 14:00:00+10:00,0.0,0.0,461.206,287.845025,88.5095,1.005108,0.0,1066.044167,89.294167
2025-07-12 15:00:00+10:00,0.0,0.0,500.0465,266.644425,64.4285,0.0,0.0,1039.0025,127.639167
2025-07-12 16:00:00+10:00,0.0,0.0,883.628692,215.789308,22.8735,0.0,0.0,1128.931667,188.19
2025-07-12 17:00:00+10:00,0.0,0.0,1097.061067,228.864908,0.867,0.0,0.0,1223.448333,192.5525
2025-07-12 18:00:00+10:00,0.0,0.0,1102.442558,187.923167,0.0,0.0,0.0,1241.601667,190.244167
2025-07-12 19:00:00+10:00,0.0,0.0,956.59565,192.030742,0.0,0.0,0.0,1209.1675,190.175
2025-07-12 20:00:00+10:00,0.0,0.0,604.473733,257.576683,0.0,0.283425,0.0,1172.760833,184.145
2025-07-12 21:00:00+10:00,0.0,0.0,560.027717,249.334742,0.0,0.0,0.0,1135.606667,153.4375
2025-07-12 22:00:00+10:00,0.0,0.0,488.501983,285.140708,0.0,0.0,0.0,1068.993333,135.19
2025-07-12 23:00:00+10:00,0.0,0.0,408.012617,289.522558,0.0,0.0,0.0,1007.150833,129.6375
2025-07-13 00:00:00+10:00,0.0,0.0,328.508342,337.409542,0.0,0.100858,0.0,981.865833,113.673333
2025-07-13 01:00:00+10:00,0.0,0.0,348.750842,312.344567,0.0,0.0,0.0,993.173333,105.535833
2025-07-13 02:00:00+10:00,0.0,0.0,326.290592,337.790375,0.0,0.0,0.0,973.306667,77.599167
2025-07-13 03:00:00+10:00,0.0,0.0,336.01615,322.326092,0.0,0.0,0.0,961.78,77.2475
2025-07-13 04:00:00+10:00,0.0,0.0,322.551142,423.34365,0.0,2.35585,0.0,960.870833,87.190833
2025-07-13 05:00:00+10:00,0.0,0.0,288.0203,467.434117,0.0,1.457,0.0,967.170833,86.974167
2025-07-13 06:00:00+10:00,0.0,0.0,273.815683,473.752517,0.0,2.364025,0.0,997.575,91.1675
2025-07-13 07:00:00+10:00,0.0,0.0,308.657908,473.297567,0.0,1.360492,0.0,1011.4075,96.245
2025-07-13 08:00:00+10:00,0.0,0.0,437.60105,474.337567,2.3075,0.0,0.0,1074.413333,96.620833
2025-07-13 09:00:00+10:00,0.0,0.0,508.663358,480.206508,11.403,0.0,0.0,1137.134167,88.985833
2025-07-13 10:00:00+10:00,0.0,0.0,489.12485,489.603367,23.141,0.074883,0.0,1124.358333,91.689167
2025-07-13 11:00:00+10:00,0.0,0.0,399.681467,478.974217,50.1015,1.498517,0.0,1089.76,91.87
2025-07-13 12:00:00+10:00,0.0,0.0,354.356917,458.829342,76.645,23.279967,0.0,1019.8825,100.905
2025-07-13 13:00:00+10:00,0.0,0.0,341.622417,493.423042,55.7115,3.710983,0.0,1043.519167,90.035
2025-07-13 14:00:00+10:00,0.0,0.0,363.743717,510.147875,36.5945,10.221917,0.0,1071.405833,106.931667
2025-07-13 15:00:00+10:00,0.0,0.0,418.919108,495.36125,19.666,10.222,0.0,1133.57,114.2325
2025-07-13 16:00:00+10:00,0.0,0.0,473.111883,514.176517,5.517,10.222,0.0,1160.425833,126.871667
2025-07-13 17:00:00+10:00,0.0,0.0,586.093825,468.767342,0.1605,10.21875,0.0,1213.198333,135.11
2025-07-13 18:00:00+10:00,0.0,0.0,608.694583,515.697042,0.0,10.221917,0.0,1220.338333,120.288333
2025-07-13 19:00:00+10:00,0.0,0.0,499.84405,504.628825,0.0,9.522917,0.0,1209.143333,113.871667
2025-07-13 20:00:00+10:00,0.0,0.0,425.356608,482.7159,0.0,8.600083,0.0,1194.933333,118.664167
2025-07-13 21:00:00+10:00,0.0,0.0,398.872867,488.479875,0.0,9.913333,0.0,1157.9275,127.9825
2025-07-13 22:00:00+10:00,0.0,0.0,383.183875,481.043583,0.0,8.268667,0.0,1106.26,137.554167
2025-07-13 23:00:00+10:00,0.0,0.0,376.241208,510.029167,0.0,7.291,0.0,1074.665833,131.455833
2025-07-14 00:00:00+10:00,0.0,0.0,353.82585,505.6328,0.0,7.306333,0.0,1043.073333,137.1525
2025-07-14 01:00:00+10:00,0.0,0.0,328.845517,482.132542,0.0,6.568417,0.0,1037.261667,138.5425
2025-07-14 02:00:00+10:00,0.0,0.0,313.981883,486.849208,0.0,2.024,0.0,1025.200833,137.979167
2025-07-14 03:00:00+10:00,0.0,0.0,314.598908,452.217333,0.0,0.359117,0.0,1034.7525,141.9025
2025-07-14 04:00:00+10:00,0.0,0.0,353.990983,403.898658,0.0,0.0,0.0,1053.075,186.811667
2025-07-14 05:00:00+10:00,0.0,0.0,536.842792,441.417975,0.0,0.0,0.0,1120.78,188.44
2025-07-14 06:00:00+10:00,0.0,27.163175,832.035967,419.366258,0.0,0.760508,0.0,1172.005,180.325833
2025-07-14 07:00:00+10:00,0.0,57.842842,904.183617,422.8475,0.0,0.050042,0.0,1275.945,175.636667
2025-07-14 08:00:00+10:00,0.0,57.85585,976.422442,406.9698,6.4955,0.0,0.0,1325.2475,180.855833
2025-07-14 09:00:00+10:00,0.0,40.232767,885.305075,380.359208,41.4865,0.0,0.0,1265.2925,171.056667
2025-07-14 10:00:00+10:00,0.0,0.0,690.306683,342.63145,86.2635,0.0,0.0,1189.936667,170.654167
2025-07-14 11:00:00+10:00,0.0,0.0,478.266175,337.611917,122.052,0.0,0.0,1110.951667,147.2975
2025-07-14 12:00:00+10:00,0.0,0.0,463.545142,340.124425,135.1985,2.42475,0.0,1079.925833,138.095833
2025-07-14 13:00:00+10:00,0.0,0.0,465.166042,332.248908,135.0725,0.970083,0.0,1077.649167,133.655
2025-07-14 14:00:00+10:00,0.0,0.0,623.369933,312.44815,107.9335,2.97175,0.0,1099.47,171.369167
2025-07-14 15:00:00+10:00,0.0,0.0,908.254792,294.073208,60.8085,2.28575,0.0,1158.886667,181.205833
2025-07-14 16:00:00+10:00,0.0,2.678058,1064.853417,235.510158,19.478,0.0,0.0,1230.7425,179.34
2025-07-14 17:00:00+10:00,0.0,53.048383,1201.803633,220.645708,0.781,0.0,0.0,1375.0875,185.099167
2025-07-14 18:00:00+10:00,0.0,57.87865,1269.6421,181.062008,0.0,0.0,0.0,1413.358333,189.325
2025-07-14 19:00:00+10:00,0.0,57.862375,1186.910983,186.226208,0.0,0.0,0.0,1385.22,175.255833
2025-07-14 20:00:00+10:00,0.0,57.857492,1171.261125,150.04605,0.0,0.0,0.0,1355.829167,180.4075
2025-07-14 21:00:00+10:00,0.0,40.1937,1113.802583,139.147492,0.0,0.0,0.0,1294.961667,176.665833
2025-07-14 22:00:00+10:00,0.0,0.0,1042.224967,87.13455,0.0,0.0,0.0,1229.321667,182.156667
2025-07-14 23:00:00+10:00,0.0,0.0,932.854533,65.915942,0.0,0.0,0.0,1154.906667,170.489167
2025-07-15 00:00:00+10:00,0.0,0.0,779.845933,47.236075,0.0,0.0,0.0,1155.143333,150.318333
2025-07-15 01:00:00+10:00,0.0,0.0,750.434583,63.13695,0.0,0.0,0.0,1131.809167,149.194167
2025-07-15 02:00:00+10:00,0.0,0.0,756.835167,59.900983,0.0,0.0,0.0,1116.558333,149.035833
2025-07-15 03:00:00+10:00,0.0,0.0,813.075258,41.699,0.0,0.0,0.0,1134.190833,154.683333
2025-07-15 04:00:00+10:00,0.0,0.0,778.714158,47.073092,0.0,0.0,0.0,1121.955833,163.288333
2025-07-15 05:00:00+10:00,0.0,0.0,982.420417,56.826308,0.0,0.0,0.0,1172.565833,162.754167
2025-07-15 06:00:00+10:00,0.0,0.0,1157.741583,111.154808,0.0,0.0,0.0,1258.6375,160.969167
2025-07-15 07:00:00+10:00,0.0,0.0,1315.233675,103.617183,0.0,0.0,0.0,1345.174167,159.1775
2025-07-15 08:00:00+10:00,0.0,0.0,1422.602575,83.911258,7.38,0.0,0.0,1413.723333,163.054167
2025-07-15 09:00:00+10:00,0.0,0.0,1346.7667,81.9799,45.088,0.0,0.0,1323.104167,167.458333
2025-07-15 10:00:00+10:00,0.0,0.0,1227.346475,49.03805,94.1845,0.0,0.0,1243.55,158.609167
2025-07-15 11:00:00+10:00,0.0,0.0,1070.56025,72.090442,131.3025,0.0,0.0,1157.955833,153.543333
2025-07-15 12:00:00+10:00,0.0,0.0,999.855175,117.664542,140.2965,0.0,0.0,1101.483333,150.298333
2025-07-15 13:00:00+10:00,0.0,0.0,883.826233,192.244117,147.056,0.0,0.0,1070.535833,150.16
2025-07-15 14:00:00+10:00,0.0,0.0,818.143458,267.702517,109.7975,0.0,0.0,1087.145,150.160833
2025-07-15 15:00:00+10:00,0.0,0.0,907.581075,298.349208,62.209,0.0,0.0,1120.606667,97.835833
2025-07-15 16:00:00+10:00,0.0,0.0,1082.689858,260.677567,16.987,0.0,0.0,1211.063333,125.141667
2025-07-15 17:00:00+10:00,0.0,0.0,1210.839967,288.479492,0.824,0.0,0.0,1307.485833,136.1675
2025-07-15 18:00:00+10:00,0.0,0.0,1240.664033,317.080667,0.0,0.0,0.0,1335.879167,129.075
2025-07-15 19:00:00+10:00,0.0,0.0,1122.671083,369.977725,0.0,0.0,0.0,1285.601667,87.428333
2025-07-15 20:00:00+10:00,0.0,0.0,1105.613125,390.123567,0.0,0.0,0.0,1276.5375,72.6175
2025-07-15 21:00:00+10:00,0.0,0.0,1038.019367,411.89665,0.0,0.0,0.0,1228.629167,63.6525
2025-07-15 22:00:00+10:00,0.0,0.0,858.14065,460.06255,0.0,0.0,0.0,1148.873333,82.815
2025-07-15 23:00:00+10:00,0.0,0.0,679.70275,457.732925,0.0,0.0,0.0,1058.724167,92.170833
2025-07-16 00:00:00+10:00,0.0,0.0,610.046492,471.07835,0.0,3.442,0.0,1032.899167,64.295833
2025-07-16 01:00:00+10:00,0.0,0.0,579.888083,463.166017,0.0,7.232583,0.0,1020.215833,64.966667
2025-07-16 02:00:00+10:00,0.0,0.0,576.101192,475.848775,0.0,6.875,0.0,1011.9975,57.0075
2025-07-16 03:00:00+10:00,0.0,0.0,575.798242,474.849325,0.0,4.660583,0.0,1018.708333,58.085
2025-07-16 04:00:00+10:00,0.0,0.0,676.583192,391.5014,0.0,0.0,0.0,1042.67,85.940833
2025-07-16 05:00:00+10:00,0.0,0.0,746.448433,407.177642,0.0,1.664833,0.0,1107.870833,89.023333
2025-07-16 06:00:00+10:00,0.0,0.0,964.084058,380.520633,0.0,0.638667,0.0,1216.3075,99.509167
2025-07-16 07:00:00+10:00,0.0,0.0,1100.304467,293.169167,0.0,0.0,0.0,1274.085,145.698333
2025-07-16 08:00:00+10:00,0.0,0.0,1185.379692,216.017025,7.5665,0.0,0.0,1321.0425,159.795833
2025-07-16 09:00:00+10:00,0.0,0.0,1165.857867,189.171375,45.7855,0.0,0.0,1229.453333,118.464167
2025-07-16 10:00:00+10:00,0.0,0.0,1100.110267,189.446358,83.9365,0.0,0.0,1169.009167,97.8425
2025-07-16 11:00:00+10:00,0.0,0.0,930.155167,165.800608,117.66,0.0,0.0,1098.095833,92.939167
2025-07-16 12:00:00+10:00,0.0,0.0,904.642142,167.02995,122.57,0.0,0.0,1062.86,115.8975
2025-07-16 13:00:00+10:00,0.0,0.0,962.313758,170.204325,123.4065,0.0,0.0,1085.889167,88.995
2025-07-16 14:00:00+10:00,0.0,0.0,1040.790867,177.29585,104.942,0.0,0.0,1131.7775,99.463333
2025-07-16 15:00:00+10:00,0.0,0.0,1086.043742,159.879333,61.3095,0.0,0.0,1164.0175,127.816667
2025-07-16 16:00:00+10:00,0.0,0.0,1170.117325,125.413492,24.5085,0.0,0.0,1226.941667,159.685833
2025-07-16 17:00:00+10:00,0.0,0.0,1332.420142,136.297133,1.771,0.0,0.0,1302.464167,166.74
2025-07-16 18:00:00+10:00,0.0,0.0,1403.023125,146.18495,0.0,0.0,0.0,1357.126667,168.140833
2025-07-16 19:00:00+10:00,0.0,0.0,1279.396967,167.9558,0.0,0.0,0.0,1342.815833,160.206667
2025-07-16 20:00:00+10:00,0.0,0.0,1204.64895,207.567317,0.0,0.0,0.0,1314.4025,134.273333
2025-07-16 21:00:00+10:00,0.0,0.0,1115.420967,259.626783,0.0,0.0,0.0,1291.663333,103.784167
2025-07-16 22:00:00+10:00,0.0,0.0,950.557467,320.317525,0.0,0.0,0.0,1210.700833,81.745833
2025-07-16 23:00:00+10:00,0.0,0.0,846.333242,331.11525,0.0,0.0,0.0,1137.375833,80.240833
2025-07-17 00:00:00+10:00,0.0,0.0,827.766667,327.019883,0.0,0.0,0.0,1085.321667,81.381667
2025-07-17 01:00:00+10:00,0.0,0.0,770.470483,337.5568,0.0,0.0,0.0,1041.996667,80.455
2025-07-17 02:00:00+10:00,0.0,0.0,688.0766,374.963692,0.0,0.0,0.0,1022.135,81.374167
2025-07-17 03:00:00+10:00,0.0,0.0,654.980692,420.157125,0.0,0.15,0.0,1024.185833,80.965833
2025-07-17 04:00:00+10:00,0.0,0.0,628.382508,461.009742,0.0,3.287333,0.0,1031.9925,77.9325
2025-07-17 05:00:00+10:00,0.0,0.0,654.260975,468.789158,0.0,7.158667,0.0,1070.0275,72.986667
2025-07-17 06:00:00+10:00,0.0,0.0,804.914758,496.697267,0.0,7.227,0.0,1180.096667,52.870833
2025-07-17 07:00:00+10:00,0.0,0.0,966.485367,451.956067,0.0,7.2765,0.0,1293.823333,88.425
2025-07-17 08:00:00+10:00,0.0,0.0,981.120508,480.0795,5.3835,7.79175,0.0,1324.178333,79.214167
2025-07-17 09:00:00+10:00,0.0,0.0,1013.748783,478.874425,21.489,10.222,0.0,1299.588333,82.001667
2025-07-17 10:00:00+10:00,0.0,0.0,1121.489117,447.279733,43.2045,9.564833,0.0,1256.15,82.416667
2025-07-17 11:00:00+10:00,0.0,0.0,964.085167,448.620075,78.7975,4.612475,0.0,1107.955,59.9775
2025-07-17 12:00:00+10:00,0.0,0.0,749.583642,448.406658,94.798,9.488167,0.0,1067.441667,71.4675
2025-07-17 13:00:00+10:00,0.0,0.0,675.45545,433.667692,112.38,9.8595,0.0,1018.776667,87.04
2025-07-17 14:00:00+10:00,0.0,0.0,786.771192,418.859808,97.077,9.9135,0.0,1083.920833,91.0825
2025-07-17 15:00:00+10:00,0.0,0.0,845.128442,418.979883,72.638,9.702833,0.0,1119.2325,94.985833
2025-07-17 16:00:00+10:00,0.0,0.0,959.341942,425.669075,25.918,7.127583,0.0,1212.583333,99.055
2025-07-17 17:00:00+10:00,0.0,0.0,1139.801475,409.020342,1.4455,0.0,0.0,1352.053333,146.351667
2025-07-17 18:00:00+10:00,0.0,26.689433,1165.499875,411.326992,0.0,0.319408,0.0,1336.679167,116.420833
2025-07-17 19:00:00+10:00,0.0,57.883542,1160.443583,406.288708,0.0,0.0,0.0,1306.435,116.1225
2025-07-17 20:00:00+10:00,0.0,57.862367,1211.66435,316.509408,0.0,0.0,0.0,1308.383333,142.441667
2025-07-17 21:00:00+10:00,0.0,57.8705,1290.915508,256.675617,0.0,0.0,0.0,1264.011667,152.99
2025-07-17 22:00:00+10:00,0.0,40.139958,1149.212425,271.158642,0.0,0.0,0.0,1185.3425,110.998333
2025-07-17 23:00:00+10:00,0.0,0.0,1106.156775,251.910858,0.0,0.0,0.0,1145.525,120.629167
2025-07-18 00:00:00+10:00,0.0,0.0,1066.73985,242.302067,0.0,0.0,0.0,1122.896667,107.154167
2025-07-18 01:00:00+10:00,0.0,0.0,955.483625,283.357933,0.0,0.0,0.0,1075.745,90.396667
2025-07-18 02:00:00+10:00,0.0,0.0,939.343083,269.825133,0.0,0.0,0.0,1079.915833,82.635
2025-07-18 03:00:00+10:00,0.0,0.0,914.511867,292.534342,0.0,0.0,0.0,1068.088333,77.555833
2025-07-18 04:00:00+10:00,0.0,0.0,958.759933,249.841775,0.0,0.0,0.0,1085.945,114.650833
2025-07-18 05:00:00+10:00,0.0,0.0,975.823967,222.491883,0.0,0.0,0.0,1091.274167,114.949167
2025-07-18 06:00:00+10:00,0.0,0.0,1102.8624,285.138883,0.0,0.0,0.0,1169.541667,123.741667
2025-07-18 07:00:00+10:00,0.0,0.0,1283.1841,313.31845,0.0,0.0,0.0,1272.4775,194.061667
2025-07-18 08:00:00+10:00,0.0,0.0,1338.476733,238.828492,5.449,0.0,0.0,1354.993333,169.71
2025-07-18 09:00:00+10:00,0.0,0.0,1229.256275,224.848633,39.1565,0.0,0.0,1279.85,151.731667
2025-07-18 10:00:00+10:00,0.0,0.0,1063.519692,220.283375,61.9635,0.0,0.0,1209.9825,159.535
2025-07-18 11:00:00+10:00,0.0,0.0,952.255017,246.326,86.295,0.0,0.0,1152.1025,121.981667
2025-07-18 12:00:00+10:00,0.0,0.0,857.138375,342.0,109.681,0.0,0.0,1118.915833,77.083333
2025-07-18 13:00:00+10:00,0.0,0.0,806.037567,340.0378,115.5425,0.0,0.0,1094.975,70.179167
2025-07-18 14:00:00+10:00,0.0,0.0,792.171692,329.546883,92.4,0.0,0.0,1123.740833,70.343333
2025-07-18 15:00:00+10:00,0.0,0.0,915.628692,268.167492,60.478,0.0,0.0,1169.4,76.1575
2025-07-18 16:00:00+10:00,0.0,0.0,1069.262108,293.103933,26.0395,0.0,0.0,1190.0925,109.585833
2025-07-18 17:00:00+10:00,0.0,26.793633,1228.8058,283.537925,1.561,0.0,0.0,1251.119167,137.945
2025-07-18 18:00:00+10:00,0.0,57.842825,1194.434883,362.509525,0.0,0.0,0.0,1328.675833,113.075833
2025-07-18 19:00:00+10:00,0.0,40.249025,1126.598242,340.192642,0.0,0.0,0.0,1335.515833,86.878333
2025-07-18 20:00:00+10:00,0.0,0.0,1036.4068,389.536192,0.0,0.0,0.0,1295.976667,81.79
2025-07-18 21:00:00+10:00,0.0,0.0,962.95245,416.913742,0.0,1.859592,0.0,1249.038333,73.445833
2025-07-18 22:00:00+10:00,0.0,0.0,832.921017,435.720308,0.0,0.0,0.0,1166.7175,70.273333
2025-07-18 23:00:00+10:00,0.0,0.0,700.143008,430.950525,0.0,0.0,0.0,1080.503333,70.118333
2025-07-19 00:00:00+10:00,0.0,0.0,687.891433,401.861042,0.0,0.0,0.0,1033.396667,70.115
2025-07-19 01:00:00+10:00,0.0,0.0,600.903892,432.515942,0.0,0.0,0.0,999.475833,69.5675
2025-07-19 02:00:00+10:00,0.0,0.0,410.455942,451.873642,0.0,0.0,0.0,977.936667,67.901667
2025-07-19 03:00:00+10:00,0.0,0.0,340.569508,486.295517,0.0,0.0,0.0,986.169167,67.623333
2025-07-19 04:00:00+10:00,0.0,0.0,429.827267,499.726858,0.0,0.0,0.0,994.673333,60.694167
2025-07-19 05:00:00+10:00,0.0,0.0,479.648942,487.877083,0.0,0.0,0.0,1010.588333,60.093333
2025-07-19 06:00:00+10:00,0.0,0.0,567.97625,488.275667,0.0,0.0,0.0,1059.095833,62.515833
2025-07-19 07:00:00+10:00,0.0,0.0,685.216433,512.860725,0.0,0.058333,0.0,1122.725833,82.644167
2025-07-19 08:00:00+10:00,0.0,0.0,712.119925,509.9699,5.7675,0.0,0.0,1192.8025,78.0175
2025-07-19 09:00:00+10:00,0.0,0.0,513.923117,505.52965,32.9875,1.258833,0.0,1189.353333,61.0175
2025-07-19 10:00:00+10:00,0.0,0.0,580.95,417.254292,59.167,3.273083,0.0,1191.5,61.608333
2025-07-19 11:00:00+10:00,0.0,0.0,580.522967,359.789733,72.7545,5.987083,0.0,1155.155,60.1
2025-07-19 12:00:00+10:00,0.0,0.0,503.278617,344.50975,77.759,6.679583,0.0,1119.674167,60.191667
2025-07-19 13:00:00+10:00,0.0,0.0,426.732408,356.7381,71.92,7.203,0.0,1081.2125,68.236667
2025-07-19 14:00:00+10:00,0.0,0.0,515.729133,378.6881,31.9705,7.22325,0.0,1133.969167,60.4275
2025-07-19 15:00:00+10:00,0.0,0.0,857.387917,329.387267,14.8625,7.293667,0.0,1240.061667,94.4875
2025-07-19 16:00:00+10:00,0.0,0.0,929.52015,357.0831,5.419,8.74085,0.0,1203.860833,143.785833
2025-07-19 17:00:00+10:00,0.0,0.0,1198.343858,376.006433,0.7205,7.304583,0.0,1262.159167,76.746667
2025-07-19 18:00:00+10:00,0.0,0.0,1253.3226,390.760917,0.0,7.305167,0.0,1282.07,71.543333
2025-07-19 19:00:00+10:00,0.0,0.0,1245.959858,388.510008,0.0,7.304833,0.0,1264.483333,91.443333
2025-07-19 20:00:00+10:00,0.0,0.0,1227.493883,479.51855,0.0,7.28525,0.0,1244.156667,78.089167
2025-07-19 21:00:00+10:00,0.0,0.0,1116.776567,496.062017,0.0,7.300083,0.0,1232.213333,98.313333
2025-07-19 22:00:00+10:00,0.0,0.0,1012.00625,466.106533,0.0,7.201333,0.0,1196.17,88.7175
2025-07-19 23:00:00+10:00,0.0,0.0,777.429883,479.7709,0.0,7.900158,0.0,1093.226667,94.353333
2025-07-20 00:00:00+10:00,0.0,0.0,679.481458,481.085867,0.0,7.432192,0.0,1018.365833,99.038333
2025-07-20 01:00:00+10:00,0.0,0.0,712.528608,472.500817,0.0,6.45825,0.0,1001.2425,76.304167
2025-07-20 02:00:00+10:00,0.0,0.0,701.30745,475.789983,0.0,3.220333,0.0,989.348333,75.9
2025-07-20 03:00:00+10:00,0.0,0.0,688.260075,485.667892,0.0,3.3515,0.0,990.38,84.161667
2025-07-20 04:00:00+10:00,0.0,0.0,724.651758,484.033342,0.0,3.488333,0.0,1005.258333,82.169167
2025-07-20 05:00:00+10:00,0.0,0.0,941.436067,472.730517,0.0,2.532417,0.0,1048.081667,78.314167
2025-07-20 06:00:00+10:00,0.0,0.0,1120.428575,416.022075,0.0,3.584667,0.0,1110.376667,101.506667
2025-07-20 07:00:00+10:00,0.0,0.0,1271.2507,287.697308,0.0,0.15,0.0,1191.7825,132.395
2025-07-20 08:00:00+10:00,0.0,-0.95,1249.605892,228.408925,8.2875,0.0,0.0,1259.069167,104.351667
2025-07-20 09:00:00+10:00,0.0,-0.946667,1133.324308,230.803625,47.171,0.0,0.0,1256.933333,52.915
2025-07-20 10:00:00+10:00,0.0,0.0,1100.647667,134.219925,96.977,0.0,0.0,1177.040833,53.5625
2025-07-20 11:00:00+10:00,0.0,0.0,1027.678875,95.037658,130.008,0.0,0.0,1080.705,51.444167
2025-07-20 12:00:00+10:00,0.0,0.0,891.420758,163.911958,150.306,0.0,0.0,1017.495833,46.9275
2025-07-20 13:00:00+10:00,0.0,0.0,799.721658,238.397508,147.03,0.0,0.0,994.2575,39.14
2025-07-20 14:00:00+10:00,0.0,0.0,815.267733,219.659458,126.0085,0.0,0.0,1009.7475,49.226667
2025-07-20 15:00:00+10:00,0.0,0.0,983.423333,196.014333,80.307,0.0,0.0,1072.146667,54.650833
2025-07-20 16:00:00+10:00,0.0,0.0,1235.515525,175.753317,28.543,0.0,0.0,1180.475833,103.325833
2025-07-20 17:00:00+10:00,0.0,0.0,1350.207242,190.71215,1.7305,0.486775,0.0,1315.395,116.200833
2025-07-20 18:00:00+10:00,0.0,0.0,1330.579567,225.20445,0.0,0.0,0.0,1375.848333,89.999167
2025-07-20 19:00:00+10:00,0.0,0.0,1304.8363,238.567625,0.0,0.0,0.0,1357.4,130.378333
2025-07-20 20:00:00+10:00,0.0,0.0,1286.225333,246.438633,0.0,0.0,0.0,1353.923333,116.281667
2025-07-20 21:00:00+10:00,0.0,0.0,1253.564925,245.671208,0.0,0.0,0.0,1317.9325,67.5275
2025-07-20 22:00:00+10:00,0.0,0.0,1133.129958,236.850792,0.0,3.434825,0.0,1235.7475,50.990833
2025-07-20 23:00:00+10:00,0.0,0.0,989.754967,249.696733,0.0,4.486742,0.0,1142.145833,51.976667
2025-07-21 00:00:00+10:00,0.0,0.0,877.332275,244.796142,0.0,0.0,0.0,1081.289167,43.200833
2025-07-21 01:00:00+10:00,0.0,0.0,866.433542,235.852017,0.0,0.0,0.0,1042.5225,38.161667
2025-07-21 02:00:00+10:00,0.0,0.0,867.441517,241.006333,0.0,0.0,0.0,1042.098333,37.654167
2025-07-21 03:00:00+10:00,0.0,0.0,850.711,251.070783,0.0,0.0,0.0,1051.549167,37.705833
2025-07-21 04:00:00+10:00,0.0,0.0,856.999808,231.404792,0.0,0.0,0.0,1065.873333,49.461667
2025-07-21 05:00:00+10:00,0.0,0.0,933.343867,204.236617,0.0,0.0,0.0,1119.215833,52.178333
2025-07-21 06:00:00+10:00,0.0,0.0,1124.447208,193.097483,0.0,0.0,0.0,1236.528333,52.334167
2025-07-21 07:00:00+10:00,0.0,0.0,1270.813667,203.980033,0.0,0.0,0.0,1363.101667,82.81
2025-07-21 08:00:00+10:00,0.0,0.0,1243.076017,197.383142,7.293,0.0,0.0,1414.789167,85.931667
2025-07-21 09:00:00+10:00,0.0,0.0,1201.9342,206.113217,39.067,0.0,0.0,1364.1425,63.763333
2025-07-21 10:00:00+10:00,0.0,0.0,1017.759258,191.98245,67.2335,0.0,0.0,1260.690833,80.399167
2025-07-21 11:00:00+10:00,0.0,0.0,819.491183,213.227267,94.2435,0.0,0.0,1179.524167,64.628333
2025-07-21 12:00:00+10:00,0.0,0.0,897.0399,212.266417,109.8045,0.0,0.0,1144.629167,43.144167
2025-07-21 13:00:00+10:00,0.0,0.0,889.329542,225.438017,108.912,0.0,0.0,1118.469167,29.086667
2025-07-21 14:00:00+10:00,0.0,0.0,911.090883,218.638583,91.33,0.0,0.0,1124.09,25.731667
2025-07-21 15:00:00+10:00,0.0,0.0,962.521192,219.566625,68.49,0.0,0.0,1149.476667,23.1225
2025-07-21 16:00:00+10:00,0.0,0.0,1067.079317,252.8218,20.0365,0.0,0.0,1216.854167,34.838333
2025-07-21 17:00:00+10:00,0.0,0.0,1217.147925,231.386133,1.531,0.0,0.0,1305.425833,75.991667
2025-07-21 18:00:00+10:00,0.0,0.0,1271.578875,241.6493,0.0,0.0,0.0,1337.931667,86.6925
2025-07-21 19:00:00+10:00,0.0,0.0,1136.272533,344.450508,0.0,0.0,0.0,1291.18,39.581667
2025-07-21 20:00:00+10:00,0.0,0.0,1059.0466,374.279025,0.0,0.0,0.0,1236.866667,25.7225
2025-07-21 21:00:00+10:00,0.0,0.0,943.8395,424.812575,0.0,0.0,0.0,1175.420833,32.463333
2025-07-21 22:00:00+10:00,0.0,0.0,788.155242,444.319892,0.0,0.0,0.0,1099.496667,29.6325
2025-07-21 23:00:00+10:00,0.0,0.0,696.232792,418.15975,0.0,0.0,0.0,1031.820833,22.198333
2025-07-22 00:00:00+10:00,0.0,0.0,666.534042,395.073192,0.0,0.0,0.0,990.413333,21.8325
2025-07-22 01:00:00+10:00,0.0,0.0,635.010992,395.905658,0.0,0.0,0.0,972.536667,21.643333
2025-07-22 02:00:00+10:00,0.0,0.0,602.882792,389.212383,0.0,0.0,0.0,966.473333,25.924167
2025-07-22 03:00:00+10:00,0.0,0.0,598.104292,384.850225,0.0,0.0,0.0,967.225833,33.801667
2025-07-22 04:00:00+10:00,0.0,0.0,690.58055,337.731642,0.0,0.0,0.0,965.534167,22.524167
2025-07-22 05:00:00+10:00,0.0,0.0,783.047317,326.70665,0.0,0.0,0.0,1031.535833,23.105
2025-07-22 06:00:00+10:00,0.0,0.0,943.155267,332.342358,0.0,0.0,0.0,1170.5525,29.853333
2025-07-22 07:00:00+10:00,0.0,0.0,1115.910758,339.950283,0.0,0.0,0.0,1323.5525,52.050833
2025-07-22 08:00:00+10:00,0.0,0.0,1082.377633,321.857167,7.089,0.0,0.0,1323.250833,46.503333
2025-07-22 09:00:00+10:00,0.0,0.0,957.960642,356.890575,42.592,0.0,0.0,1152.5625,20.486667
2025-07-22 10:00:00+10:00,0.0,0.0,868.83445,400.1338,57.5355,0.0,0.0,1094.895,20.311667
2025-07-22 11:00:00+10:00,0.0,0.0,775.404858,470.846492,42.925,0.0,0.0,1069.609167,20.385
2025-07-22 12:00:00+10:00,0.0,0.0,749.245725,441.478542,50.896,0.031292,0.0,1091.035,31.985
2025-07-22 13:00:00+10:00,0.0,0.0,730.736067,431.756075,33.6985,2.147667,0.0,1078.935,40.408333
2025-07-22 14:00:00+10:00,0.0,0.0,716.245033,459.921533,30.597,5.441667,0.0,1070.3325,23.533333
2025-07-22 15:00:00+10:00,0.0,0.0,698.231042,479.343592,14.6255,5.820167,0.0,1091.61,27.079167
2025-07-22 16:00:00+10:00,0.0,0.0,762.951475,493.667158,10.949,7.146667,0.0,1140.8075,56.9275
2025-07-22 17:00:00+10:00,0.0,0.0,889.605333,492.449258,0.2495,7.283583,0.0,1239.2525,77.849167
2025-07-22 18:00:00+10:00,0.0,0.0,954.715967,460.867717,0.0,5.656242,0.0,1251.225,41.591667
2025-07-22 19:00:00+10:00,0.0,0.0,929.159442,469.284142,0.0,4.312825,0.0,1208.164167,24.776667
2025-07-22 20:00:00+10:00,0.0,0.0,848.190933,486.681958,0.0,0.0,0.0,1168.67,27.325
2025-07-22 21:00:00+10:00,0.0,0.0,837.70235,430.837492,0.0,1.353158,0.0,1122.740833,45.289167
2025-07-22 22:00:00+10:00,0.0,0.0,805.849367,384.565433,0.0,0.1762,0.0,1051.615,41.439167
2025-07-22 23:00:00+10:00,0.0,0.0,797.98595,331.24775,0.0,0.0,0.0,995.966667,43.3525
2025-07-23 00:00:00+10:00,0.0,0.0,738.52225,352.681067,0.0,2.372583,0.0,968.5275,35.524167
2025-07-23 01:00:00+10:00,0.0,0.0,637.936758,349.348992,0.0,5.707417,0.0,940.52,21.706667
2025-07-23 02:00:00+10:00,0.0,0.0,584.20515,434.289825,0.0,6.65475,0.0,922.091667,24.911667
2025-07-23 03:00:00+10:00,0.0,0.0,577.2213,383.59955,0.0,7.268167,0.0,903.971667,24.9425
2025-07-23 04:00:00+10:00,0.0,0.0,515.865,468.833375,0.0,7.3035,0.0,905.9225,5.9675
2025-07-23 05:00:00+10:00,0.0,0.0,548.899167,499.5668,0.0,7.30275,0.0,959.2525,13.125833
2025-07-23 06:00:00+10:00,0.0,0.0,701.551892,520.429167,0.0,7.303167,0.0,1069.5225,36.723333
2025-07-23 07:00:00+10:00,0.0,0.0,876.543358,496.80235,0.0,9.4647,0.0,1198.614167,120.673333
2025-07-23 08:00:00+10:00,0.0,0.0,921.972058,481.010275,5.206,7.334742,0.0,1224.42,51.3375
2025-07-23 09:00:00+10:00,0.0,0.0,912.703708,462.098283,25.2005,7.303833,0.0,1193.769167,41.02
2025-07-23 10:00:00+10:00,0.0,0.0,850.064133,481.074758,52.2315,7.301167,0.0,1148.115,26.944167
2025-07-23 11:00:00+10:00,0.0,0.0,814.31035,456.5212,70.0865,7.234083,0.0,1099.185,26.704167
2025-07-23 12:00:00+10:00,0.0,0.0,738.272425,478.484075,92.102,7.255583,0.0,1043.4525,19.955833
2025-07-23 13:00:00+10:00,0.0,0.0,782.450658,459.927592,87.679,6.0135,0.0,1080.4225,26.430833
2025-07-23 14:00:00+10:00,0.0,0.0,822.317717,435.622225,67.4375,3.89775,0.0,1105.451667,28.593333
2025-07-23 15:00:00+10:00,0.0,0.0,842.715342,467.549625,47.3415,6.318667,0.0,1122.6075,27.621667
2025-07-23 16:00:00+10:00,0.0,0.0,1043.251508,480.389067,17.681,5.840833,0.0,1211.6975,52.565
2025-07-23 17:00:00+10:00,0.0,0.0,1243.697267,452.45895,0.8,6.014833,0.0,1303.3575,107.170833
2025-07-23 18:00:00+10:00,0.0,0.0,1257.712508,424.308783,0.0,2.594417,0.0,1325.989167,135.418333
2025-07-23 19:00:00+10:00,0.0,0.0,1371.514683,400.195575,0.0,0.3915,0.0,1313.6225,157.0975
2025-07-23 20:00:00+10:00,0.0,0.0,1283.58995,386.2325,0.0,0.0,0.0,1279.938333,122.793333
2025-07-23 21:00:00+10:00,0.0,0.0,1209.301925,343.999775,0.0,0.0,0.0,1248.793333,82.934167
2025-07-23 22:00:00+10:00,0.0,0.0,1122.309192,328.939533,0.0,0.0,0.0,1161.4725,35.011667
2025-07-23 23:00:00+10:00,0.0,0.0,984.181917,296.177717,0.0,0.0,0.0,1093.74,20.584167
2025-07-24 00:00:00+10:00,0.0,0.0,1035.1065,264.326533,0.0,0.0,0.0,1084.2525,43.841667
2025-07-24 01:00:00+10:00,0.0,0.0,1041.020342,229.086017,0.0,0.0,0.0,1072.341667,31.789167
2025-07-24 02:00:00+10:00,0.0,0.0,1021.159083,192.293367,0.0,0.0,0.0,1075.494167,24.754167
2025-07-24 03:00:00+10:00,0.0,0.0,1048.235942,157.601125,0.0,0.0,0.0,1079.9475,24.855833
2025-07-24 04:00:00+10:00,0.0,0.0,1071.363808,114.897517,0.0,0.0,0.0,1096.48,29.47
2025-07-24 05:00:00+10:00,0.0,0.0,1112.285983,119.773475,0.0,0.0,0.0,1170.388333,44.131667
2025-07-24 06:00:00+10:00,0.0,0.0,1255.64015,90.382708,0.0,0.0,0.0,1283.616667,105.39
2025-07-24 07:00:00+10:00,0.0,0.0,1305.309783,67.557,0.0,0.0,0.0,1401.248333,159.283333
2025-07-24 08:00:00+10:00,0.0,0.0,1321.7908,60.170392,9.8755,0.0,0.0,1411.1075,136.9275
2025-07-24 09:00:00+10:00,0.0,0.0,1189.522425,52.591433,55.086,0.0,0.0,1305.080833,82.035
2025-07-24 10:00:00+10:00,0.0,0.0,1127.178633,52.175033,103.952,0.0,0.0,1209.3425,54.480833
2025-07-24 11:00:00+10:00,0.0,0.0,1057.949233,47.33555,138.3805,0.0,0.0,1128.96,44.4375
2025-07-24 12:00:00+10:00,0.0,0.0,986.884167,44.8038,150.699,0.0,0.0,1098.265,43.343333
2025-07-24 13:00:00+10:00,0.0,0.0,943.689758,54.047233,148.227,0.0,0.0,1103.7875,39.414167
2025-07-24 14:00:00+10:00,0.0,0.0,969.520708,76.156892,126.561,0.0,0.0,1107.350833,46.751667
2025-07-24 15:00:00+10:00,0.0,0.0,1048.766442,75.821175,85.8215,0.0,0.0,1125.879167,69.990833
2025-07-24 16:00:00+10:00,0.0,0.0,1157.623742,68.942025,32.518,0.0,0.0,1158.501667,124.265
2025-07-24 17:00:00+10:00,0.0,0.0,1348.66725,60.974767,2.4135,0.0,0.0,1304.15,157.7025
2025-07-24 18:00:00+10:00,0.0,0.0,1529.900967,34.097442,0.0,0.0,0.0,1375.86,185.764167
2025-07-24 19:00:00+10:00,0.0,0.0,1446.134817,12.689017,0.0,0.0,0.0,1369.804167,160.018333
2025-07-24 20:00:00+10:00,0.0,0.0,1382.728192,20.78405,0.0,0.0,0.0,1342.415833,159.625
2025-07-24 21:00:00+10:00,0.0,0.0,1245.9827,37.8122,0.0,0.0,0.0,1291.561667,116.963333
2025-07-24 22:00:00+10:00,0.0,0.0,1092.221292,73.610933,0.0,0.0,0.0,1233.461667,72.015
2025-07-24 23:00:00+10:00,0.0,0.0,1052.2408,82.965317,0.0,0.0,0.0,1156.161667,60.581667
2025-07-25 00:00:00+10:00,0.0,0.0,1042.038992,83.228375,0.0,0.0,0.0,1121.130833,50.134167
2025-07-25 01:00:00+10:00,0.0,0.0,1019.862367,112.259417,0.0,0.0,0.0,1099.438333,26.613333
2025-07-25 02:00:00+10:00,0.0,0.0,994.882025,112.824917,0.0,0.0,0.0,1083.054167,20.516667
2025-07-25 03:00:00+10:00,0.0,0.0,1016.985692,98.507533,0.0,0.0,0.0,1087.774167,29.745833
2025-07-25 04:00:00+10:00,0.0,0.0,1017.520017,118.513683,0.0,0.0,0.0,1112.156667,22.02
2025-07-25 05:00:00+10:00,0.0,0.0,1077.049175,103.180742,0.0,0.0,0.0,1177.849167,38.336667
2025-07-25 06:00:00+10:00,0.0,0.0,1183.083333,95.054875,0.0,0.0,0.0,1299.3125,78.725
2025-07-25 07:00:00+10:00,0.0,0.0,1290.122592,81.623517,0.0,0.0,0.0,1397.98,143.645
2025-07-25 08:00:00+10:00,0.0,0.0,1256.791775,70.147558,8.6895,0.0,0.0,1426.31,133.808333
2025-07-25 09:00:00+10:00,0.0,0.0,1241.330708,66.922975,42.011,0.0,0.0,1363.006667,119.12
2025-07-25 10:00:00+10:00,0.0,0.0,1158.248725,50.235983,74.0575,0.0,0.0,1313.7425,108.963333
2025-07-25 11:00:00+10:00,0.0,0.0,1103.336,52.180275,95.7995,0.0,0.0,1224.343333,98.6675
2025-07-25 12:00:00+10:00,0.0,0.0,1140.621283,68.972367,105.286,0.0,0.0,1201.791667,81.713333
2025-07-25 13:00:00+10:00,0.0,0.0,1107.13525,88.646275,82.6465,0.0,0.0,1210.149167,138.763333
2025-07-25 14:00:00+10:00,0.0,26.78385,1098.787975,93.979608,60.918,0.0,0.0,1224.015,74.590833
2025-07-25 15:00:00+10:00,0.0,11.316225,1140.7946,106.743842,37.513,0.0,0.0,1242.244167,61.936667
2025-07-25 16:00:00+10:00,0.0,0.0,1205.428292,103.197683,14.503,0.0,0.0,1265.859167,80.66
2025-07-25 17:00:00+10:00,0.0,0.0,1319.568725,119.115625,0.774,0.0,0.0,1334.285833,113.383333
2025-07-25 18:00:00+10:00,0.0,0.0,1302.76445,133.935258,0.0,0.0,0.0,1314.3175,107.593333
2025-07-25 19:00:00+10:00,0.0,0.0,1236.633358,227.831258,0.0,0.0,0.0,1312.879167,41.504167
2025-07-25 20:00:00+10:00,0.0,0.0,1169.841908,252.689567,0.0,0.0,0.0,1271.135,30.4775
2025-07-25 21:00:00+10:00,0.0,0.0,1074.156467,286.791742,0.0,0.1,0.0,1209.82,23.330833
2025-07-25 22:00:00+10:00,0.0,0.0,958.266117,286.053617,0.0,0.0,0.0,1131.67,32.23
2025-07-25 23:00:00+10:00,0.0,0.0,854.353458,347.1015,0.0,0.0,0.0,1053.901667,25.036667
2025-07-26 00:00:00+10:00,0.0,0.0,829.034958,325.561367,0.0,0.0,0.0,994.0625,36.84
2025-07-26 01:00:00+10:00,0.0,0.0,750.082792,325.432158,0.0,0.0,0.0,955.1725,37.148333
2025-07-26 02:00:00+10:00,0.0,0.0,763.649558,244.998242,0.0,0.0,0.0,947.480833,64.2575
2025-07-26 03:00:00+10:00,0.0,0.0,768.835317,209.337483,0.0,0.0,0.0,949.466667,69.028333
2025-07-26 04:00:00+10:00,0.0,0.0,746.44905,323.516992,0.0,0.398167,0.0,964.15,34.503333
2025-07-26 05:00:00+10:00,0.0,0.0,749.268108,364.61975,0.0,3.294917,0.0,980.78,32.1075
2025-07-26 06:00:00+10:00,0.0,0.0,853.163208,362.247075,0.0,3.705583,0.0,1053.061667,43.0475
2025-07-26 07:00:00+10:00,0.0,0.0,1021.549908,259.840225,0.0,3.750167,0.0,1165.365,39.420833
2025-07-26 08:00:00+10:00,0.0,0.0,1197.844825,244.912775,0.4765,1.863333,0.0,1284.405,67.733333
2025-07-26 09:00:00+10:00,0.0,0.0,1198.59205,191.567825,2.517,1.710367,0.0,1293.730833,557.6375
2025-07-26 10:00:00+10:00,0.0,0.0,1175.558925,214.184375,8.1485,0.0,0.0,1282.791667,119.124167
2025-07-26 11:00:00+10:00,0.0,0.0,1241.960725,85.360725,16.547,0.0,0.0,1282.216667,150.345833
2025-07-26 12:00:00+10:00,0.0,0.0,1171.447042,50.818817,20.1015,0.0,0.0,1257.699167,112.495833
2025-07-26 13:00:00+10:00,0.0,0.0,1164.2142,34.51325,29.896,0.0,0.0,1243.395,125.670833
2025-07-26 14:00:00+10:00,0.0,0.0,1180.172117,30.480408,32.316,0.0,0.0,1219.293333,128.2925
2025-07-26 15:00:00+10:00,0.0,0.0,1197.028683,47.251617,23.415,0.0,0.0,1203.976667,144.935
2025-07-26 16:00:00+10:00,0.0,0.0,1266.584025,37.28355,13.404,0.0,0.0,1229.83,119.375
2025-07-26 17:00:00+10:00,0.0,0.0,1340.509,26.478967,1.0995,0.0,0.0,1293.465,126.633333
2025-07-26 18:00:00+10:00,0.0,0.0,1361.297325,21.800258,0.0,0.0,0.0,1299.305,146.066667
2025-07-26 19:00:00+10:00,0.0,0.0,1305.5194,36.765258,0.0,0.0,0.0,1254.590833,119.79
2025-07-26 20:00:00+10:00,0.0,0.0,1268.479458,43.234758,0.0,0.0,0.0,1207.333333,118.305
2025-07-26 21:00:00+10:00,0.0,0.0,1264.024633,74.658775,0.0,0.0,0.0,1167.005,98.1825
2025-07-26 22:00:00+10:00,0.0,0.0,1230.039683,98.574167,0.0,0.0,0.0,1119.773333,65.734167
2025-07-26 23:00:00+10:00,0.0,0.0,1245.98055,106.554167,0.0,0.0,0.0,1079.436667,57.840833
2025-07-27 00:00:00+10:00,0.0,0.0,1206.603883,99.975,0.0,0.0,0.0,1020.908333,51.776667
2025-07-27 01:00:00+10:00,0.0,0.0,1107.366267,81.639167,0.0,0.0,0.0,981.895,38.523333
2025-07-27 02:00:00+10:00,0.0,0.0,1106.148333,76.67,0.0,0.0,0.0,962.806667,31.588333
2025-07-27 03:00:00+10:00,0.0,0.0,1044.773417,68.831008,0.0,0.0,0.0,962.960833,20.679167
2025-07-27 04:00:00+10:00,0.0,0.0,1034.368275,47.278333,0.0,0.0,0.0,977.316667,47.959167
2025-07-27 05:00:00+10:00,0.0,0.0,1050.580458,44.868375,0.0,0.0,0.0,995.486667,50.616667
2025-07-27 06:00:00+10:00,0.0,0.0,1087.975192,42.012458,0.0,0.0,0.0,1031.42,52.07
2025-07-27 07:00:00+10:00,0.0,0.0,1153.266192,37.188033,0.0,0.0,0.0,1094.919167,50.580833
2025-07-27 08:00:00+10:00,0.0,0.0,1234.860175,36.697033,5.7675,0.0,0.0,1172.234167,81.250833
2025-07-27 09:00:00+10:00,0.0,0.0,1244.959892,39.307792,33.6015,0.0,0.0,1185.653333,77.046667
2025-07-27 10:00:00+10:00,0.0,0.0,1132.32115,28.275075,65.383,0.0,0.0,1142.404167,76.174167
2025-07-27 11:00:00+10:00,0.0,0.0,1076.668367,21.443058,99.3955,0.0,0.0,1089.291667,70.33
2025-07-27 12:00:00+10:00,0.0,0.0,1063.26105,11.823533,116.8225,0.0,0.0,1041.05,70.645
2025-07-27 13:00:00+10:00,0.0,0.0,1049.119108,10.309758,115.5615,0.0,0.0,1026.643333,81.338333
2025-07-27 14:00:00+10:00,0.0,0.0,1052.892075,11.839125,88.1055,0.0,0.0,1045.0375,82.444167
2025-07-27 15:00:00+10:00,0.0,0.0,1068.736492,12.904317,61.454,0.0,0.0,1077.631667,86.1125
2025-07-27 16:00:00+10:00,0.0,0.0,1119.953308,14.825458,26.753,0.0,0.0,1147.704167,95.035833
2025-07-27 17:00:00+10:00,0.0,0.0,1290.331092,25.671492,2.424,0.0,0.0,1245.0225,112.051667
2025-07-27 18:00:00+10:00,0.0,0.0,1346.503242,17.56335,0.0,0.0,0.0,1288.345833,120.208333
2025-07-27 19:00:00+10:00,0.0,0.0,1316.754892,30.732333,0.0,0.0,0.0,1272.344167,120.201667
2025-07-27 20:00:00+10:00,0.0,0.0,1293.698192,23.559325,0.0,0.0,0.0,1248.043333,125.480833
2025-07-27 21:00:00+10:00,0.0,0.0,1209.305875,39.257608,0.0,0.0,0.0,1176.7375,119.9175
2025-07-27 22:00:00+10:00,0.0,0.0,1166.657317,61.24315,0.0,0.0,0.0,1146.321667,96.58
2025-07-27 23:00:00+10:00,0.0,0.0,1111.832608,64.038158,0.0,0.0,0.0,1095.2225,65.651667
2025-07-28 00:00:00+10:00,0.0,0.0,1046.703142,86.323308,0.0,0.0,0.0,1043.938333,51.125833
2025-07-28 01:00:00+10:00,0.0,0.0,1040.212808,71.893542,0.0,0.0,0.0,1032.734167,50.709167
2025-07-28 02:00:00+10:00,0.0,0.0,1047.490717,59.406767,0.0,0.0,0.0,1027.6725,51.498333
2025-07-28 03:00:00+10:00,0.0,0.0,1054.220417,59.477708,0.0,0.0,0.0,1043.774167,52.155833
2025-07-28 04:00:00+10:00,0.0,0.0,1064.989133,66.674483,0.0,0.0,0.0,1070.591667,70.415833
2025-07-28 05:00:00+10:00,0.0,0.0,1015.689833,173.463308,0.0,0.0,0.0,1090.8575,73.471667
2025-07-28 06:00:00+10:00,0.0,0.0,1132.188558,162.648175,0.0,0.0,0.0,1179.354167,106.3925
2025-07-28 07:00:00+10:00,0.0,0.0,1205.636308,226.659467,0.005,0.0,0.0,1296.215,114.154167
2025-07-28 08:00:00+10:00,0.0,0.0,1142.043333,267.819125,10.042,0.0,0.0,1311.363333,97.081667
2025-07-28 09:00:00+10:00,0.0,0.0,1025.948675,285.498042,42.458,0.0,0.0,1238.896667,84.473333
2025-07-28 10:00:00+10:00,0.0,0.0,807.187158,274.704475,73.0085,0.0,0.0,1152.610833,70.994167
2025-07-28 11:00:00+10:00,0.0,0.0,598.893508,310.60695,107.2695,0.0,0.0,1072.469167,67.301667
2025-07-28 12:00:00+10:00,0.0,0.0,604.446192,329.252917,127.8675,0.0,0.0,1018.760833,68.205
2025-07-28 13:00:00+10:00,0.0,0.0,662.414167,349.252892,130.34,0.0,0.0,1000.5325,78.7725
2025-07-28 14:00:00+10:00,0.0,0.0,659.001308,361.478575,104.2005,0.0,0.0,1031.879167,81.775833
2025-07-28 15:00:00+10:00,0.0,0.0,701.786242,365.508992,59.864,0.0,0.0,1075.035833,87.800833
2025-07-28 16:00:00+10:00,0.0,0.0,756.2138,447.562833,22.793,0.0,0.0,1122.6725,127.038333
2025-07-28 17:00:00+10:00,0.0,0.0,1153.364808,446.344342,3.3125,0.0,0.0,1222.668333,141.5
2025-07-28 18:00:00+10:00,0.0,0.0,1380.162675,434.369225,0.0,0.0,0.0,1267.866667,161.878333
2025-07-28 19:00:00+10:00,0.0,0.0,1343.8932,427.578717,0.0,0.0,0.0,1238.6625,168.015
2025-07-28 20:00:00+10:00,0.0,0.0,1392.93525,373.60745,0.0,0.0,0.0,1203.835,178.31
2025-07-28 21:00:00+10:00,0.0,0.0,1362.001542,393.520608,0.0,0.0,0.0,1137.3675,150.421667
2025-07-28 22:00:00+10:00,0.0,0.0,1154.937158,424.781317,0.0,0.0,0.0,1070.360833,119.844167
2025-07-28 23:00:00+10:00,0.0,0.0,1042.013767,443.243092,0.0,0.0,0.0,1051.020833,115.94
2025-07-29 00:00:00+10:00,0.0,0.0,1030.614675,381.374067,0.0,0.0,0.0,1016.079167,104.579167
2025-07-29 01:00:00+10:00,0.0,0.0,992.451658,315.846333,0.0,0.0,0.0,964.813333,87.424167
2025-07-29 02:00:00+10:00,0.0,0.0,951.282133,326.077825,0.0,0.0,0.0,941.171667,83.426667
2025-07-29 03:00:00+10:00,0.0,0.0,892.665967,311.437892,0.0,0.578717,0.0,943.253333,81.089167
2025-07-29 04:00:00+10:00,0.0,0.0,859.237683,226.835225,0.0,0.0,0.0,986.474167,92.150833
2025-07-29 05:00:00+10:00,0.0,0.0,978.148358,207.183875,0.0,0.0,0.0,1031.666667,83.706667
2025-07-29 06:00:00+10:00,0.0,8.032558,1262.804617,174.588958,0.0,0.0,0.0,1163.980833,130.61
2025-07-29 07:00:00+10:00,0.0,57.725625,1431.982667,130.229242,0.021,0.0,0.0,1267.785833,145.964167
2025-07-29 08:00:00+10:00,0.0,57.868875,1365.4888,96.219692,12.82,0.0,0.0,1264.575833,152.733333
2025-07-29 09:00:00+10:00,0.0,57.870508,1180.2992,44.93635,47.086,0.0,0.0,1166.909167,160.040833
2025-07-29 10:00:00+10:00,0.0,11.2739,1118.215567,4.501433,94.051,0.0,0.0,1047.120833,156.338333
2025-07-29 11:00:00+10:00,0.0,0.0,1029.864625,1.192267,126.314,0.0,0.0,970.0,131.37
2025-07-29 12:00:00+10:00,0.0,0.0,1026.546617,0.826433,124.3245,0.0,0.0,952.694167,116.929167
2025-07-29 13:00:00+10:00,0.0,0.0,1072.534567,1.574883,117.7165,0.0,0.0,966.15,114.898333
2025-07-29 14:00:00+10:00,0.0,0.0,1151.826542,18.074425,105.595,0.0,0.0,1008.0825,116.894167
2025-07-29 15:00:00+10:00,0.0,0.0,1232.735808,40.746142,82.649,0.0,0.0,1097.935,149.0025
2025-07-29 16:00:00+10:00,0.0,0.0,1549.103092,59.038292,35.86,0.0,0.0,1175.475,188.058333
2025-07-29 17:00:00+10:00,0.0,25.953583,1684.033025,27.524608,3.5725,0.0,0.0,1277.963333,198.905
2025-07-29 18:00:00+10:00,0.0,57.859125,1713.562325,24.791525,0.0,0.0,0.0,1329.123333,166.465
2025-07-29 19:00:00+10:00,0.0,57.855867,1564.790742,32.172567,0.0,0.0,0.0,1315.625,149.665833
2025-07-29 20:00:00+10:00,0.0,57.870517,1512.9131,22.744108,0.0,0.0,0.0,1284.2125,159.99
2025-07-29 21:00:00+10:00,0.0,39.576675,1413.6665,16.28505,0.0,0.0,0.0,1229.26,162.895833
2025-07-29 22:00:00+10:00,0.0,0.0,1328.8249,30.81215,0.0,0.0,0.0,1133.325,133.469167
2025-07-29 23:00:00+10:00,0.0,0.0,1173.992017,46.170892,0.0,0.0,0.0,1070.039167,125.4225
2025-07-30 00:00:00+10:00,0.0,0.0,1155.331617,47.912625,0.0,0.0,0.0,1058.381667,120.136667
2025-07-30 01:00:00+10:00,0.0,0.0,1093.017125,40.261275,0.0,0.0,0.0,1041.3425,118.925
2025-07-30 02:00:00+10:00,0.0,0.0,1077.033842,46.259008,0.0,0.0,0.0,1044.970833,123.648333
2025-07-30 03:00:00+10:00,0.0,0.0,1081.418992,56.3075,0.0,0.0,0.0,1057.443333,158.2575
2025-07-30 04:00:00+10:00,0.0,0.0,1097.460825,57.9225,0.0,0.0,0.0,1075.2575,150.2275
2025-07-30 05:00:00+10:00,0.0,0.0,1179.75235,57.114167,0.0,0.0,0.0,1157.863333,139.915
2025-07-30 06:00:00+10:00,0.0,26.827817,1334.072308,57.231017,0.0,0.0,0.0,1313.7825,154.07
2025-07-30 07:00:00+10:00,0.0,57.862367,1667.720983,71.024167,0.014,0.0,0.0,1431.478333,175.625
2025-07-30 08:00:00+10:00,0.0,57.8526,1525.039992,86.8225,13.949,0.0,0.0,1402.579167,146.0425
2025-07-30 09:00:00+10:00,0.0,40.516033,1248.292975,87.5375,54.9945,0.0,0.0,1290.445833,140.765833
2025-07-30 10:00:00+10:00,0.0,0.0,1185.908842,44.775375,95.012,0.0,0.0,1177.923333,135.179167
2025-07-30 11:00:00+10:00,0.0,0.0,1083.872717,56.370333,123.038,0.0,0.0,1075.9,113.908333
2025-07-30 12:00:00+10:00,0.0,0.0,1064.327658,53.940867,147.1605,0.0,0.0,1053.901667,120.378333
2025-07-30 13:00:00+10:00,0.0,0.0,1090.63275,31.850642,137.8975,0.0,0.0,1051.346667,125.013333
2025-07-30 14:00:00+10:00,0.0,0.0,1068.577117,30.684992,116.691,0.0,0.0,1032.625,116.3975
2025-07-30 15:00:00+10:00,0.0,0.0,1059.513267,31.569125,82.152,0.0,0.0,1136.248333,122.6975
2025-07-30 16:00:00+10:00,0.0,0.0,1215.033483,37.189142,34.271,0.0,0.0,1230.855,139.880833
2025-07-30 17:00:00+10:00,0.0,26.816425,1359.077717,35.617517,3.6335,0.0,0.0,1333.624167,149.305833
2025-07-30 18:00:00+10:00,0.0,57.828175,1403.961967,38.891867,0.0,0.0,0.0,1429.355833,153.793333
2025-07-30 19:00:00+10:00,0.0,57.847717,1286.985925,60.280967,0.0,0.0,0.0,1336.475,139.484167
2025-07-30 20:00:00+10:00,0.0,11.117608,1302.240992,74.0552,0.0,0.0,0.0,1304.708333,142.675833
2025-07-30 21:00:00+10:00,0.0,0.0,1261.662258,70.720258,0.0,0.0,0.0,1235.265833,140.393333
2025-07-30 22:00:00+10:00,0.0,0.0,1168.722233,70.855833,0.0,0.0,0.0,1139.016667,119.759167
2025-07-30 23:00:00+10:00,0.0,0.0,1147.309933,57.056667,0.0,0.0,0.0,1100.891667,103.679167
2025-07-31 00:00:00+10:00,0.0,0.0,1133.848717,45.184167,0.0,0.0,0.0,1085.425,111.860833
2025-07-31 01:00:00+10:00,0.0,0.0,1143.162692,28.950517,0.0,0.0,0.0,1087.200833,107.471667
2025-07-31 02:00:00+10:00,0.0,0.0,1156.096025,25.263333,0.0,0.0,0.0,1095.648333,103.009167
2025-07-31 03:00:00+10:00,0.0,0.0,1157.264525,25.680958,0.0,0.0,0.0,1105.6625,103.913333
2025-07-31 04:00:00+10:00,0.0,0.0,1169.475292,38.908258,0.0,0.0,0.0,1130.519167,103.116667
2025-07-31 05:00:00+10:00,0.0,0.0,1215.629092,48.0025,0.0,0.0,0.0,1189.88,125.941667
2025-07-31 06:00:00+10:00,0.0,2.358975,1328.493717,60.190392,0.0,0.0,0.0,1322.875833,150.015833
2025-07-31 07:00:00+10:00,0.0,52.50625,1535.695392,45.436408,0.0455,0.0,0.0,1493.760833,165.654167
2025-07-31 08:00:00+10:00,0.0,57.881917,1419.997992,37.459067,12.9425,0.0,0.0,1514.2875,153.173333
2025-07-31 09:00:00+10:00,0.0,11.088308,1217.22705,27.3969,51.1,0.0,0.0,1396.9525,121.6125
2025-07-31 10:00:00+10:00,0.0,0.0,1087.058192,25.657883,100.3795,0.0,0.0,1286.288333,90.975833
2025-07-31 11:00:00+10:00,0.0,0.0,1052.860767,26.925833,133.8595,0.0,0.0,1206.144167,91.646667
2025-07-31 12:00:00+10:00,0.0,0.0,1020.434742,18.432725,147.2265,0.0,0.0,1140.650833,89.799167
2025-07-31 13:00:00+10:00,0.0,0.0,1050.40255,19.196667,143.438,0.0,0.0,1078.575833,105.345
2025-07-31 14:00:00+10:00,0.0,0.0,1086.853533,13.8375,126.9315,0.0,0.0,1044.656667,97.1325
2025-07-31 15:00:00+10:00,0.0,0.0,1092.398067,19.533333,87.191,0.0,0.0,1118.348333,79.381667
2025-07-31 16:00:00+10:00,0.0,0.0,1289.414175,33.196667,38.924,0.0,0.0,1224.148333,136.195
2025-07-31 17:00:00+10:00,0.0,26.010558,1513.632183,31.4975,3.741,0.0,0.0,1380.625833,160.988333
2025-07-31 18:00:00+10:00,0.0,57.857475,1563.770433,29.755833,0.0,0.0,0.0,1455.751667,160.298333
2025-07-31 19:00:00+10:00,0.0,57.8461,1497.928333,23.7975,0.0,0.0,0.0,1437.524167,157.775
2025-07-31 20:00:00+10:00,0.0,57.880283,1454.552983,29.006667,0.0,0.0,0.0,1368.8075,149.070833
2025-07-31 21:00:00+10:00,0.0,39.9739,1447.982517,25.905,0.0,0.0,0.0,1307.505833,154.763333
2025-07-31 22:00:00+10:00,0.0,0.0,1358.398675,18.298333,0.0,0.0,0.0,1229.2075,146.5675
2025-07-31 23:00:00+10:00,0.0,0.0,1237.40255,20.051667,0.0,0.0,0.0,1151.973333,119.840833
2025-08-01 00:00:00+10:00,0.0,0.0,1192.21265,21.905075,0.0,0.0,0.0,1097.5925,109.244167
2025-08-01 01:00:00+10:00,0.0,0.0,1161.409433,21.608992,0.0,0.0,0.0,1085.853333,99.9675
2025-08-01 02:00:00+10:00,0.0,0.0,1166.565283,30.985875,0.0,0.0,0.0,1092.0975,112.895
2025-08-01 03:00:00+10:00,0.0,0.0,1194.612108,28.494583,0.0,0.0,0.0,1108.298333,120.694167
2025-08-01 04:00:00+10:00,0.0,0.0,1202.153225,34.747533,0.0,0.0,0.0,1100.153333,122.535
2025-08-01 05:00:00+10:00,0.0,0.0,1309.841308,25.580417,0.0,0.0,0.0,1178.565833,149.285
2025-08-01 06:00:00+10:00,0.0,26.88155,1537.337883,27.485075,0.0,0.0,0.0,1318.5625,165.015
2025-08-01 07:00:00+10:00,0.0,57.837958,1605.919617,31.842125,0.064,0.0,0.0,1415.426667,185.8125
2025-08-01 08:00:00+10:00,0.0,57.857492,1524.215333,19.178233,14.2205,0.0,0.0,1452.965833,160.4825
2025-08-01 09:00:00+10:00,0.0,10.806658,1398.069708,9.282008,62.4165,0.0,0.0,1335.505833,159.870833
2025-08-01 10:00:00+10:00,0.0,0.0,1289.705892,6.31095,111.703,0.0,0.0,1238.773333,154.208333
2025-08-01 11:00:00+10:00,0.0,0.0,1165.345658,10.768592,144.085,0.0,0.0,1134.899167,138.225833
2025-08-01 12:00:00+10:00,0.0,0.0,1123.007242,18.954167,161.7885,0.0,0.0,1089.75,125.4475
2025-08-01 13:00:00+10:00,0.0,0.0,1002.28095,26.403775,159.156,0.0,0.0,1059.406667,133.8475
2025-08-01 14:00:00+10:00,0.0,0.0,1040.849,35.2284,136.3085,0.0,0.0,1074.621667,141.57
2025-08-01 15:00:00+10:00,0.0,0.0,1083.504667,39.39195,87.317,0.0,0.0,1116.144167,143.023333
2025-08-01 16:00:00+10:00,0.0,2.679683,1241.673425,40.500358,35.804,0.0,0.0,1199.436667,152.514167
2025-08-01 17:00:00+10:00,0.0,53.163958,1420.5051,43.033808,3.8635,0.0,0.0,1344.976667,155.889167
2025-08-01 18:00:00+10:00,0.0,57.865625,1492.828883,32.391633,0.0,0.0,0.0,1387.578333,157.0575
2025-08-01 19:00:00+10:00,0.0,57.8982,1408.259883,27.1525,0.0,0.0,0.0,1338.953333,140.350833
2025-08-01 20:00:00+10:00,0.0,57.883525,1303.370883,23.623333,0.0,0.0,0.0,1317.289167,138.535833
2025-08-01 21:00:00+10:00,0.0,11.391117,1306.987158,31.848008,0.0,0.0,0.0,1279.149167,141.188333
2025-08-01 22:00:00+10:00,0.0,0.0,1285.105542,46.219092,0.0,0.0,0.0,1208.704167,142.628333
2025-08-01 23:00:00+10:00,0.0,0.0,1172.74365,54.809392,0.0,0.0,0.0,1131.146667,146.744167
2025-08-02 00:00:00+10:00,0.0,0.0,1140.220825,45.748558,0.0,0.0,0.0,1118.605,178.403333
2025-08-02 01:00:00+10:00,0.0,0.0,1126.1005,43.555842,0.0,0.0,0.0,1101.155833,165.021667
2025-08-02 02:00:00+10:00,0.0,0.0,1118.353283,39.953517,0.0,0.0,0.0,1091.388333,159.991667
2025-08-02 03:00:00+10:00,0.0,0.0,1051.303975,65.16535,0.0,0.0,0.0,1053.2275,139.0925
2025-08-02 04:00:00+10:00,0.0,0.0,1066.44265,80.523483,0.0,0.0,0.0,1081.199167,130.491667
2025-08-02 05:00:00+10:00,0.0,0.0,1107.3448,110.007117,0.0,0.0,0.0,1136.715833,119.05
2025-08-02 06:00:00+10:00,0.0,0.0,1095.685983,120.9914,0.0,0.0,0.0,1141.233333,104.76
2025-08-02 07:00:00+10:00,0.0,0.0,1201.091175,94.224683,0.0725,0.0,0.0,1222.279167,140.08
2025-08-02 08:00:00+10:00,0.0,0.0,1267.292975,93.391742,14.6075,0.0,0.0,1288.633333,141.173333
2025-08-02 09:00:00+10:00,0.0,0.0,1175.699025,87.619492,58.34,0.0,0.0,1243.639167,127.333333
2025-08-02 10:00:00+10:00,0.0,0.0,1088.727608,75.351625,102.7875,0.0,0.0,1156.365833,120.100833
2025-08-02 11:00:00+10:00,0.0,0.0,978.851458,71.126117,136.215,0.0,0.0,1122.68,101.999167
2025-08-02 12:00:00+10:00,0.0,0.0,918.7537,100.1332,149.4095,0.0,0.0,1089.554167,93.0675
2025-08-02 13:00:00+10:00,0.0,0.0,929.226808,102.980542,135.5475,0.0,0.0,1067.936667,72.923333
2025-08-02 14:00:00+10:00,0.0,0.0,1005.427667,98.593292,108.542,0.0,0.0,1075.188333,74.928333
2025-08-02 15:00:00+10:00,0.0,0.0,1058.746383,111.562825,73.7955,0.0,0.0,1105.325,92.513333
2025-08-02 16:00:00+10:00,0.0,0.0,1134.591892,95.627042,28.415,0.0,0.0,1155.8375,106.029167
2025-08-02 17:00:00+10:00,0.0,0.0,1298.893667,93.629233,2.879,0.0,0.0,1268.650833,137.896667
2025-08-02 18:00:00+10:00,0.0,0.0,1359.924508,85.496533,0.0,0.0,0.0,1322.479167,158.0975
2025-08-02 19:00:00+10:00,0.0,0.0,1324.812492,97.107367,0.0,0.0,0.0,1282.625833,139.624167
2025-08-02 20:00:00+10:00,0.0,0.0,1315.673983,108.102867,0.0,0.0,0.0,1231.126667,131.8775
2025-08-02 21:00:00+10:00,0.0,0.0,1287.506508,122.7744,0.0,0.0,0.0,1174.065833,122.939167
2025-08-02 22:00:00+10:00,0.0,0.0,1178.573158,174.646467,0.0,0.0,0.0,1120.2125,107.131667
2025-08-02 23:00:00+10:00,0.0,0.0,1089.611767,183.252175,0.0,0.0,0.0,1099.815,105.699167
2025-08-03 00:00:00+10:00,0.0,0.0,1005.094792,200.353742,0.0,0.0,0.0,1073.225,106.961667
2025-08-03 01:00:00+10:00,0.0,0.0,975.625117,209.606492,0.0,0.0,0.0,1052.290833,89.353333
2025-08-03 02:00:00+10:00,0.0,0.0,976.708633,200.166375,0.0,0.0,0.0,1044.129167,110.345
2025-08-03 03:00:00+10:00,0.0,0.0,941.127983,234.301842,0.0,0.0,0.0,1044.375,77.065833
2025-08-03 04:00:00+10:00,0.0,0.0,950.9713,235.659208,0.0,0.0,0.0,1047.614167,80.241667
2025-08-03 05:00:00+10:00,0.0,0.0,980.766842,227.687458,0.0,0.0,0.0,1066.178333,94.95
2025-08-03 06:00:00+10:00,0.0,0.0,1009.393875,247.546525,0.0,0.0,0.0,1107.9925,110.2425
2025-08-03 07:00:00+10:00,0.0,0.0,996.06075,279.169633,0.119,0.0,0.0,1153.986667,101.91
2025-08-03 08:00:00+10:00,0.0,0.0,915.359558,292.762325,15.5505,0.0,0.0,1215.499167,79.338333
2025-08-03 09:00:00+10:00,0.0,0.0,707.699333,273.56735,57.5335,0.0,0.0,1188.326667,81.211667
2025-08-03 10:00:00+10:00,0.0,0.0,638.2972,257.621317,100.103,0.0,0.0,1141.044167,65.5725
2025-08-03 11:00:00+10:00,0.0,0.0,570.71765,248.6145,115.1395,0.0,0.0,1087.123333,67.034167
2025-08-03 12:00:00+10:00,0.0,0.0,549.363117,246.058508,104.6195,0.0,0.0,1075.4175,63.110833
2025-08-03 13:00:00+10:00,0.0,0.0,586.8956,252.853925,81.418,0.0,0.0,1083.269167,68.258333
2025-08-03 14:00:00+10:00,0.0,0.0,558.37625,274.099217,61.749,0.0,0.0,1101.2875,65.179167
2025-08-03 15:00:00+10:00,0.0,0.0,561.763233,281.556025,50.834,0.0,0.0,1118.323333,95.258333
2025-08-03 16:00:00+10:00,0.0,0.0,709.925108,311.6349,28.6915,0.0,0.0,1154.209167,111.545833
2025-08-03 17:00:00+10:00,0.0,0.0,1060.362592,299.371675,4.4305,0.0,0.0,1267.6575,143.236667
2025-08-03 18:00:00+10:00,0.0,0.0,1118.016575,308.119492,0.0,2.821017,0.0,1333.098333,140.705833
2025-08-03 19:00:00+10:00,0.0,0.0,1049.060875,314.513608,0.0,0.896825,0.0,1274.798333,134.608333
2025-08-03 20:00:00+10:00,0.0,0.0,913.71935,311.62595,0.0,3.100483,0.0,1148.291667,120.6275
2025-08-03 21:00:00+10:00,0.0,0.0,726.741808,226.94785,0.0,11.542292,0.0,1080.231667,107.0775
2025-08-03 22:00:00+10:00,0.0,0.0,630.155767,218.156525,0.0,2.331958,0.0,1101.819167,115.611667
2025-08-03 23:00:00+10:00,0.0,0.0,622.161025,221.125475,0.0,0.0,0.0,1048.714167,115.206667
2025-08-04 00:00:00+10:00,0.0,0.0,588.511408,223.124342,0.0,0.0,0.0,1003.6725,81.846667
2025-08-04 01:00:00+10:00,0.0,0.0,545.074058,241.195433,0.0,0.323975,0.0,980.3825,81.85
2025-08-04 02:00:00+10:00,0.0,0.0,507.154175,242.864458,0.0,0.176433,0.0,971.97,83.52
2025-08-04 03:00:00+10:00,0.0,0.0,538.643917,215.673092,0.0,0.0,0.0,987.894167,85.22
2025-08-04 04:00:00+10:00,0.0,0.0,582.387467,191.387758,0.0,0.0,0.0,1007.474167,81.0975
2025-08-04 05:00:00+10:00,0.0,3.739517,692.933067,141.265958,0.0,0.0,0.0,1067.81,81.451667
2025-08-04 06:00:00+10:00,0.0,53.22095,789.805833,131.7037,0.0,0.0,0.0,1193.283333,83.708333
2025-08-04 07:00:00+10:00,0.0,57.907942,921.185883,155.814625,0.0665,0.0,0.0,1295.899167,90.438333
2025-08-04 08:00:00+10:00,0.0,57.873767,873.817558,148.486442,11.65,0.0,0.0,1323.803333,81.7075
2025-08-04 09:00:00+10:00,0.0,57.8933,818.562833,164.81705,43.6105,0.0,0.0,1249.515833,77.164167
2025-08-04 10:00:00+10:00,0.0,57.894925,760.090433,209.199958,65.582,0.0,0.0,1199.873333,62.018333
2025-08-04 11:00:00+10:00,0.0,57.859108,664.073675,226.285767,79.4495,0.0,0.0,1167.360833,67.4625
2025-08-04 12:00:00+10:00,0.0,57.870517,674.143492,216.323567,84.5225,0.0,0.0,1145.788333,60.405833
2025-08-04 13:00:00+10:00,0.0,57.8819,592.749908,291.428525,94.6065,0.0,0.0,1102.658333,56.174167
2025-08-04 14:00:00+10:00,0.0,57.893292,517.246892,342.227433,77.373,0.01525,0.0,1099.906667,77.893333
2025-08-04 15:00:00+10:00,0.0,57.849342,526.870633,330.297058,54.329,0.0,0.0,1116.371667,95.1775
2025-08-04 16:00:00+10:00,0.0,57.864,681.227217,297.141225,23.364,0.0,0.0,1130.660833,126.539167
2025-08-04 17:00:00+10:00,0.0,57.888417,604.192483,279.732033,2.424,0.237792,0.0,1210.540833,143.303333
2025-08-04 18:00:00+10:00,0.0,57.836325,692.327867,274.0509,0.0,0.0,0.0,1229.909167,135.470833
2025-08-04 19:00:00+10:00,0.0,57.907942,592.744433,322.686617,0.0,0.0,0.0,1193.6175,124.786667
2025-08-04 20:00:00+10:00,0.0,57.877,521.657242,310.962492,0.0,0.0,0.0,1184.7,101.888333
2025-08-04 21:00:00+10:00,0.0,57.906317,507.709683,312.187125,0.0,0.0,0.0,1191.9975,88.32
2025-08-04 22:00:00+10:00,0.0,57.8526,430.144775,325.907667,0.0,0.0,0.0,1107.850833,84.835
2025-08-04 23:00:00+10:00,0.0,57.885175,395.335192,353.300858,0.0,0.0,0.0,1040.864167,102.2825
2025-08-05 00:00:00+10:00,0.0,57.850983,297.080117,378.80785,0.0,0.0,0.0,985.609167,89.366667
2025-08-05 01:00:00+10:00,0.0,57.84935,239.18405,326.97355,0.0,8.315583,0.0,972.405833,73.425833
2025-08-05 02:00:00+10:00,0.0,57.839575,282.4072,324.986833,0.0,3.645858,0.0,972.645833,59.256667
2025-08-05 03:00:00+10:00,0.0,57.782608,254.042108,323.359383,0.0,0.750692,0.0,980.476667,55.456667
2025-08-05 04:00:00+10:00,0.0,57.881908,333.355683,324.6819,0.0,0.028742,0.0,998.014167,93.515
2025-08-05 05:00:00+10:00,0.0,57.877008,384.97835,375.539233,0.0,2.948367,0.0,1039.058333,104.86
2025-08-05 06:00:00+10:00,0.0,57.855858,507.745892,348.419583,0.0,1.7195,0.0,1114.285833,139.374167
2025-08-05 07:00:00+10:00,0.0,57.847725,797.71175,246.050883,0.088,0.0,0.0,1234.620833,154.464167
2025-08-05 08:00:00+10:00,0.0,57.865608,887.455775,172.018858,3.9185,0.442625,0.0,1281.799167,113.445
2025-08-05 09:00:00+10:00,0.0,57.808658,647.083442,230.603817,22.977,0.945125,0.0,1212.685833,118.235
2025-08-05 10:00:00+10:00,0.0,57.862375,511.390892,275.429383,61.075,0.0,0.0,1137.033333,107.836667
2025-08-05 11:00:00+10:00,0.0,57.859117,409.791442,348.102342,110.362,0.0,0.0,1072.8175,98.023333
2025-08-05 12:00:00+10:00,0.0,57.850983,358.577125,331.608475,123.3475,3.438883,0.0,1053.82,93.946667
2025-08-05 13:00:00+10:00,0.0,57.841192,405.094767,301.902592,100.046,3.339917,0.0,1016.2625,114.16
2025-08-05 14:00:00+10:00,0.0,57.872133,395.575308,335.735075,101.1655,1.8885,0.0,967.209167,116.236667
2025-08-05 15:00:00+10:00,0.0,57.881908,372.484417,315.040717,87.092,0.0,0.0,967.218333,121.490833
2025-08-05 16:00:00+10:00,0.0,57.821658,614.822883,280.488492,36.7165,2.777633,0.0,1044.005,171.200833
2025-08-05 17:00:00+10:00,0.0,57.883542,1005.596958,247.41335,4.204,0.0,0.0,1166.5025,169.155
2025-08-05 18:00:00+10:00,0.0,57.89655,1071.65385,280.453842,0.0,0.0,0.0,1234.65,173.824167
2025-08-05 19:00:00+10:00,0.0,57.862375,1023.6624,285.244942,0.0,0.0,0.0,1211.910833,159.605
2025-08-05 20:00:00+10:00,0.0,57.83145,988.8732,282.549758,0.0,0.0,0.0,1175.113333,133.2575
2025-08-05 21:00:00+10:00,0.0,57.84935,895.944,291.104325,0.0,0.0,0.0,1111.571667,123.000833
2025-08-05 22:00:00+10:00,0.0,40.255542,641.2933,312.088217,0.0,0.0,0.0,1045.470833,129.275833
2025-08-05 23:00:00+10:00,0.0,0.0,601.514092,391.728367,0.0,0.0,0.0,1000.21,134.425
2025-08-06 00:00:00+10:00,0.0,0.0,520.227033,386.527267,0.0,0.0,0.0,957.8475,137.014167
2025-08-06 01:00:00+10:00,0.0,0.0,472.241733,417.580417,0.0,0.9505,0.0,943.480833,120.138333
2025-08-06 02:00:00+10:00,0.0,0.0,460.403758,432.29945,0.0,0.2,0.0,939.124167,119.5475
2025-08-06 03:00:00+10:00,0.0,0.0,454.363567,453.959008,0.0,2.378,0.0,946.456667,101.6775
2025-08-06 04:00:00+10:00,0.0,0.0,447.454325,459.923225,0.0,5.288333,0.0,963.965833,91.979167
2025-08-06 05:00:00+10:00,0.0,0.0,471.876308,488.358017,0.0,6.812417,0.0,977.623333,109.286667
2025-08-06 06:00:00+10:00,0.0,27.648325,694.508117,464.27025,0.0,6.8075,0.0,1065.329167,144.760833
2025-08-06 07:00:00+10:00,0.0,57.894925,848.079967,457.216092,0.1245,2.88475,0.0,1211.670833,158.210833
2025-08-06 08:00:00+10:00,0.0,57.8754,855.1175,440.852542,18.198,4.655083,0.0,1204.729167,158.6175
2025-08-06 09:00:00+10:00,0.0,40.009725,758.1635,386.259042,65.9585,6.867583,0.0,1094.103333,152.0
2025-08-06 10:00:00+10:00,0.0,0.0,409.377075,450.762983,108.366,7.120667,0.0,1036.8725,116.47
2025-08-06 11:00:00+10:00,0.0,0.0,396.983767,392.134392,134.392,7.001417,0.0,1000.79,120.133333
2025-08-06 12:00:00+10:00,0.0,0.0,416.516442,398.063708,148.6685,7.142417,0.0,993.464167,126.773333
2025-08-06 13:00:00+10:00,0.0,0.0,419.482058,438.124617,152.45,7.190417,0.0,1026.9675,119.248333
2025-08-06 14:00:00+10:00,0.0,0.0,415.188617,443.9343,144.763,6.412417,0.0,1005.4775,124.105
2025-08-06 15:00:00+10:00,0.0,0.0,447.330875,451.097108,98.023,6.269667,0.0,1045.4175,131.695
2025-08-06 16:00:00+10:00,0.0,0.0,868.624725,426.34595,46.0,3.165083,0.0,1132.229167,145.465833
2025-08-06 17:00:00+10:00,0.0,2.676433,1270.345283,337.330308,6.234,0.0,0.0,1298.9825,146.776667
2025-08-06 18:00:00+10:00,0.0,53.1021,1352.459808,320.043,0.0,0.0,0.0,1384.184167,150.798333
2025-08-06 19:00:00+10:00,0.0,57.8982,1327.3401,343.18125,0.0,0.0,0.0,1345.398333,165.2875
2025-08-06 20:00:00+10:00,0.0,57.863992,1271.703075,310.262575,0.0,0.0,0.0,1342.896667,175.715
2025-08-06 21:00:00+10:00,0.0,11.334133,1251.977775,250.431525,0.0,0.0,0.0,1293.38,155.860833
2025-08-06 22:00:00+10:00,0.0,0.0,1139.636958,256.345692,0.0,0.0,0.0,1190.58,144.9175
2025-08-06 23:00:00+10:00,0.0,0.0,1023.902825,289.736342,0.0,0.280158,0.0,1093.571667,151.178333
2025-08-07 00:00:00+10:00,0.0,0.0,907.437175,222.264967,0.0,0.0,0.0,1036.091667,145.930833
2025-08-07 01:00:00+10:00,0.0,0.0,844.6387,263.763208,0.0,0.578642,0.0,987.399167,143.985833
2025-08-07 02:00:00+10:00,0.0,0.0,833.885867,299.849917,0.0,0.735808,0.0,986.671667,145.624167
2025-08-07 03:00:00+10:00,0.0,0.0,881.693367,258.904992,0.0,0.965167,0.0,985.923333,150.653333
2025-08-07 04:00:00+10:00,0.0,0.0,802.525308,345.285142,0.0,2.134583,0.0,1014.658333,150.176667
2025-08-07 05:00:00+10:00,0.0,0.0,955.831817,337.400633,0.0,0.0,0.0,1082.730833,154.795833
2025-08-07 06:00:00+10:00,0.0,25.83635,1120.805992,322.20365,0.0,0.0,0.0,1231.308333,207.160833
2025-08-07 07:00:00+10:00,0.0,57.837933,1195.439442,331.732792,0.338,0.286683,0.0,1371.756667,208.135
2025-08-07 08:00:00+10:00,0.0,40.250658,1200.731458,314.0429,20.636,1.385175,0.0,1339.835,151.108333
2025-08-07 09:00:00+10:00,0.0,0.0,1048.104608,308.545642,71.793,-0.010125,0.0,1170.673333,150.196667
2025-08-07 10:00:00+10:00,0.0,0.0,716.973492,274.10685,121.0625,2.218092,0.0,1056.370833,146.988333
2025-08-07 11:00:00+10:00,0.0,0.0,400.697967,298.624817,155.4185,2.976608,0.0,977.4175,115.968333
2025-08-07 12:00:00+10:00,0.0,0.0,369.272158,314.430008,161.8795,2.266167,0.0,982.02,96.590833
2025-08-07 13:00:00+10:00,0.0,0.0,388.6475,315.004225,159.457,0.647033,0.0,1001.576667,125.868333
2025-08-07 14:00:00+10:00,0.0,0.0,529.8887,333.105483,135.138,-0.065658,0.0,1021.229167,148.7425
2025-08-07 15:00:00+10:00,0.0,0.0,792.667917,309.749875,97.1435,0.0,0.0,1011.6675,153.2175
2025-08-07 16:00:00+10:00,0.0,0.0,903.5762,301.887925,41.1235,0.0,0.0,1060.299167,153.425
2025-08-07 17:00:00+10:00,0.0,0.0,1193.243383,284.735892,5.35,0.0,0.0,1214.121667,208.248333
2025-08-07 18:00:00+10:00,0.0,0.0,1265.459125,234.651325,0.0,0.0,0.0,1266.1425,164.846667
2025-08-07 19:00:00+10:00,0.0,0.0,1226.879642,206.856567,0.0,0.0,0.0,1256.554167,162.255
2025-08-07 20:00:00+10:00,0.0,0.0,1208.5253,154.164575,0.0,0.0,0.0,1224.4425,159.425833
2025-08-07 21:00:00+10:00,0.0,0.0,1179.005708,123.254992,0.0,0.0,0.0,1180.865,160.040833
2025-08-07 22:00:00+10:00,0.0,0.0,1130.940908,96.372425,0.0,0.0,0.0,1110.718333,159.8875
2025-08-07 23:00:00+10:00,0.0,0.0,1121.40135,80.198383,0.0,0.0,0.0,1102.674167,160.0325
2025-08-08 00:00:00+10:00,0.0,0.0,1087.074508,53.1107,0.0,0.0,0.0,1073.613333,159.436667
2025-08-08 01:00:00+10:00,0.0,0.0,1025.7257,34.887142,0.0,0.0,0.0,1067.08,157.431667
2025-08-08 02:00:00+10:00,0.0,0.0,1003.145425,30.6604,0.0,0.0,0.0,1073.424167,157.055
2025-08-08 03:00:00+10:00,0.0,0.0,993.637167,18.927992,0.0,0.0,0.0,1090.964167,157.3675
2025-08-08 04:00:00+10:00,0.0,0.0,1079.85155,17.9625,0.0,0.0,0.0,1119.189167,160.108333
2025-08-08 05:00:00+10:00,0.0,0.0,1090.2357,43.22355,0.0,0.0,0.0,1138.306667,160.07
2025-08-08 06:00:00+10:00,0.0,26.88805,1203.719542,48.552508,0.0,0.0,0.0,1227.265,171.584167
2025-08-08 07:00:00+10:00,0.0,57.8412,1294.074717,73.651642,0.286,0.0,0.0,1366.075833,162.680833
2025-08-08 08:00:00+10:00,0.0,57.877042,1296.116567,54.257408,18.3005,0.0,0.0,1340.236667,156.883333
2025-08-08 09:00:00+10:00,0.0,10.630842,1243.848042,42.24,72.3845,0.0,0.0,1238.546667,158.864167
2025-08-08 10:00:00+10:00,0.0,0.0,1128.211767,23.386667,123.9785,0.0,0.0,1114.5425,158.668333
2025-08-08 11:00:00+10:00,0.0,0.0,985.113692,29.13,146.0985,0.0,0.0,1034.166667,151.544167
2025-08-08 12:00:00+10:00,0.0,0.0,919.704658,31.1325,158.8415,0.0,0.0,992.695,150.829167
2025-08-08 13:00:00+10:00,0.0,0.0,896.275392,34.65,152.114,0.0,0.0,985.43,154.395
2025-08-08 14:00:00+10:00,0.0,0.0,915.316808,42.113683,133.513,0.0,0.0,979.146667,145.5425
2025-08-08 15:00:00+10:00,0.0,0.0,855.374025,51.200483,96.021,0.0,0.0,998.460833,151.676667
2025-08-08 16:00:00+10:00,0.0,0.0,993.506875,52.217792,49.728,0.0,0.0,1082.151667,166.166667
2025-08-08 17:00:00+10:00,0.0,0.0,1229.185242,45.113942,6.1395,0.0,0.0,1206.223333,157.135
2025-08-08 18:00:00+10:00,0.0,0.0,1306.546367,34.064083,0.0,0.0,0.0,1265.954167,150.24
2025-08-08 19:00:00+10:00,0.0,0.0,1301.840808,26.7223,0.0,0.0,0.0,1253.045,150.24
2025-08-08 20:00:00+10:00,0.0,0.0,1280.283275,24.8875,0.0,0.0,0.0,1223.745,159.406667
2025-08-08 21:00:00+10:00,0.0,0.0,1228.798317,15.898283,0.0,0.0,0.0,1171.305833,157.688333
2025-08-08 22:00:00+10:00,0.0,0.0,1149.988825,18.806667,0.0,0.0,0.0,1094.813333,150.536667
2025-08-08 23:00:00+10:00,0.0,0.0,1127.4002,14.060842,0.0,0.0,0.0,1053.085833,150.3775
2025-08-09 00:00:00+10:00,0.0,0.0,1117.814783,18.141275,0.0,0.0,0.0,1058.991667,151.064167
2025-08-09 01:00:00+10:00,0.0,0.0,945.774508,26.400525,0.0,0.0,0.0,1013.0175,150.051667
2025-08-09 02:00:00+10:00,0.0,0.0,845.907817,23.319233,0.0,0.0,0.0,1002.191667,147.745
2025-08-09 03:00:00+10:00,0.0,0.0,839.348225,34.723333,0.0,0.0,0.0,1003.165833,150.705833
2025-08-09 04:00:00+10:00,0.0,0.0,937.5484,21.145342,0.0,0.0,0.0,1008.71,159.365
2025-08-09 05:00:00+10:00,0.0,0.0,1111.872875,13.530417,0.0,0.0,0.0,1056.033333,154.649167
2025-08-09 06:00:00+10:00,0.0,0.0,1163.955617,17.475125,0.0,0.0,0.0,1106.0325,151.630833
2025-08-09 07:00:00+10:00,0.0,0.0,1155.258083,28.765008,0.1785,0.0,0.0,1101.655833,151.539167
2025-08-09 08:00:00+10:00,0.0,0.0,1255.12735,28.417075,10.1965,0.0,0.0,1185.7625,152.4725
2025-08-09 09:00:00+10:00,0.0,0.0,1139.5219,29.168333,33.018,0.0,0.0,1188.734167,145.236667
2025-08-09 10:00:00+10:00,0.0,0.0,837.294867,31.856667,55.832,0.0,0.0,1154.7125,129.515833
2025-08-09 11:00:00+10:00,0.0,0.0,751.606425,44.831667,77.1645,0.0,0.0,1091.573333,118.041667
2025-08-09 12:00:00+10:00,0.0,0.0,741.801758,57.740833,79.172,0.0,0.0,1095.874167,109.616667
2025-08-09 13:00:00+10:00,0.0,0.0,712.977933,54.341667,75.096,0.0,0.0,1061.935833,117.765
2025-08-09 14:00:00+10:00,0.0,0.0,728.477083,48.535,59.268,0.0,0.0,1076.4825,132.4575
2025-08-09 15:00:00+10:00,0.0,0.0,766.586625,45.4075,40.073,0.0,0.0,1109.3825,140.379167
2025-08-09 16:00:00+10:00,0.0,0.0,1027.49545,50.109125,12.758,0.0,0.0,1143.105833,150.420833
2025-08-09 17:00:00+10:00,0.0,0.0,1266.630367,45.2325,0.2805,0.0,0.0,1218.358333,154.850833
2025-08-09 18:00:00+10:00,0.0,0.0,1318.655983,27.822417,0.0,0.0,0.0,1242.05,159.51
2025-08-09 19:00:00+10:00,0.0,0.0,1288.327183,30.526858,0.0,0.0,0.0,1210.960833,153.778333
2025-08-09 20:00:00+10:00,0.0,0.0,1246.350825,37.281425,0.0,0.0,0.0,1179.885,152.015
2025-08-09 21:00:00+10:00,0.0,0.0,1183.32985,58.810983,0.0,0.0,0.0,1134.4225,151.596667
2025-08-09 22:00:00+10:00,0.0,0.0,1117.931658,60.526475,0.0,0.0,0.0,1065.949167,150.791667
2025-08-09 23:00:00+10:00,0.0,0.0,1034.636592,58.643975,0.0,0.0,0.0,999.059167,149.893333
2025-08-10 00:00:00+10:00,0.0,0.0,875.369908,56.209358,0.0,0.0,0.0,999.126667,148.390833
2025-08-10 01:00:00+10:00,0.0,0.0,860.305192,70.769042,0.0,0.0,0.0,987.711667,149.089167
2025-08-10 02:00:00+10:00,0.0,0.0,812.602483,63.564458,0.0,0.0,0.0,982.965833,147.845
2025-08-10 03:00:00+10:00,0.0,0.0,806.147008,52.887783,0.0,0.0,0.0,988.230833,145.45
2025-08-10 04:00:00+10:00,0.0,0.0,928.68665,43.360342,0.0,0.0,0.0,995.81,149.735833
2025-08-10 05:00:00+10:00,0.0,0.0,986.302117,33.313333,0.0,0.0,0.0,1019.276667,150.465833
2025-08-10 06:00:00+10:00,0.0,0.0,1048.029367,43.5075,0.0,0.0,0.0,1008.0475,150.313333
2025-08-10 07:00:00+10:00,0.0,0.0,1139.17565,53.165692,0.257,0.0,0.0,1064.174167,153.929167
2025-08-10 08:00:00+10:00,0.0,0.0,1159.281108,60.005467,11.668,0.0,0.0,1125.615833,154.1625
2025-08-10 09:00:00+10:00,0.0,0.0,876.242475,49.003192,37.438,0.0,0.0,1124.801667,142.050833
2025-08-10 10:00:00+10:00,0.0,0.0,739.722425,46.495983,73.4485,0.0,0.0,1092.115833,132.475
2025-08-10 11:00:00+10:00,0.0,0.0,700.697825,73.680425,95.572,0.0,0.0,1061.015,113.4
2025-08-10 12:00:00+10:00,0.0,0.0,660.034192,96.86875,93.6465,0.0,0.0,1032.581667,105.709167
2025-08-10 13:00:00+10:00,0.0,0.0,625.201617,119.843525,87.8525,0.0,0.0,1007.260833,97.32
2025-08-10 14:00:00+10:00,0.0,0.0,617.844542,115.087542,81.734,0.0,0.0,1023.234167,92.473333
2025-08-10 15:00:00+10:00,0.0,0.0,657.928658,119.880992,57.7845,0.0,0.0,1059.02,100.316667
2025-08-10 16:00:00+10:00,0.0,0.0,840.040558,116.331083,27.84,0.0,0.0,1060.37,146.479167
2025-08-10 17:00:00+10:00,0.0,0.0,1188.367092,121.443108,5.249,0.0,0.0,1163.820833,160.191667
2025-08-10 18:00:00+10:00,0.0,0.0,1228.355192,144.397867,0.0,0.0,0.0,1213.505833,160.205
2025-08-10 19:00:00+10:00,0.0,0.0,1199.278667,154.926567,0.0,0.0,0.0,1192.211667,158.550833
2025-08-10 20:00:00+10:00,0.0,0.0,1145.564283,176.648475,0.0,0.0,0.0,1156.540833,154.395833
2025-08-10 21:00:00+10:00,0.0,0.0,1076.883667,194.075692,0.0,0.0,0.0,1100.54,153.548333
2025-08-10 22:00:00+10:00,0.0,0.0,942.83235,213.475592,0.0,0.0,0.0,1027.195833,150.4475
2025-08-10 23:00:00+10:00,0.0,0.0,828.609108,181.735842,0.0,0.0,0.0,1007.98,150.358333
2025-08-11 00:00:00+10:00,0.0,0.0,678.899308,189.327375,0.0,0.0,0.0,992.341667,145.405
2025-08-11 01:00:00+10:00,0.0,0.0,596.757083,216.949508,0.0,0.0,0.0,978.133333,135.125
2025-08-11 02:00:00+10:00,0.0,0.0,584.691075,187.44095,0.0,0.0,0.0,1000.268333,140.081667
2025-08-11 03:00:00+10:00,0.0,0.0,575.627192,171.622558,0.0,0.0,0.0,1016.230833,134.098333
2025-08-11 04:00:00+10:00,0.0,0.0,591.121475,197.406225,0.0,0.0,0.0,1013.148333,148.373333
2025-08-11 05:00:00+10:00,0.0,0.0,662.046433,192.997692,0.0,0.0,0.0,1022.065,150.085
2025-08-11 06:00:00+10:00,0.0,0.0,1032.064075,201.716583,0.0,0.0,0.0,1153.6475,155.311667
2025-08-11 07:00:00+10:00,0.0,0.0,1228.854558,202.836758,0.45,0.0,0.0,1302.7975,160.24
2025-08-11 08:00:00+10:00,0.0,0.0,1099.493492,229.467992,20.2495,0.0,0.0,1312.184167,155.241667
2025-08-11 09:00:00+10:00,0.0,0.0,715.881325,227.92095,60.0025,0.0,0.0,1207.805833,149.485833
2025-08-11 10:00:00+10:00,0.0,0.0,568.667733,248.370533,106.1935,0.0,0.0,1084.055,129.988333
2025-08-11 11:00:00+10:00,0.0,0.0,507.250775,268.578867,130.708,0.0,0.0,1036.658333,102.4
2025-08-11 12:00:00+10:00,0.0,0.0,483.698458,282.471025,134.1705,0.0,0.0,1021.580833,80.7825
2025-08-11 13:00:00+10:00,0.0,0.0,448.226658,257.313017,138.4975,0.0,0.0,986.8475,90.986667
2025-08-11 14:00:00+10:00,0.0,0.0,508.097892,253.206533,119.7025,0.0,0.0,997.646667,82.110833
2025-08-11 15:00:00+10:00,0.0,26.52825,483.645833,245.618825,83.6085,0.0,0.0,1042.189167,120.6825
2025-08-11 16:00:00+10:00,0.0,57.849358,689.23875,236.7244,43.778,0.0,0.0,1058.0725,149.11
2025-08-11 17:00:00+10:00,0.0,57.847733,1064.414467,207.9218,6.16,0.0,0.0,1189.0775,162.490833
2025-08-11 18:00:00+10:00,0.0,57.850975,1161.575542,207.676825,0.0,0.0,0.0,1282.881667,163.205833
2025-08-11 19:00:00+10:00,0.0,69.764692,1088.162008,225.451342,0.0,0.0,0.0,1262.595,161.870833
2025-08-11 20:00:00+10:00,0.0,108.660092,1016.815283,218.24015,0.0,0.0,0.0,1224.415,160.121667
2025-08-11 21:00:00+10:00,19.33,108.859883,932.205975,222.477675,0.0,0.0,0.0,1164.8325,158.851667
2025-08-11 22:00:00+10:00,33.9675,91.947183,777.435867,280.771742,0.0,0.0,0.0,1068.718333,153.644167
2025-08-11 23:00:00+10:00,60.7475,57.873767,537.202208,288.700442,0.0,0.0,0.0,1036.518333,155.938333
2025-08-12 00:00:00+10:00,108.775,57.867258,429.549175,288.39775,0.0,0.0,0.0,1005.705833,146.3875
2025-08-12 01:00:00+10:00,143.54,11.011792,405.943658,273.171725,0.0,0.0,0.0,988.71,137.0575
2025-08-12 02:00:00+10:00,195.055,0.0,362.072192,274.297875,0.0,0.0,0.0,989.510833,127.861667
2025-08-12 03:00:00+10:00,207.57,0.0,360.618583,258.075583,0.0,0.0,0.0,1004.120833,143.56
2025-08-12 04:00:00+10:00,207.66,0.0,383.840292,268.207142,0.0,0.0,0.0,1017.308333,134.546667
2025-08-12 05:00:00+10:00,207.3425,0.0,424.4292,262.247833,0.0,0.0,0.0,1024.760833,136.8625
2025-08-12 06:00:00+10:00,207.7725,0.0,729.476375,245.752817,0.0,0.0,0.0,1151.095833,153.7525
2025-08-12 07:00:00+10:00,205.15,0.0,929.509067,256.870042,0.5425,0.0,0.0,1297.101667,150.461667
2025-08-12 08:00:00+10:00,207.4225,0.0,884.676375,276.772142,20.0305,0.0,0.0,1262.556667,150.889167
2025-08-12 09:00:00+10:00,206.7,0.0,754.255133,289.945683,59.281,0.0,0.0,1157.77,161.8275
2025-08-12 10:00:00+10:00,204.4275,0.0,507.828283,288.575,99.148,0.0,0.0,1036.03,130.545833
2025-08-12 11:00:00+10:00,204.86,0.0,422.639442,272.749842,126.238,0.0,0.0,973.0975,115.073333
2025-08-12 12:00:00+10:00,201.265,0.0,423.696625,248.50355,134.2335,0.0,0.0,988.145,122.438333
2025-08-12 13:00:00+10:00,199.615,0.0,445.600358,213.003508,121.8995,0.0,0.0,994.77,166.2025
2025-08-12 14:00:00+10:00,195.2375,0.0,749.731558,196.026867,89.633,0.0,0.0,1081.700833,188.106667
2025-08-12 15:00:00+10:00,197.455,0.0,805.71485,168.005567,53.6695,0.0,0.0,1111.716667,163.46
2025-08-12 16:00:00+10:00,202.1025,0.0,877.4504,142.353542,24.995,0.0,0.0,1131.24,163.91
2025-08-12 17:00:00+10:00,199.5275,0.0,1205.282808,109.087725,4.5095,0.0,0.0,1248.525,158.919167
2025-08-12 18:00:00+10:00,199.6725,0.0,1141.03735,99.89435,0.0,0.0,0.0,1292.711667,151.043333
2025-08-12 19:00:00+10:00,199.4725,0.0,1142.387858,79.19475,0.0,0.0,0.0,1257.855833,151.815
2025-08-12 20:00:00+10:00,197.6675,0.0,1061.301258,49.644158,0.0,0.0,0.0,1218.599167,150.215
2025-08-12 21:00:00+10:00,197.8925,0.0,1010.986567,42.205358,0.0,0.0,0.0,1138.746667,150.148333
2025-08-12 22:00:00+10:00,199.51,0.0,869.579992,68.792517,0.0,0.0,0.0,1026.123333,149.664167
2025-08-12 23:00:00+10:00,199.3475,0.0,863.7517,106.194858,0.0,0.0,0.0,991.530833,151.275
2025-08-13 00:00:00+10:00,196.0925,0.0,802.388558,108.97385,0.0,0.0,0.0,956.830833,156.3175
2025-08-13 01:00:00+10:00,193.61,0.0,801.929308,85.149858,0.0,0.0,0.0,946.236667,168.019167
2025-08-13 02:00:00+10:00,199.5125,0.0,790.111433,58.91775,0.0,0.0,0.0,947.469167,152.693333
2025-08-13 03:00:00+10:00,198.5425,0.0,809.32475,49.023792,0.0,0.0,0.0,957.680833,152.555
2025-08-13 04:00:00+10:00,198.63,0.0,838.932333,34.477242,0.0,0.0,0.0,975.600833,159.834167
2025-08-13 05:00:00+10:00,197.1975,0.0,979.873775,37.292983,0.0,0.0,0.0,1038.986667,160.203333
2025-08-13 06:00:00+10:00,199.365,0.0,1211.192475,46.878008,0.0,0.0,0.0,1121.195,159.470833
2025-08-13 07:00:00+10:00,199.3025,0.0,1280.446733,67.735825,0.5175,0.0,0.0,1252.309167,160.1
2025-08-13 08:00:00+10:00,197.6725,0.0,1160.976767,58.884267,21.2345,0.0,0.0,1213.6275,153.175833
2025-08-13 09:00:00+10:00,199.49,0.0,1070.731692,48.928983,72.8665,0.0,0.0,1097.154167,153.608333
2025-08-13 10:00:00+10:00,198.585,0.0,870.961883,34.633092,118.4625,0.0,0.0,1023.725833,150.356667
2025-08-13 11:00:00+10:00,197.93,0.0,641.720392,35.506383,158.1835,0.0,0.0,1002.896667,148.655833
2025-08-13 12:00:00+10:00,199.6475,0.0,481.987533,28.648267,174.2725,0.0,0.0,971.081667,141.059167
2025-08-13 13:00:00+10:00,199.65,0.0,442.116775,42.493933,172.6775,0.0,0.0,954.0775,126.165
2025-08-13 14:00:00+10:00,199.5375,0.0,444.622508,35.301225,149.1455,0.0,0.0,977.246667,102.64
2025-08-13 15:00:00+10:00,199.665,0.0,478.734025,28.289542,108.8865,0.0,0.0,1026.325,119.650833
2025-08-13 16:00:00+10:00,199.0075,0.0,845.48095,20.757425,54.797,0.0,0.0,1075.7425,154.6275
2025-08-13 17:00:00+10:00,199.5575,0.0,1185.513317,28.175533,8.7075,0.0,0.0,1194.808333,175.0575
2025-08-13 18:00:00+10:00,199.755,0.0,1196.15225,37.236658,0.0,0.0,0.0,1230.218333,160.079167
2025-08-13 19:00:00+10:00,199.4225,0.0,1138.765792,41.894725,0.0,0.0,0.0,1202.574167,152.658333
2025-08-13 20:00:00+10:00,199.62,0.0,1148.360258,48.748167,0.0,0.0,0.0,1186.739167,161.7975
2025-08-13 21:00:00+10:00,199.4975,0.0,1052.345358,47.553833,0.0,0.0,0.0,1103.609167,152.713333
2025-08-13 22:00:00+10:00,199.4625,0.0,1025.445592,49.020717,0.0,0.0,0.0,1074.886667,161.225833
2025-08-13 23:00:00+10:00,198.6325,0.0,1078.42075,40.207908,0.0,0.0,0.0,1062.566667,177.491667
2025-08-14 00:00:00+10:00,199.4375,0.0,1010.061642,30.474592,0.0,0.0,0.0,1028.865833,169.450833
2025-08-14 01:00:00+10:00,198.5525,0.0,860.64065,35.162475,0.0,0.0,0.0,1008.363333,150.756667
2025-08-14 02:00:00+10:00,199.4875,0.0,874.644733,21.166375,0.0,0.0,0.0,1012.869167,151.87
2025-08-14 03:00:00+10:00,199.4075,0.0,875.375167,26.495992,0.0,0.0,0.0,1019.134167,151.624167
2025-08-14 04:00:00+10:00,199.46,0.0,909.799625,15.147242,0.0,0.0,0.0,1053.338333,151.723333
2025-08-14 05:00:00+10:00,199.4975,0.0,892.951642,18.714125,0.0,0.0,0.0,1054.4675,149.37
2025-08-14 06:00:00+10:00,198.745,0.0,1028.62485,46.103742,0.0,0.0,0.0,1183.8125,150.300833
2025-08-14 07:00:00+10:00,199.1475,0.0,1116.316267,47.550117,0.8295,0.0,0.0,1310.2325,150.5125
2025-08-14 08:00:00+10:00,198.9925,0.0,1068.081742,34.726442,24.6815,0.0,0.0,1288.698333,150.42
2025-08-14 09:00:00+10:00,199.3625,0.0,884.782825,26.632983,74.785,0.0,0.0,1168.389167,149.401667
2025-08-14 10:00:00+10:00,199.5725,0.0,577.783092,28.974858,124.761,0.0,0.0,1070.503333,121.339167
2025-08-14 11:00:00+10:00,199.8325,0.0,539.073883,52.194558,160.46,0.0,0.0,1031.125833,79.3575
2025-08-14 12:00:00+10:00,199.61,0.0,408.529242,84.023642,177.711,0.0,0.0,991.949167,73.441667
2025-08-14 13:00:00+10:00,169.99,0.0,330.115533,144.39195,174.175,0.0,0.0,965.775,56.820833
2025-08-14 14:00:00+10:00,159.4725,0.0,331.326083,168.222467,150.284,0.0,0.0,978.413333,62.556667
2025-08-14 15:00:00+10:00,159.52,-0.470833,349.765975,198.074017,97.626,0.0,0.0,1028.555833,79.995
2025-08-14 16:00:00+10:00,178.515,-1.181667,481.334525,231.219292,40.4885,0.0,0.0,1109.025833,102.04
2025-08-14 17:00:00+10:00,198.905,-0.839167,806.175825,268.707692,6.743,0.0,0.0,1208.325833,153.72
2025-08-14 18:00:00+10:00,199.8425,-0.335833,869.805708,297.889192,0.0,0.0,0.0,1239.8425,150.733333
2025-08-14 19:00:00+10:00,199.74,-0.341667,871.26215,291.584592,0.0,0.0,0.0,1252.231667,151.639167
2025-08-14 20:00:00+10:00,199.4225,-0.770833,837.988458,309.695033,0.0,0.0,0.0,1228.57,150.939167
2025-08-14 21:00:00+10:00,199.5,-0.603333,786.70425,312.5738,0.0,0.0,0.0,1164.8375,151.904167
2025-08-14 22:00:00+10:00,199.2825,-1.088333,694.478125,323.004175,0.0,0.162708,0.0,1089.575,149.410833
2025-08-14 23:00:00+10:00,152.43,-1.1225,641.866308,343.966608,0.0,2.316142,0.0,1008.290833,151.5375
2025-08-15 00:00:00+10:00,124.115,-1.098333,601.0741,375.187375,0.0,0.196292,0.0,959.198333,125.358333
2025-08-15 01:00:00+10:00,124.5125,-1.0875,553.331767,407.873825,0.0,2.344058,0.0,931.195833,99.734167
2025-08-15 02:00:00+10:00,124.3575,-1.084167,516.542642,437.923642,0.0,2.812042,0.0,925.1075,89.696667
2025-08-15 03:00:00+10:00,124.055,-1.1025,522.982767,430.591233,0.0,0.0,0.0,924.2325,90.933333
2025-08-15 04:00:00+10:00,124.6475,-1.081667,522.104308,439.346717,0.0,0.056325,0.0,937.415833,89.593333
2025-08-15 05:00:00+10:00,124.3575,-0.968333,559.792575,449.916767,0.0,0.392133,0.0,977.769167,110.5
2025-08-15 06:00:00+10:00,170.885,-0.9725,537.908433,471.654083,0.0,0.150383,0.0,1024.0125,94.315
2025-08-15 07:00:00+10:00,198.4225,-0.704167,615.642792,485.325308,0.2785,0.016667,0.0,1128.403333,115.951667
2025-08-15 08:00:00+10:00,199.4425,-0.3375,639.34875,480.923175,11.5675,0.0,0.0,1128.6675,131.475
2025-08-15 09:00:00+10:00,199.885,-0.5025,583.477842,479.7201,39.9735,0.0,0.0,1073.735833,128.315
2025-08-15 10:00:00+10:00,192.31,-0.779167,527.387542,487.529,72.2375,1.406083,0.0,1056.239167,110.480833
2025-08-15 11:00:00+10:00,180.0325,-1.025833,479.838783,469.697642,87.6405,21.724458,0.0,1042.165,98.733333
2025-08-15 12:00:00+10:00,179.1625,-1.049167,498.986483,370.639933,65.935,0.0,0.0,1078.135833,129.7475
2025-08-15 13:00:00+10:00,162.9375,-0.988333,459.425192,403.497025,37.211,0.0,0.0,1101.6575,119.6875
2025-08-15 14:00:00+10:00,124.6725,-1.09,457.1969,499.885008,35.3015,0.0,0.0,1111.366667,113.799167
2025-08-15 15:00:00+10:00,124.4,-1.161667,487.823433,518.092783,43.7345,6.307167,0.0,1061.949167,132.08
2025-08-15 16:00:00+10:00,124.3925,-1.09,525.047833,520.781442,31.736,10.168083,0.0,1130.833333,102.415833
2025-08-15 17:00:00+10:00,170.885,-0.4675,662.824817,510.569725,5.888,10.164667,0.0,1164.475833,119.539167
2025-08-15 18:00:00+10:00,199.145,-0.959167,719.761192,512.029792,0.0,8.317667,0.0,1185.079167,133.551667
2025-08-15 19:00:00+10:00,199.905,-1.055,703.2208,519.221142,0.0,9.407417,0.0,1158.090833,120.2475
2025-08-15 20:00:00+10:00,199.32,-0.966667,717.731867,493.7382,0.0,9.471,0.0,1156.430833,130.846667
2025-08-15 21:00:00+10:00,198.3075,-1.103333,719.888333,420.950367,0.0,8.414167,0.0,1139.35,137.2025
2025-08-15 22:00:00+10:00,199.12,-1.080833,593.081483,450.55505,0.0,4.680167,0.0,1077.6725,115.03
2025-08-15 23:00:00+10:00,199.655,-1.059167,621.620083,394.716375,0.0,0.0,0.0,1070.015,132.655
2025-08-16 00:00:00+10:00,177.35,-1.121667,597.711825,334.005158,0.0,0.0,0.0,1068.796667,144.705
2025-08-16 01:00:00+10:00,124.3975,-1.174167,496.10505,313.3213,0.0,0.0,0.0,1037.825833,150.7375
2025-08-16 02:00:00+10:00,124.47,-1.2,448.402675,300.228558,0.0,0.0,0.0,1026.305833,143.8225
2025-08-16 03:00:00+10:00,124.3475,-1.185833,436.786642,263.199642,0.0,0.0,0.0,1030.1225,143.8625
2025-08-16 04:00:00+10:00,124.545,-1.150833,435.224633,227.954758,0.0,0.0,0.0,1033.705,152.231667
2025-08-16 05:00:00+10:00,140.19,-1.206667,483.532717,249.675033,0.0,0.0,0.0,1057.761667,159.03
2025-08-16 06:00:00+10:00,192.56,-1.174167,814.127858,184.074417,0.0,0.0,0.0,1133.051667,162.649167
2025-08-16 07:00:00+10:00,198.4775,-0.790833,902.194142,175.175008,1.0115,0.0,0.0,1142.398333,153.860833
2025-08-16 08:00:00+10:00,198.6675,-1.153333,667.276342,213.428783,28.273,0.0,0.0,1155.380833,134.471667
2025-08-16 09:00:00+10:00,199.7475,-1.044167,479.070033,235.547,87.605,0.0,0.0,1132.8675,133.425
2025-08-16 10:00:00+10:00,139.9375,-1.143333,418.756042,271.955725,140.6015,0.0,0.0,1102.448333,111.5725
2025-08-16 11:00:00+10:00,124.5175,-1.223333,410.282508,322.683683,175.7485,0.0,0.0,1038.788333,103.325833
2025-08-16 12:00:00+10:00,124.845,-1.138333,413.469942,324.734042,179.4745,0.0,0.0,1010.179167,100.218333
2025-08-16 13:00:00+10:00,124.5125,-1.196667,415.773425,254.864058,162.367,0.0,0.0,1010.053333,103.990833
2025-08-16 14:00:00+10:00,136.34,-1.135,495.552383,254.51185,120.987,12.084242,0.0,883.54,144.144167
2025-08-16 15:00:00+10:00,192.9975,0.0,712.310267,240.864767,93.7755,0.0,0.0,1043.876667,150.6875
2025-08-16 16:00:00+10:00,199.445,-0.586667,716.669125,241.0449,54.063,0.0,0.0,1062.298333,150.626667
2025-08-16 17:00:00+10:00,198.1725,-0.353333,923.945417,177.368742,8.649,0.0,0.0,1198.376667,159.759167
2025-08-16 18:00:00+10:00,199.0875,-0.193333,1249.986008,169.621083,0.0,0.0,0.0,1269.208333,160.366667
2025-08-16 19:00:00+10:00,199.26,-0.888333,1239.447967,112.555733,0.0,0.0,0.0,1264.734167,161.4175
2025-08-16 20:00:00+10:00,199.465,-0.681667,1235.151967,77.081442,0.0,0.0,0.0,1281.979167,162.54
2025-08-16 21:00:00+10:00,198.9775,-1.0975,1086.2082,56.240608,0.0,0.0,0.0,1246.526667,150.759167
2025-08-16 22:00:00+10:00,199.39,-1.086667,1032.034325,30.663333,0.0,0.0,0.0,1198.151667,158.649167
2025-08-16 23:00:00+10:00,198.6875,-1.110833,973.607767,41.430975,0.0,0.0,0.0,1153.070833,153.74
2025-08-17 00:00:00+10:00,199.41,-1.1475,819.518,89.418183,0.0,0.0,0.0,1153.663333,150.145833
2025-08-17 01:00:00+10:00,199.255,-1.204167,751.861658,93.040583,0.0,0.0,0.0,1105.670833,150.0825
2025-08-17 02:00:00+10:00,199.4125,-1.1,679.9963,71.857517,0.0,0.0,0.0,1066.733333,150.616667
2025-08-17 03:00:00+10:00,199.3875,-1.179167,713.336617,56.168075,0.0,0.0,0.0,1078.793333,152.561667
2025-08-17 04:00:00+10:00,199.7425,-1.179167,728.052483,41.731642,0.0,0.0,0.0,1137.756667,158.4025
2025-08-17 05:00:00+10:00,199.4875,-1.045833,829.979908,25.489925,0.0,0.0,0.0,1177.210833,158.329167
2025-08-17 06:00:00+10:00,199.3225,-1.1475,973.879817,36.517317,0.0,0.0,0.0,1172.046667,153.731667
2025-08-17 07:00:00+10:00,199.5,-1.093333,1074.606917,35.037675,1.628,0.0,0.0,1240.144167,159.4575
2025-08-17 08:00:00+10:00,199.7225,-1.061667,1108.025942,22.835125,33.108,0.0,0.0,1265.323333,158.709167
2025-08-17 09:00:00+10:00,199.1175,-1.178333,1012.515008,17.115275,91.1715,0.0,0.0,1211.059167,154.3275
2025-08-17 10:00:00+10:00,199.2225,-1.134167,832.099867,6.64,144.122,0.0,0.0,1121.7925,142.806667
2025-08-17 11:00:00+10:00,199.265,-1.145,539.2673,5.798333,174.4855,0.0,0.0,1099.835833,110.016667
2025-08-17 12:00:00+10:00,199.4475,-1.211667,563.793875,8.384133,185.2275,0.0,0.0,1062.39,132.0025
2025-08-17 13:00:00+10:00,199.2325,-1.190833,721.21375,20.723892,165.005,0.0,0.0,1040.153333,150.181667
2025-08-17 14:00:00+10:00,199.18,-1.184167,772.958392,19.810642,127.368,0.0,0.0,1035.285833,159.035
2025-08-17 15:00:00+10:00,198.8225,-1.1225,795.474958,33.308425,102.4415,0.0,0.0,1054.8075,154.635
2025-08-17 16:00:00+10:00,198.735,-0.9675,953.477583,28.631442,51.246,0.0,0.0,1118.869167,158.626667
2025-08-17 17:00:00+10:00,196.725,-0.891667,1155.163267,34.7935,10.63,0.0,0.0,1259.865,169.423333
2025-08-17 18:00:00+10:00,199.48,0.0,1466.386467,44.767433,0.0,0.0,0.0,1371.368333,204.560833
2025-08-17 19:00:00+10:00,199.485,-0.635833,1436.490825,42.567825,0.0,0.0,0.0,1351.521667,195.9275
2025-08-17 20:00:00+10:00,199.4775,-0.896667,1326.285525,61.479383,0.0,0.0,0.0,1318.406667,154.430833
2025-08-17 21:00:00+10:00,198.2725,-1.1075,1175.795867,78.344733,0.0,0.0,0.0,1266.863333,162.935833
2025-08-17 22:00:00+10:00,199.145,-1.165,985.149833,73.858358,0.0,0.0,0.0,1169.516667,157.010833
2025-08-17 23:00:00+10:00,199.45,-1.13,929.916275,88.029383,0.0,0.0,0.0,1121.369167,153.125833
2025-08-18 00:00:00+10:00,199.3075,-1.145833,933.453433,87.911658,0.0,0.0,0.0,1110.4175,154.790833
2025-08-18 01:00:00+10:00,197.9225,-1.2,921.586167,69.287975,0.0,0.0,0.0,1081.949167,155.070833
2025-08-18 02:00:00+10:00,199.54,-1.149167,865.310467,80.531892,0.0,0.0,0.0,1048.845,150.389167
2025-08-18 03:00:00+10:00,199.3375,-1.145833,906.583775,101.781125,0.0,0.0,0.0,1103.8725,155.833333
2025-08-18 04:00:00+10:00,199.5025,-1.14,951.523083,85.9627,0.0,0.0,0.0,1138.624167,158.023333
2025-08-18 05:00:00+10:00,199.6425,-1.120833,967.298567,76.074817,0.0,0.0,0.0,1149.045833,155.2125
2025-08-18 06:00:00+10:00,198.88,-0.821667,1232.282283,61.084267,0.0,0.0,0.0,1305.0625,179.17
2025-08-18 07:00:00+10:00,198.4725,-0.948333,1379.867075,57.468033,1.5405,0.0,0.0,1456.179167,197.851667
2025-08-18 08:00:00+10:00,198.54,-0.719167,1342.275867,36.7735,27.493,0.0,0.0,1445.509167,192.678333
2025-08-18 09:00:00+10:00,199.14,-0.463333,1349.984575,21.484183,81.3255,0.0,0.0,1348.1075,198.31
2025-08-18 10:00:00+10:00,198.3175,-1.0875,1013.911567,9.291433,137.0845,0.0,0.0,1219.2225,165.163333
2025-08-18 11:00:00+10:00,198.6,-1.115833,949.273933,13.136933,168.753,0.0,0.0,1122.633333,200.480833
2025-08-18 12:00:00+10:00,197.2975,-1.183333,848.824317,23.418133,168.732,0.0,0.0,1106.158333,189.815
2025-08-18 13:00:00+10:00,196.22,-1.154167,888.377208,38.347242,166.9445,0.0,0.0,1083.418333,203.134167
2025-08-18 14:00:00+10:00,199.6475,-1.023333,926.1871,35.403567,148.8715,0.0,0.0,1096.3175,177.6025
2025-08-18 15:00:00+10:00,199.6875,-1.053333,954.37265,21.826925,104.585,0.0,0.0,1122.184167,179.3425
2025-08-18 16:00:00+10:00,198.2925,1.558442,1166.155008,26.242342,54.319,0.0,0.0,1191.685833,235.658333
2025-08-18 17:00:00+10:00,199.415,53.066283,1511.585525,29.552158,10.7965,0.0,0.0,1298.528333,372.341667
2025-08-18 18:00:00+10:00,199.4325,103.659792,1462.671892,33.046542,0.0,0.0,0.0,1349.416667,384.2175
2025-08-18 19:00:00+10:00,199.5925,108.19325,1439.37595,29.459692,0.0,0.0,0.0,1319.965833,410.515833
2025-08-18 20:00:00+10:00,199.4475,91.851392,1389.918892,26.346858,0.0,0.0,0.0,1289.561667,344.924167
2025-08-18 21:00:00+10:00,198.81,57.872125,1255.964783,24.108908,0.0,0.0,0.0,1243.158333,192.966667
2025-08-18 22:00:00+10:00,198.2625,11.270642,1077.187217,18.961525,0.0,0.0,0.0,1167.775833,156.718333
2025-08-18 23:00:00+10:00,199.355,0.0,983.04995,13.66345,0.0,0.0,0.0,1106.0775,159.234167
2025-08-19 00:00:00+10:00,198.24,0.0,981.396008,13.82125,0.0,0.0,0.0,1070.005,159.645
2025-08-19 01:00:00+10:00,198.205,0.0,1005.310692,22.414992,0.0,0.0,0.0,1052.0675,164.836667
2025-08-19 02:00:00+10:00,197.555,0.0,1023.488183,19.97855,0.0,0.0,0.0,1051.325833,166.423333
2025-08-19 03:00:00+10:00,198.5575,0.0,943.549042,19.725,0.0,0.0,0.0,1069.56,158.835833
2025-08-19 04:00:00+10:00,199.4175,0.0,949.708575,14.312925,0.0,0.0,0.0,1094.511667,158.530833
2025-08-19 05:00:00+10:00,198.84,0.0,1022.748242,9.947817,0.0,0.0,0.0,1158.375833,166.420833
2025-08-19 06:00:00+10:00,199.1675,26.871758,1288.144717,15.32775,0.0,0.0,0.0,1294.350833,176.7625
2025-08-19 07:00:00+10:00,199.1925,57.8412,1430.165925,18.374733,1.943,0.0,0.0,1429.256667,195.625
2025-08-19 08:00:00+10:00,199.08,57.864,1210.9568,24.284683,34.4045,0.0,0.0,1395.71,160.121667
2025-08-19 09:00:00+10:00,199.0075,11.312975,1096.079592,17.133333,89.0815,0.0,0.0,1269.356667,159.529167
2025-08-19 10:00:00+10:00,197.3575,0.0,946.492275,7.448342,142.4675,0.0,0.0,1143.889167,156.675
2025-08-19 11:00:00+10:00,198.505,0.0,921.617683,0.711683,170.9965,0.0,0.0,1055.2675,165.580833
2025-08-19 12:00:00+10:00,197.1575,0.0,819.271792,-0.394167,185.229,0.0,0.0,1035.11,168.9225
2025-08-19 13:00:00+10:00,199.26,0.0,534.883517,1.6075,188.1715,0.0,0.0,1055.668333,150.353333
2025-08-19 14:00:00+10:00,199.62,0.0,497.391042,2.5525,155.7615,0.0,0.0,1040.8225,144.699167
2025-08-19 15:00:00+10:00,199.475,0.0,605.033267,3.4559,113.862,0.0,0.0,1059.841667,158.6025
2025-08-19 16:00:00+10:00,197.4125,2.588517,1022.224058,9.426008,64.2845,0.0,0.0,1157.198333,202.486667
2025-08-19 17:00:00+10:00,199.475,53.089075,1382.204525,20.257267,12.0995,0.0,0.0,1274.691667,241.216667
2025-08-19 18:00:00+10:00,199.5675,57.84935,1509.304917,21.69645,0.0,0.0,0.0,1374.0025,454.565
2025-08-19 19:00:00+10:00,199.545,57.893292,1479.0984,47.849233,0.0,0.0,0.0,1357.230833,425.085833
2025-08-19 20:00:00+10:00,199.6275,57.888417,1425.966192,96.206367,0.0,0.0,0.0,1323.156667,268.268333
2025-08-19 21:00:00+10:00,199.525,40.250675,1334.160117,113.816292,0.0,0.0,0.0,1256.0525,174.016667
2025-08-19 22:00:00+10:00,198.76,0.0,1090.105408,112.867625,0.0,0.0,0.0,1159.959167,157.065833
2025-08-19 23:00:00+10:00,199.2925,0.0,882.524867,122.042408,0.0,0.0,0.0,1095.371667,159.475833
2025-08-20 00:00:00+10:00,199.4625,0.0,889.940808,119.6421,0.0,0.0,0.0,1109.346667,167.579167
2025-08-20 01:00:00+10:00,199.775,0.0,842.001108,143.452033,0.0,0.0,0.0,1096.174167,160.23
2025-08-20 02:00:00+10:00,199.49,0.0,800.9009,196.71145,0.0,0.0,0.0,1103.191667,159.646667
2025-08-20 03:00:00+10:00,199.435,0.0,741.470258,200.656942,0.0,0.0,0.0,1056.314167,158.530833
2025-08-20 04:00:00+10:00,199.5525,0.0,759.262442,200.187958,0.0,0.0,0.0,1073.4375,158.391667
2025-08-20 05:00:00+10:00,199.6725,0.0,898.622417,181.663175,0.0,0.0,0.0,1144.125833,159.973333
2025-08-20 06:00:00+10:00,199.325,0.0,1294.1213,168.389942,0.0,0.0,0.0,1298.7975,179.884167
2025-08-20 07:00:00+10:00,199.7075,0.0,1402.877542,203.924858,1.7685,0.0,0.0,1436.0225,199.5025
2025-08-20 08:00:00+10:00,197.98,0.0,1189.341242,210.900008,31.531,0.0,0.0,1362.211667,155.950833
2025-08-20 09:00:00+10:00,197.55,0.0,942.106858,207.73645,85.7115,0.0,0.0,1246.178333,151.205833
2025-08-20 10:00:00+10:00,198.3975,0.0,744.222758,167.772983,126.5775,0.0,0.0,1131.893333,150.2775
2025-08-20 11:00:00+10:00,199.0525,0.0,463.870517,201.392858,152.843,0.0,0.0,1041.885,133.679167
2025-08-20 12:00:00+10:00,199.4975,0.0,388.855,171.97985,162.11,0.0,0.0,1003.405833,121.401667
2025-08-20 13:00:00+10:00,199.355,0.0,385.7516,164.000967,164.051,0.0,0.0,983.1325,126.938333
2025-08-20 14:00:00+10:00,199.5475,0.0,401.418933,170.78485,144.7205,0.0,0.0,1030.104167,139.438333
2025-08-20 15:00:00+10:00,199.325,0.0,553.763358,150.842125,112.9895,0.0,0.0,1038.743333,147.474167
2025-08-20 16:00:00+10:00,197.3025,0.0,708.34805,160.937525,59.4995,0.0,0.0,1086.394167,150.871667
2025-08-20 17:00:00+10:00,195.7625,0.0,1123.701225,155.870717,10.777,0.0,0.0,1224.5925,159.598333
2025-08-20 18:00:00+10:00,199.5225,0.0,1305.340525,180.131175,0.0,0.0,0.0,1305.640833,161.6675
2025-08-20 19:00:00+10:00,196.635,0.0,1016.9978,193.969208,0.0,0.0,0.0,1287.275833,151.005
2025-08-20 20:00:00+10:00,199.585,0.0,955.399508,189.067017,0.0,0.0,0.0,1247.684167,150.184167
2025-08-20 21:00:00+10:00,199.475,0.0,847.907842,242.861525,0.0,0.0,0.0,1176.410833,151.105
2025-08-20 22:00:00+10:00,197.18,0.0,662.6412,257.6529,0.0,0.0,0.0,1077.0125,149.860833
2025-08-20 23:00:00+10:00,199.495,0.0,514.736375,264.261942,0.0,0.0,0.0,1000.0625,136.3425
2025-08-21 00:00:00+10:00,199.655,0.0,446.869167,236.208358,0.0,0.0,0.0,997.073333,126.928333
2025-08-21 01:00:00+10:00,199.3775,0.0,416.937375,282.463525,0.0,0.0,0.0,995.448333,134.065
2025-08-21 02:00:00+10:00,199.135,0.0,388.54275,309.605808,0.0,0.0,0.0,1013.900833,147.6225
2025-08-21 03:00:00+10:00,199.3475,0.0,378.680058,335.885067,0.0,0.0,0.0,964.124167,132.23
2025-08-21 04:00:00+10:00,199.545,0.0,402.881767,329.452075,0.0,0.0,0.0,988.266667,154.300833
2025-08-21 05:00:00+10:00,199.325,0.0,513.437483,309.769908,0.0,0.0,0.0,1047.5575,153.951667
2025-08-21 06:00:00+10:00,198.9225,0.0,804.272317,316.962458,0.0,0.0,0.0,1170.61,153.513333
2025-08-21 07:00:00+10:00,198.3,0.0,1058.158117,338.488417,2.494,0.0,0.0,1278.825833,175.7525
2025-08-21 08:00:00+10:00,198.965,0.0,876.187933,315.424,32.8855,0.0,0.0,1270.375833,150.840833
2025-08-21 09:00:00+10:00,173.1275,0.0,748.812758,297.250283,82.342,0.0,0.0,1160.81,152.344167
2025-08-21 10:00:00+10:00,184.3875,0.0,502.601617,315.80405,125.0175,0.0,0.0,1044.515833,148.856667
2025-08-21 11:00:00+10:00,192.7625,0.0,381.01595,338.375892,155.815,0.0,0.0,982.515833,148.638333
2025-08-21 12:00:00+10:00,135.125,0.0,333.877067,356.923758,154.651,0.0,0.0,949.935833,130.54
2025-08-21 13:00:00+10:00,124.6225,0.0,333.639317,361.519325,135.4205,0.0,0.0,935.235833,115.26
2025-08-21 14:00:00+10:00,124.21,0.0,339.886417,353.876517,118.325,0.0,0.0,951.869167,132.470833
2025-08-21 15:00:00+10:00,124.695,0.0,493.622242,334.825142,86.5905,0.0,0.0,987.933333,160.35
2025-08-21 16:00:00+10:00,147.93,0.0,733.014217,324.310325,46.409,0.0,0.0,1028.216667,157.618333
2025-08-21 17:00:00+10:00,193.5175,0.0,1086.430375,316.266358,8.579,0.0,0.0,1145.303333,156.161667
2025-08-21 18:00:00+10:00,199.8325,0.0,1107.821408,358.065058,0.0,0.0,0.0,1184.428333,170.065
2025-08-21 19:00:00+10:00,199.91,0.0,1016.763042,396.97525,0.0,0.0,0.0,1147.835833,152.6675
2025-08-21 20:00:00+10:00,199.1925,0.0,894.349675,419.623958,0.0,0.0,0.0,1120.8225,150.043333
2025-08-21 21:00:00+10:00,198.72,0.0,767.111925,427.491042,0.0,0.0,0.0,1077.496667,147.698333
2025-08-21 22:00:00+10:00,197.3975,0.0,587.776633,426.28665,0.0,0.0,0.0,1000.729167,131.5575
2025-08-21 23:00:00+10:00,193.915,0.0,512.433483,412.74525,0.0,0.957,0.0,964.498333,84.035
2025-08-22 00:00:00+10:00,195.68,0.0,457.640817,427.5577,0.0,0.863792,0.0,979.67,126.795833
2025-08-22 01:00:00+10:00,197.4925,0.0,404.739592,388.256592,0.0,0.0,0.0,977.915,113.405833
2025-08-22 02:00:00+10:00,199.51,0.0,379.379292,364.065308,0.0,0.0,0.0,967.518333,87.896667
2025-08-22 03:00:00+10:00,199.37,0.0,384.994525,355.561825,0.0,0.0,0.0,976.528333,81.615833
2025-08-22 04:00:00+10:00,199.51,0.0,393.3758,315.812517,0.0,0.0,0.0,997.81,91.290833
2025-08-22 05:00:00+10:00,199.255,0.0,433.729592,328.338292,0.0,0.0,0.0,1053.535833,127.718333
2025-08-22 06:00:00+10:00,198.8975,0.0,662.23735,301.41875,0.0,0.0,0.0,1116.725,150.1575
2025-08-22 07:00:00+10:00,199.5725,0.0,783.883267,315.787983,1.4365,0.88375,0.0,1235.065,150.1625
2025-08-22 08:00:00+10:00,198.4,0.0,801.764667,321.692625,14.942,1.148667,0.0,1246.7825,152.756667
2025-08-22 09:00:00+10:00,194.2325,0.0,708.795017,266.352175,29.3995,0.0,0.0,1186.075,150.5275
2025-08-22 10:00:00+10:00,198.7525,0.0,590.856358,237.194767,42.1565,0.0,0.0,1136.671667,147.725833
2025-08-22 11:00:00+10:00,197.915,0.0,638.249133,196.275775,62.728,0.0,0.0,1084.381667,151.58
2025-08-22 12:00:00+10:00,197.65,0.0,556.422717,202.268575,66.9875,0.0,0.0,1084.059167,137.875
2025-08-22 13:00:00+10:00,197.36,0.0,569.163833,203.634225,54.2855,0.0,0.0,1074.720833,143.9025
2025-08-22 14:00:00+10:00,198.205,0.0,560.838742,224.787158,42.2025,0.0,0.0,1089.306667,150.314167
2025-08-22 15:00:00+10:00,197.055,0.0,690.5612,211.014933,23.486,0.0,0.0,1114.893333,154.874167
2025-08-22 16:00:00+10:00,197.0225,0.0,761.692667,162.2541,16.9575,0.0,0.0,1138.2275,153.294167
2025-08-22 17:00:00+10:00,194.5025,0.0,960.234308,143.556217,5.703,0.0,0.0,1205.275,151.704167
2025-08-22 18:00:00+10:00,197.8375,0.0,973.074025,172.166075,0.0005,0.0,0.0,1205.6375,150.153333
2025-08-22 19:00:00+10:00,199.12,0.0,912.758583,170.424725,0.0,0.0,0.0,1173.539167,150.146667
2025-08-22 20:00:00+10:00,199.27,0.0,833.211242,214.533067,0.0,0.0,0.0,1132.180833,150.14
2025-08-22 21:00:00+10:00,199.4025,0.0,787.894758,215.801842,0.0,0.0,0.0,1077.214167,150.406667
2025-08-22 22:00:00+10:00,199.43,0.0,676.467825,271.545933,0.0,0.0,0.0,992.785,150.126667
2025-08-22 23:00:00+10:00,198.915,0.0,591.932875,291.412108,0.0,0.0,0.0,962.749167,149.218333
2025-08-23 00:00:00+10:00,199.4325,0.0,577.770042,311.158033,0.0,0.0,0.0,953.315833,149.213333
2025-08-23 01:00:00+10:00,199.7575,0.0,491.31605,392.872067,0.0,0.0,0.0,923.983333,114.141667
2025-08-23 02:00:00+10:00,199.365,0.0,496.392508,378.423308,0.0,0.0,0.0,940.245833,148.494167
2025-08-23 03:00:00+10:00,199.5825,0.0,631.532975,233.352958,0.0,0.0,0.0,966.2,158.955
2025-08-23 04:00:00+10:00,197.8725,0.0,526.040367,241.36,0.0,0.0,0.0,909.185833,151.686667
2025-08-23 05:00:00+10:00,199.19,0.0,501.292058,307.797317,0.0,0.0,0.0,908.8225,149.639167
2025-08-23 06:00:00+10:00,199.5725,0.0,565.574058,286.987925,0.0,0.0,0.0,918.329167,150.1625
2025-08-23 07:00:00+10:00,199.285,0.0,783.75715,252.055092,1.543,0.0,0.0,1003.894167,163.451667
2025-08-23 08:00:00+10:00,198.9125,0.0,727.480125,324.104217,26.5165,0.0,0.0,1025.895,150.1475
2025-08-23 09:00:00+10:00,197.49,0.0,589.461567,291.141942,69.3265,0.0,0.0,992.050833,149.000833
2025-08-23 10:00:00+10:00,199.2775,0.0,484.112183,223.476392,133.4765,0.0,0.0,965.820833,147.9125
2025-08-23 11:00:00+10:00,199.4375,0.0,452.272,163.877692,148.017,0.0,0.0,941.154167,156.064167
2025-08-23 12:00:00+10:00,199.71,0.0,411.398817,139.789458,173.0415,0.0,0.0,861.539167,148.118333
2025-08-23 13:00:00+10:00,199.3625,0.0,387.257333,138.889367,177.896,0.0,0.0,847.3775,146.006667
2025-08-23 14:00:00+10:00,199.28,0.0,383.085325,158.238283,155.549,0.0,0.0,864.616667,140.648333
2025-08-23 15:00:00+10:00,198.0575,0.0,440.083242,108.095817,109.336,0.0,0.0,908.618333,153.686667
2025-08-23 16:00:00+10:00,198.225,0.0,665.26905,95.126208,57.9545,0.0,0.0,978.309167,153.110833
2025-08-23 17:00:00+10:00,197.465,0.0,913.6657,74.632017,13.265,0.0,0.0,1094.865,151.291667
2025-08-23 18:00:00+10:00,199.23,0.0,1002.356783,54.203808,0.0125,0.0,0.0,1161.0375,150.5975
2025-08-23 19:00:00+10:00,195.9175,0.0,1045.805792,41.653258,0.0,0.0,0.0,1182.540833,153.44
2025-08-23 20:00:00+10:00,198.83,0.0,1106.239583,22.589983,0.0,0.0,0.0,1178.373333,166.165833
2025-08-23 21:00:00+10:00,199.335,0.0,1203.658233,23.517008,0.0,0.0,0.0,1143.7775,196.465
2025-08-23 22:00:00+10:00,198.885,0.0,1031.479317,26.550017,0.0,0.0,0.0,1080.4975,154.4275
2025-08-23 23:00:00+10:00,199.2175,0.0,882.99195,53.1925,0.0,0.0,0.0,1049.686667,151.950833
2025-08-24 00:00:00+10:00,199.0675,0.0,781.26905,78.740983,0.0,0.0,0.0,1018.873333,150.13
2025-08-24 01:00:00+10:00,198.43,0.0,753.030417,103.795075,0.0,0.0,0.0,1023.428333,150.289167
2025-08-24 02:00:00+10:00,199.4325,0.0,721.944217,107.732933,0.0,0.0,0.0,1006.668333,150.15
2025-08-24 03:00:00+10:00,199.325,0.0,723.261017,107.939333,0.0,0.0,0.0,1003.01,150.15
2025-08-24 04:00:00+10:00,199.6725,0.0,725.543808,116.436667,0.0,0.0,0.0,1012.5425,154.021667
2025-08-24 05:00:00+10:00,199.1275,0.0,765.209017,99.846667,0.0,0.0,0.0,1034.02,158.720833
2025-08-24 06:00:00+10:00,199.425,0.0,822.441433,99.660833,0.0,0.0,0.0,1087.619167,159.713333
2025-08-24 07:00:00+10:00,197.7575,0.0,860.79835,95.835833,3.618,0.0,0.0,1139.755833,158.14
2025-08-24 08:00:00+10:00,199.365,0.0,579.541625,93.165,42.196,0.0,0.0,1126.193333,138.228333
2025-08-24 09:00:00+10:00,199.65,0.0,524.605167,61.06505,100.5555,0.0,0.0,1081.8325,135.96
2025-08-24 10:00:00+10:00,199.39,0.0,506.353075,47.861367,152.366,0.0,0.0,1021.853333,148.841667
2025-08-24 11:00:00+10:00,199.43,0.0,468.154942,51.705,183.572,0.0,0.0,951.231667,145.489167
2025-08-24 12:00:00+10:00,199.4675,0.0,520.1434,59.136667,194.327,0.0,0.0,896.0225,136.531667
2025-08-24 13:00:00+10:00,199.3725,0.0,529.244608,68.329425,186.594,0.0,0.0,869.0725,134.378333
2025-08-24 14:00:00+10:00,199.54,0.0,534.29535,58.8368,160.924,0.0,0.0,894.208333,144.900833
2025-08-24 15:00:00+10:00,199.3525,0.0,638.213317,70.102933,117.0765,0.0,0.0,937.2075,162.346667
2025-08-24 16:00:00+10:00,197.445,0.0,809.072033,72.610817,66.0615,0.0,0.0,1016.851667,156.224167
2025-08-24 17:00:00+10:00,196.5375,0.0,1014.519208,66.132717,13.9795,0.0,0.0,1176.760833,152.055
2025-08-24 18:00:00+10:00,199.005,0.0,1226.808458,58.460675,0.019,0.0,0.0,1274.656667,157.035833
2025-08-24 19:00:00+10:00,197.9375,0.0,1135.480125,63.07385,0.0,0.0,0.0,1256.944167,150.4325
2025-08-24 20:00:00+10:00,199.5775,0.0,1056.4642,65.481925,0.0,0.0,0.0,1240.418333,158.324167
2025-08-24 21:00:00+10:00,199.63,0.0,1004.208725,71.8744,0.0,0.0,0.0,1198.9325,153.633333
2025-08-24 22:00:00+10:00,198.7675,0.0,906.170533,75.746933,0.0,0.0,0.0,1118.866667,152.429167
2025-08-24 23:00:00+10:00,198.055,0.0,746.812842,121.183758,0.0,0.0,0.0,1024.84,150.975833
2025-08-25 00:00:00+10:00,199.515,0.0,610.457942,131.697275,0.0,0.0,0.0,985.2425,151.515833
2025-08-25 01:00:00+10:00,199.6775,0.0,571.510467,107.181875,0.0,0.0,0.0,997.725833,152.525833
2025-08-25 02:00:00+10:00,199.61,0.0,545.71975,131.824967,0.0,0.0,0.0,997.564167,151.94
2025-08-25 03:00:00+10:00,199.7,0.0,532.478442,157.716192,0.0,0.0,0.0,1009.035833,150.6275
2025-08-25 04:00:00+10:00,199.2775,0.0,535.000708,182.856633,0.0,0.0,0.0,1031.323333,151.134167
2025-08-25 05:00:00+10:00,199.4775,0.0,569.820925,194.001742,0.0,0.0,0.0,1091.643333,154.9275
2025-08-25 06:00:00+10:00,198.7225,0.0,927.262342,190.118542,0.0,0.0,0.0,1205.24,159.9275
2025-08-25 07:00:00+10:00,198.9575,0.0,1035.6534,162.125833,4.285,0.0,0.0,1323.576667,153.905
2025-08-25 08:00:00+10:00,199.62,0.0,762.2602,117.455792,31.283,0.0,0.0,1310.32,150.130833
2025-08-25 09:00:00+10:00,199.365,0.0,681.409433,123.502825,55.811,0.0,0.0,1247.72,146.5625
2025-08-25 10:00:00+10:00,199.465,0.0,544.07875,154.369317,105.753,0.0,0.0,1157.455,143.159167
2025-08-25 11:00:00+10:00,199.485,0.0,575.971183,181.335325,148.0245,0.0,0.0,1049.883333,95.874167
2025-08-25 12:00:00+10:00,198.82,0.0,658.327583,248.444508,148.161,0.0,0.0,1010.791667,68.834167
2025-08-25 13:00:00+10:00,199.2175,0.0,687.276767,269.249992,122.536,0.0,0.0,1024.005,74.491667
2025-08-25 14:00:00+10:00,197.265,0.0,755.331075,213.666308,105.7185,0.0,0.0,1064.656667,103.626667
2025-08-25 15:00:00+10:00,197.91,0.0,756.535067,168.876833,69.8235,0.0,0.0,1093.319167,95.6875
2025-08-25 16:00:00+10:00,197.6125,0.0,831.343533,170.140933,35.4635,0.0,0.0,1124.795833,143.013333
2025-08-25 17:00:00+10:00,198.1025,0.0,1079.11805,172.663025,11.0215,0.0,0.0,1207.526667,157.178333
2025-08-25 18:00:00+10:00,198.765,0.0,1147.500383,200.80365,0.0035,0.0,0.0,1261.436667,150.740833
2025-08-25 19:00:00+10:00,197.6875,0.0,1015.944333,253.9205,0.0,0.0,0.0,1224.219167,136.77
2025-08-25 20:00:00+10:00,199.0875,0.0,827.548133,272.099108,0.0,0.269275,0.0,1179.6475,143.975833
2025-08-25 21:00:00+10:00,196.96,0.0,788.533642,268.699442,0.0,0.0,0.0,1142.223333,107.384167
2025-08-25 22:00:00+10:00,198.935,0.0,759.401892,248.274983,0.0,0.0,0.0,1101.001667,61.698333
2025-08-25 23:00:00+10:00,199.2875,0.0,692.601467,225.46375,0.0,0.0,0.0,1024.664167,57.6
2025-08-26 00:00:00+10:00,199.145,0.0,673.279942,196.124425,0.0,0.0,0.0,990.401667,55.330833
2025-08-26 01:00:00+10:00,199.4725,0.0,674.476983,175.493108,0.0,0.0,0.0,973.1275,55.3025
2025-08-26 02:00:00+10:00,198.5,0.0,641.025358,198.532233,0.0,0.0,0.0,952.160833,59.7475
2025-08-26 03:00:00+10:00,198.485,0.0,575.050092,254.258683,0.0,0.0,0.0,944.734167,49.12
2025-08-26 04:00:00+10:00,199.095,0.0,552.018417,319.27935,0.0,1.330983,0.0,962.2075,53.814167
2025-08-26 05:00:00+10:00,199.7,0.0,603.801883,305.3846,0.0,0.6876,0.0,1000.255,55.06
2025-08-26 06:00:00+10:00,199.3,0.0,630.7347,322.389108,0.0,0.0,0.0,1049.735,59.380833
2025-08-26 07:00:00+10:00,197.99,0.0,706.869625,331.866083,1.5045,0.0,0.0,1135.3775,63.994167
2025-08-26 08:00:00+10:00,199.4475,0.0,739.008033,322.298642,16.8195,0.0,0.0,1140.1925,55.774167
2025-08-26 09:00:00+10:00,196.02,0.0,651.908325,349.491892,53.064,0.0,0.0,1062.6,58.038333
2025-08-26 10:00:00+10:00,195.1625,0.0,643.497292,347.7485,68.0505,0.0,0.0,1044.049167,55.511667
2025-08-26 11:00:00+10:00,198.6025,0.0,576.261575,438.159525,76.382,0.0,0.0,1013.76,53.895833
2025-08-26 12:00:00+10:00,199.5875,0.0,512.584675,445.560833,61.988,0.0,0.0,1011.006667,49.790833
2025-08-26 13:00:00+10:00,199.0575,0.0,570.888908,413.423392,81.9905,0.0,0.0,1042.910833,89.575833
2025-08-26 14:00:00+10:00,198.1925,0.0,595.5765,435.853375,43.8105,0.0,0.0,1084.46,90.538333
2025-08-26 15:00:00+10:00,196.055,0.0,609.42315,466.953492,32.1285,0.0,0.0,1114.285,72.0925
2025-08-26 16:00:00+10:00,199.2275,0.0,792.150567,465.143133,16.1625,1.0085,0.0,1151.574167,98.336667
2025-08-26 17:00:00+10:00,199.4925,0.0,875.991992,466.794733,5.553,2.579333,0.0,1197.486667,143.37
2025-08-26 18:00:00+10:00,199.2225,0.0,861.163783,433.284483,0.032,4.010083,0.0,1235.783333,123.639167
2025-08-26 19:00:00+10:00,199.545,0.0,862.077908,428.922283,0.0,2.827583,0.0,1259.104167,86.3975
2025-08-26 20:00:00+10:00,199.83,0.0,876.005525,387.018867,0.0,0.0,0.0,1214.288333,66.850833
2025-08-26 21:00:00+10:00,197.4575,0.0,810.128258,336.847725,0.0,1.052383,0.0,1162.825833,62.795833
2025-08-26 22:00:00+10:00,198.555,0.0,736.732283,299.116017,0.0,0.078125,0.0,1097.821667,60.075833
2025-08-26 23:00:00+10:00,197.9325,0.0,641.276883,267.902158,0.0,0.0,0.0,1036.670833,39.820833
2025-08-27 00:00:00+10:00,199.55,0.0,575.654217,277.602017,0.0,0.0,0.0,968.006667,51.013333
2025-08-27 01:00:00+10:00,199.35,0.0,548.280608,284.210467,0.0,0.058942,0.0,942.561667,55.780833
2025-08-27 02:00:00+10:00,198.805,0.0,512.534933,315.760767,0.0,3.310742,0.0,918.069167,41.735833
2025-08-27 03:00:00+10:00,198.665,0.0,479.45165,360.827333,0.0,5.9328,0.0,927.6675,23.330833
2025-08-27 04:00:00+10:00,199.55,0.0,487.321983,375.203933,0.0,0.0,0.0,956.26,42.594167
2025-08-27 05:00:00+10:00,199.57,0.0,489.694292,428.551667,0.0,0.291667,0.0,1007.321667,45.030833
2025-08-27 06:00:00+10:00,197.445,0.0,598.899042,409.7994,0.0,6.345167,0.0,1118.043333,93.0075
2025-08-27 07:00:00+10:00,198.5325,0.0,681.107625,409.514992,2.983,30.550508,0.0,1188.11,93.994167
2025-08-27 08:00:00+10:00,196.23,0.0,721.346767,378.7564,26.5495,61.190617,0.0,1160.694167,64.603333
2025-08-27 09:00:00+10:00,198.205,0.0,639.3624,385.972975,51.0385,40.146433,0.0,1124.900833,41.909167
2025-08-27 10:00:00+10:00,199.1975,0.0,573.634133,476.32455,84.4035,10.218833,0.0,1056.37,53.319167
2025-08-27 11:00:00+10:00,198.0225,0.0,533.829683,476.260258,86.771,10.219583,0.0,1005.6975,55.035833
2025-08-27 12:00:00+10:00,82.1975,0.0,461.601783,478.086783,106.466,10.22,0.0,970.083333,84.3675
2025-08-27 13:00:00+10:00,0.0,0.0,552.965958,467.336433,111.806,10.22,0.0,956.5775,51.694167
2025-08-27 14:00:00+10:00,0.0,0.0,573.978825,452.750075,140.064,10.216917,0.0,970.205833,50.378333
2025-08-27 15:00:00+10:00,0.0,0.0,609.033292,478.64895,76.9205,10.201167,0.0,1031.575833,49.608333
2025-08-27 16:00:00+10:00,0.0,0.0,704.001283,512.443242,55.1705,10.22,0.0,1080.4775,50.289167
2025-08-27 17:00:00+10:00,0.0,0.0,848.41035,524.210725,16.0015,10.22,0.0,1182.615,70.949167
2025-08-27 18:00:00+10:00,0.0,0.0,943.866067,487.9538,0.068,0.851667,0.0,1249.94,144.13
2025-08-27 19:00:00+10:00,0.0,0.0,892.065992,514.304408,0.0,6.913333,0.0,1227.048333,112.855
2025-08-27 20:00:00+10:00,0.0,0.0,886.99535,516.221075,0.0,10.22,0.0,1191.76,79.098333
2025-08-27 21:00:00+10:00,0.0,0.0,870.432292,521.132467,0.0,10.22,0.0,1145.350833,48.795
2025-08-27 22:00:00+10:00,0.0,0.0,738.137833,513.263067,0.0,10.22,0.0,1054.63,45.4
2025-08-27 23:00:00+10:00,0.0,0.0,667.359167,515.317033,0.0,10.22,0.0,998.015833,44.4325
2025-08-28 00:00:00+10:00,0.0,0.0,609.89715,528.1256,0.0,10.22,0.0,955.085833,23.048333
2025-08-28 01:00:00+10:00,0.0,0.0,583.533775,528.909967,0.0,10.22,0.0,932.684167,40.579167
2025-08-28 02:00:00+10:00,0.0,0.0,586.276383,521.783725,0.0,10.22,0.0,931.449167,44.92
2025-08-28 03:00:00+10:00,0.0,0.0,590.4084,518.186883,0.0,9.977167,0.0,936.36,44.966667
2025-08-28 04:00:00+10:00,0.0,0.0,614.945983,509.3809,0.0,9.35,0.0,955.438333,45.590833
2025-08-28 05:00:00+10:00,0.0,0.0,663.906992,518.863967,0.0,10.219667,0.0,1005.690833,44.98
2025-08-28 06:00:00+10:00,0.0,0.0,719.799458,516.344067,0.0,10.216833,0.0,1125.766667,35.583333
2025-08-28 07:00:00+10:00,0.0,0.0,874.051025,488.42615,7.5595,10.156667,0.0,1200.931667,77.7625
2025-08-28 08:00:00+10:00,0.0,0.0,891.875483,469.51925,52.2645,10.021833,0.0,1175.540833,45.5175
2025-08-28 09:00:00+10:00,0.0,0.0,779.148417,485.8087,96.1565,6.467917,0.0,1096.9025,41.6475
2025-08-28 10:00:00+10:00,0.0,0.0,736.524117,467.797575,122.5035,6.606417,0.0,1085.529167,43.280833
2025-08-28 11:00:00+10:00,0.0,0.0,654.124042,461.2103,147.824,5.966167,0.0,1006.3575,33.189167
2025-08-28 12:00:00+10:00,0.0,0.0,677.100717,474.263717,176.127,9.989667,0.0,976.615833,25.883333
2025-08-28 13:00:00+10:00,0.0,0.0,636.049767,483.437042,160.826,9.924083,0.0,962.6775,30.081667
2025-08-28 14:00:00+10:00,0.0,0.0,641.209383,492.274967,159.096,10.191833,0.0,959.563333,26.886667
2025-08-28 15:00:00+10:00,0.0,0.0,629.617683,465.71955,115.2065,9.47575,0.0,1013.411667,39.425
2025-08-28 16:00:00+10:00,0.0,0.0,775.255,452.774367,58.389,10.190667,0.0,1123.269167,42.4275
2025-08-28 17:00:00+10:00,0.0,0.0,1089.940108,417.320708,13.55,10.196583,0.0,1264.7475,60.3175
2025-08-28 18:00:00+10:00,0.0,0.0,1137.301017,379.857883,0.067,7.948417,0.0,1320.34,105.5675
2025-08-28 19:00:00+10:00,0.0,0.0,1177.476292,348.228258,0.0,6.120667,0.0,1286.953333,55.903333
2025-08-28 20:00:00+10:00,0.0,0.0,1143.977792,372.276875,0.0,3.06675,0.0,1282.204167,63.903333
2025-08-28 21:00:00+10:00,0.0,0.0,1124.164308,343.274692,0.0,0.209083,0.0,1245.2125,66.421667
2025-08-28 22:00:00+10:00,0.0,0.0,1008.948942,282.540775,0.0,0.0,0.0,1177.5375,62.071667
2025-08-28 23:00:00+10:00,0.0,0.0,931.521458,320.475317,0.0,0.0,0.0,1102.569167,45.1575
2025-08-29 00:00:00+10:00,0.0,0.0,912.680417,287.62035,0.0,0.0,0.0,1065.304167,45.155
2025-08-29 01:00:00+10:00,0.0,0.0,906.240508,271.516225,0.0,0.0,0.0,1025.664167,45.1525
2025-08-29 02:00:00+10:00,0.0,0.0,928.299,239.4739,0.0,0.0,0.0,1032.81,45.243333
2025-08-29 03:00:00+10:00,0.0,0.0,916.196575,257.2269,0.0,0.0,0.0,1039.54,45.1575
2025-08-29 04:00:00+10:00,0.0,0.0,975.313508,212.941675,0.0,0.0,0.0,1062.334167,40.5775
2025-08-29 05:00:00+10:00,0.0,0.0,1044.899283,200.103658,0.0,0.125,0.0,1132.094167,40.160833
2025-08-29 06:00:00+10:00,0.0,0.0,1072.441825,181.570642,0.0,0.17,0.0,1262.210833,49.27
2025-08-29 07:00:00+10:00,0.0,0.0,1165.695858,149.735583,5.793,0.0,0.0,1375.711667,81.269167
2025-08-29 08:00:00+10:00,0.0,0.0,1192.708067,120.942367,44.6435,0.0,0.0,1324.259167,52.820833
2025-08-29 09:00:00+10:00,0.0,0.0,1172.461342,126.9625,90.26,0.0,0.0,1209.111667,59.1175
2025-08-29 10:00:00+10:00,0.0,0.0,1018.022867,119.2246,118.1785,0.0,0.0,1171.486667,42.811667
2025-08-29 11:00:00+10:00,0.0,0.0,1068.928692,196.845683,122.716,0.0,0.0,1169.176667,31.5875
2025-08-29 12:00:00+10:00,0.0,0.0,1116.766792,147.600375,90.8985,0.0,0.0,1186.0725,63.959167
2025-08-29 13:00:00+10:00,0.0,0.0,1112.138892,113.017383,60.2205,0.0,0.0,1184.5075,96.865
2025-08-29 14:00:00+10:00,0.0,0.0,1174.759267,70.637083,49.197,0.0,0.0,1198.02,73.048333
2025-08-29 15:00:00+10:00,0.0,0.0,1247.032975,41.241342,30.748,0.0,0.0,1245.571667,62.0425
2025-08-29 16:00:00+10:00,0.0,0.0,1263.57825,44.869133,18.468,0.0,0.0,1299.231667,88.343333
2025-08-29 17:00:00+10:00,0.0,0.0,1353.351183,31.429425,3.9015,0.0,0.0,1320.510833,157.3925
2025-08-29 18:00:00+10:00,0.0,0.0,1325.668033,58.4875,0.047,0.0,0.0,1333.2875,150.296667
2025-08-29 19:00:00+10:00,0.0,0.0,1135.030917,104.266183,0.0,0.0,0.0,1307.069167,41.290833
2025-08-29 20:00:00+10:00,0.0,0.0,1199.596442,161.518125,0.0,0.0,0.0,1293.4175,76.3175
2025-08-29 21:00:00+10:00,0.0,0.0,1079.448808,288.717208,0.0,0.0,0.0,1194.734167,35.6575
2025-08-29 22:00:00+10:00,0.0,0.0,983.015842,369.323833,0.0,0.0,0.0,1159.869167,24.709167
2025-08-29 23:00:00+10:00,0.0,0.0,956.098325,322.645733,0.0,0.0,0.0,1102.983333,26.350833
2025-08-30 00:00:00+10:00,0.0,0.0,946.532967,278.146908,0.0,0.0,0.0,1059.523333,25.294167
2025-08-30 01:00:00+10:00,0.0,0.0,898.080658,302.086392,0.0,0.0,0.0,1035.4425,21.136667
2025-08-30 02:00:00+10:00,0.0,0.0,827.118392,357.1924,0.0,0.0,0.0,1020.064167,12.874167
2025-08-30 03:00:00+10:00,0.0,0.0,803.815483,381.513917,0.0,0.0,0.0,1018.5625,11.050833
2025-08-30 04:00:00+10:00,0.0,0.0,863.438883,329.803242,0.0,0.0,0.0,1033.095,41.514167
2025-08-30 05:00:00+10:00,0.0,0.0,842.135117,369.060433,0.0,0.0,0.0,1043.744167,34.68
2025-08-30 06:00:00+10:00,0.0,0.0,903.822475,351.841858,0.0,0.0,0.0,1088.703333,60.553333
2025-08-30 07:00:00+10:00,0.0,0.0,1002.761942,339.5673,7.154,0.0,0.0,1137.684167,39.460833
2025-08-30 08:00:00+10:00,0.0,0.0,992.25015,359.819225,46.2825,0.0,0.0,1147.6275,37.165
2025-08-30 09:00:00+10:00,0.0,0.0,935.92995,390.167142,100.646,0.0,0.0,1127.3275,28.345833
2025-08-30 10:00:00+10:00,0.0,0.0,832.500325,422.879533,150.6815,0.408525,0.0,1068.366667,20.231667
2025-08-30 11:00:00+10:00,0.0,0.0,822.426767,364.419308,159.565,0.0,0.0,1010.9975,31.8575
2025-08-30 12:00:00+10:00,0.0,0.0,786.190742,429.173775,141.416,0.0,0.0,1014.3075,19.828333
2025-08-30 13:00:00+10:00,0.0,0.0,712.8799,492.51605,129.432,0.0,0.0,1004.58,5.865
2025-08-30 14:00:00+10:00,0.0,0.0,704.652783,511.987833,123.813,0.0,0.0,1016.435,3.0425
2025-08-30 15:00:00+10:00,0.0,0.0,727.83595,515.120433,94.419,0.0,0.0,1049.3625,9.7375
2025-08-30 16:00:00+10:00,0.0,0.0,837.505392,512.978358,46.7385,0.0,0.0,1131.436667,30.808333
2025-08-30 17:00:00+10:00,0.0,0.0,1042.357917,511.675258,10.496,0.0,0.0,1237.4375,41.575833
2025-08-30 18:00:00+10:00,0.0,0.0,1121.545275,510.006975,0.1015,0.0,0.0,1277.285,49.558333
2025-08-30 19:00:00+10:00,0.0,0.0,1081.897592,498.541267,0.0,0.0,0.0,1233.045833,52.525
2025-08-30 20:00:00+10:00,0.0,0.0,1072.115058,477.427292,0.0,0.0,0.0,1197.980833,88.216667
2025-08-30 21:00:00+10:00,0.0,0.0,1073.96135,447.687308,0.0,0.0,0.0,1144.356667,37.795
2025-08-30 22:00:00+10:00,0.0,0.0,1017.440942,479.298833,0.0,0.0,0.0,1105.563333,32.705833
2025-08-30 23:00:00+10:00,0.0,0.0,992.2585,483.978608,0.0,0.0,0.0,1045.625,30.918333
2025-08-31 00:00:00+10:00,0.0,0.0,797.89395,507.935417,0.0,0.0,0.0,990.885833,23.463333
2025-08-31 01:00:00+10:00,0.0,0.0,813.262608,503.281175,0.0,0.0,0.0,963.9375,22.961667
2025-08-31 02:00:00+10:00,0.0,0.0,811.773067,501.957967,0.0,0.0,0.0,960.91,30.7525
2025-08-31 03:00:00+10:00,0.0,0.0,808.79865,504.096175,0.0,0.0,0.0,972.244167,31.160833
2025-08-31 04:00:00+10:00,0.0,0.0,811.333967,504.675542,0.0,0.0,0.0,970.534167,61.876667
2025-08-31 05:00:00+10:00,0.0,0.0,820.351858,492.350375,0.0,0.0,0.0,980.1525,76.635833
2025-08-31 06:00:00+10:00,0.0,0.0,894.164742,478.553408,0.0,0.0,0.0,1026.3775,75.4575
2025-08-31 07:00:00+10:00,0.0,0.0,853.430275,467.08505,8.0395,0.0,0.0,1029.0275,33.555833
2025-08-31 08:00:00+10:00,0.0,0.0,796.412183,451.150267,51.723,0.0,0.0,1079.071667,14.059167
2025-08-31 09:00:00+10:00,0.0,0.0,738.177367,485.17455,105.9345,0.0,0.0,1058.53,10.499167
2025-08-31 10:00:00+10:00,0.0,0.0,726.250658,456.976675,146.649,0.0,0.0,1022.728333,6.3
2025-08-31 11:00:00+10:00,0.0,0.0,689.444817,462.570308,160.1965,0.0,0.0,1001.693333,0.401667
2025-08-31 12:00:00+10:00,0.0,0.0,638.065608,487.877675,158.6105,0.0,0.0,961.923333,2.275
2025-08-31 13:00:00+10:00,0.0,0.0,673.355992,447.126967,143.9075,0.0,0.0,936.540833,27.113333
2025-08-31 14:00:00+10:00,0.0,0.0,643.639667,484.9046,134.4525,0.0,0.0,932.365,1.235833
2025-08-31 15:00:00+10:00,0.0,0.0,666.951442,490.271975,100.7825,0.0,0.0,967.425,2.1175
2025-08-31 16:00:00+10:00,0.0,0.0,814.994442,506.069208,63.606,2.05175,0.0,1068.896667,24.893333
2025-08-31 17:00:00+10:00,0.0,0.0,1030.830367,521.768308,16.467,7.0635,0.0,1219.484167,74.800833
2025-08-31 18:00:00+10:00,0.0,0.0,1113.724942,511.599292,0.189,7.213667,0.0,1261.200833,106.421667
2025-08-31 19:00:00+10:00,0.0,0.0,1060.561517,512.138917,0.0,6.870583,0.0,1206.656667,111.744167
2025-08-31 20:00:00+10:00,0.0,0.0,1058.36555,521.834342,0.0,6.724167,0.0,1204.255833,109.973333
2025-08-31 21:00:00+10:00,0.0,0.0,1037.12,527.994642,0.0,6.338583,0.0,1143.346667,93.3575
2025-08-31 22:00:00+10:00,0.0,0.0,1021.75165,527.077433,0.0,6.114083,0.0,1073.285833,64.3025
2025-08-31 23:00:00+10:00,0.0,0.0,994.151292,505.733075,0.0,6.564917,0.0,1030.5225,55.455
2025-09-01 00:00:00+10:00,0.0,0.0,967.92035,483.534558,0.0,6.898,0.0,1004.315833,62.430833
2025-09-01 01:00:00+10:00,0.0,0.0,963.030833,466.000008,0.0,6.847667,0.0,988.326667,61.814167
2025-09-01 02:00:00+10:00,0.0,0.0,962.53225,455.420958,0.0,5.108167,0.0,996.0775,59.703333
2025-09-01 03:00:00+10:00,0.0,0.0,962.565317,431.500433,0.0,4.274333,0.0,1018.0625,68.155
2025-09-01 04:00:00+10:00,0.0,0.0,973.173533,450.796242,0.0,3.988917,0.0,1023.2925,86.258333
2025-09-01 05:00:00+10:00,0.0,0.0,1001.289583,433.0462,0.0,0.727583,0.0,1069.858333,111.869167
2025-09-01 06:00:00+10:00,0.0,0.0,1072.150767,426.66865,0.0,0.292,0.0,1124.408333,141.5325
2025-09-01 07:00:00+10:00,0.0,36.162767,1268.26665,421.586058,7.8275,0.0,0.0,1193.674167,163.6625
2025-09-01 08:00:00+10:00,0.0,40.211583,999.658908,434.120008,52.904,0.0,0.0,1139.321667,131.2975
2025-09-01 09:00:00+10:00,0.0,0.0,930.314725,406.33295,101.6875,0.0,0.0,1092.165833,104.938333
2025-09-01 10:00:00+10:00,0.0,0.0,873.40675,391.625758,150.0235,0.255775,0.0,1072.3925,23.085833
2025-09-01 11:00:00+10:00,0.0,0.0,814.987433,379.8078,177.6785,0.643817,0.0,1075.349167,33.705833
2025-09-01 12:00:00+10:00,0.0,0.0,898.119567,372.067058,182.4255,1.092667,0.0,1053.109167,17.618333
2025-09-01 13:00:00+10:00,0.0,0.0,910.748917,351.501833,181.9395,0.311625,0.0,1045.139167,16.975
2025-09-01 14:00:00+10:00,0.0,0.0,991.484675,305.066558,172.358,0.0,0.0,1051.23,38.256667
2025-09-01 15:00:00+10:00,0.0,0.0,1040.463317,311.348375,127.5615,0.0,0.0,1104.63,83.054167
2025-09-01 16:00:00+10:00,0.0,26.757808,1241.852833,278.14155,66.892,0.0,0.0,1150.1625,104.319167
2025-09-01 17:00:00+10:00,0.0,57.823283,1389.374117,278.582717,17.926,0.0,0.0,1208.0825,302.665
2025-09-01 18:00:00+10:00,0.0,57.880267,1418.769792,266.383783,0.2835,0.0,0.0,1303.638333,243.3525
2025-09-01 19:00:00+10:00,0.0,57.909583,1387.580717,193.1038,0.0,0.0,0.0,1298.235833,177.361667
2025-09-01 20:00:00+10:00,0.0,57.909575,1354.165267,176.502725,0.0,0.0,0.0,1267.9475,224.5875
2025-09-01 21:00:00+10:00,0.0,57.865625,1344.694,116.951392,0.0,0.0,0.0,1219.528333,248.653333
2025-09-01 22:00:00+10:00,0.0,57.857492,1252.91435,84.744217,0.0,0.0,0.0,1139.55,105.999167
2025-09-01 23:00:00+10:00,0.0,57.850975,1212.748608,107.847275,0.0,0.0,0.0,1072.245833,134.0025
2025-09-02 00:00:00+10:00,0.0,57.872133,1183.245475,125.31825,0.0,0.0,0.0,1058.2825,161.563333
2025-09-02 01:00:00+10:00,0.0,57.862383,1310.645767,89.125858,0.0,0.0,0.0,1090.443333,159.3525
2025-09-02 02:00:00+10:00,0.0,40.0553,1313.599342,125.84885,0.0,0.0,0.0,1074.771667,165.228333
2025-09-02 03:00:00+10:00,0.0,0.0,1346.562558,132.247075,0.0,0.0,0.0,1094.398333,188.913333
2025-09-02 04:00:00+10:00,0.0,0.0,1320.601592,148.1858,0.0,0.0,0.0,1078.821667,155.721667
2025-09-02 05:00:00+10:00,0.0,0.0,1265.164358,159.671742,0.0,0.0,0.0,1127.350833,155.135833
2025-09-02 06:00:00+10:00,0.0,0.0,1366.620558,195.112758,0.0,0.0,0.0,1230.439167,168.071667
2025-09-02 07:00:00+10:00,0.0,0.0,1295.3725,239.455425,7.95,0.0,0.0,1288.6075,121.353333
2025-09-02 08:00:00+10:00,0.0,0.0,1050.061267,276.358175,45.5585,0.0,0.0,1211.4175,114.4125
2025-09-02 09:00:00+10:00,0.0,0.0,1028.60385,274.708292,103.1025,0.0,0.0,1182.32,80.8125
2025-09-02 10:00:00+10:00,0.0,0.0,967.10265,302.483125,124.5085,0.0,0.0,1178.1,66.4325
2025-09-02 11:00:00+10:00,0.0,0.0,801.538375,388.98525,145.1345,0.10005,0.0,1082.955833,32.321667
2025-09-02 12:00:00+10:00,0.0,0.0,736.473042,441.051683,149.1885,-0.241692,0.0,1052.82,26.985
2025-09-02 13:00:00+10:00,0.0,0.0,733.763983,439.020942,145.958,-0.038083,0.0,1053.144167,19.928333
2025-09-02 14:00:00+10:00,0.0,0.0,702.198225,436.216383,117.831,0.0,0.0,1048.335833,12.144167
2025-09-02 15:00:00+10:00,0.0,0.0,754.4064,457.101542,96.785,0.0,0.0,1036.426667,20.946667
2025-09-02 16:00:00+10:00,0.0,0.0,802.07615,498.9767,41.9025,0.00405,0.0,1118.495833,18.2925
2025-09-02 17:00:00+10:00,0.0,0.0,949.530492,477.645825,12.217,0.0,0.0,1221.053333,23.7625
2025-09-02 18:00:00+10:00,0.0,0.0,1005.305467,474.260692,0.1265,0.776092,0.0,1278.711667,16.11
2025-09-02 19:00:00+10:00,0.0,0.0,936.945642,508.737025,0.0,1.02875,0.0,1247.420833,11.81
2025-09-02 20:00:00+10:00,0.0,0.0,921.6428,483.735175,0.0,4.766167,0.0,1204.185833,36.91
2025-09-02 21:00:00+10:00,0.0,0.0,902.813067,444.841542,0.0,8.28125,0.0,1153.623333,29.0525
2025-09-02 22:00:00+10:00,0.0,0.0,823.7408,447.820983,0.0,9.962833,0.0,1101.208333,15.0825
2025-09-02 23:00:00+10:00,0.0,0.0,761.308692,445.048908,0.0,10.060417,0.0,1039.531667,13.874167
2025-09-03 00:00:00+10:00,0.0,0.0,683.317708,472.408258,0.0,10.157583,0.0,981.089167,13.064167
2025-09-03 01:00:00+10:00,0.0,0.0,636.056008,495.787208,0.0,1.806,0.0,957.27,9.021667
2025-09-03 02:00:00+10:00,0.0,0.0,646.950425,480.784825,0.0,0.0,0.0,956.288333,16.245
2025-09-03 03:00:00+10:00,0.0,0.0,611.969858,511.835225,0.0,3.89575,0.0,950.543333,7.009167
2025-09-03 04:00:00+10:00,0.0,0.0,630.914742,498.284917,0.0,5.69,0.0,957.92,20.921667
2025-09-03 05:00:00+10:00,0.0,0.0,639.661242,519.496875,0.0,6.367333,0.0,1017.395833,34.846667
2025-09-03 06:00:00+10:00,0.0,0.0,728.356225,507.437333,0.0,14.115692,0.0,1127.805833,45.713333
2025-09-03 07:00:00+10:00,0.0,0.0,902.540608,449.236167,8.79,0.422008,0.0,1228.763333,68.171667
2025-09-03 08:00:00+10:00,0.0,0.0,881.163625,411.525392,32.1965,1.259083,0.0,1248.991667,61.954167
2025-09-03 09:00:00+10:00,0.0,0.0,839.749642,407.966167,49.877,0.97775,0.0,1214.364167,50.949167
2025-09-03 10:00:00+10:00,0.0,0.0,748.931367,433.814533,80.658,1.382417,0.0,1109.338333,43.465833
2025-09-03 11:00:00+10:00,0.0,0.0,729.401925,395.441675,155.1415,0.133333,0.0,1034.505,24.439167
2025-09-03 12:00:00+10:00,0.0,0.0,756.922058,412.8878,118.273,0.902917,0.0,1078.4525,27.641667
2025-09-03 13:00:00+10:00,0.0,0.0,725.841458,466.696842,78.678,4.249583,0.0,1085.1025,27.0675
2025-09-03 14:00:00+10:00,0.0,0.0,718.666342,463.650383,129.8505,3.120083,0.0,1012.660833,1.754167
2025-09-03 15:00:00+10:00,0.0,0.0,752.661583,476.647842,103.944,3.229667,0.0,1039.616667,11.198333
2025-09-03 16:00:00+10:00,0.0,0.0,809.949667,474.653692,58.1975,1.696383,0.0,1087.505,72.995
2025-09-03 17:00:00+10:00,0.0,0.0,1082.238817,439.689675,10.937,6.098817,0.0,1246.4525,95.3125
2025-09-03 18:00:00+10:00,0.0,0.0,1141.278383,480.757125,0.306,1.187,0.0,1293.12,103.625833
2025-09-03 19:00:00+10:00,0.0,0.0,1194.738208,440.510042,0.0,2.017167,0.0,1285.6725,95.4675
2025-09-03 20:00:00+10:00,0.0,0.0,1196.805133,423.446383,0.0,1.53625,0.0,1281.873333,99.818333
2025-09-03 21:00:00+10:00,0.0,0.0,1190.608192,416.679283,0.0,0.0,0.0,1195.733333,71.831667
2025-09-03 22:00:00+10:00,0.0,0.0,1175.976625,395.534483,0.0,0.0,0.0,1106.529167,46.738333
2025-09-03 23:00:00+10:00,0.0,0.0,1170.609025,352.743033,0.0,0.0,0.0,1055.664167,27.436667
2025-09-04 00:00:00+10:00,0.0,0.0,1130.978533,355.327683,0.0,0.0,0.0,1036.143333,22.2025
2025-09-04 01:00:00+10:00,0.0,0.0,1130.865833,339.212058,0.0,0.0,0.0,976.523333,30.2575
2025-09-04 02:00:00+10:00,0.0,0.0,861.80495,343.606008,0.0,0.0,0.0,956.744167,4.558333
2025-09-04 03:00:00+10:00,0.0,0.0,755.577425,391.482717,0.0,1.843808,0.0,956.863333,6.86
2025-09-04 04:00:00+10:00,0.0,0.0,751.488708,401.148033,0.0,3.176892,0.0,967.875,2.3725
2025-09-04 05:00:00+10:00,0.0,0.0,905.391242,303.481417,0.0,0.0,0.0,1054.756667,9.823333
2025-09-04 06:00:00+10:00,0.0,0.0,1084.157975,339.709308,0.0,0.0,0.0,1139.903333,14.454167
2025-09-04 07:00:00+10:00,0.0,0.0,1192.856233,351.237133,6.514,0.0,0.0,1238.555833,34.195833
2025-09-04 08:00:00+10:00,0.0,0.0,1082.895425,375.609625,30.0085,0.0,0.0,1240.2225,19.3375
2025-09-04 09:00:00+10:00,0.0,0.0,942.343767,474.562817,52.2275,1.598583,0.0,1203.979167,9.840833
2025-09-04 10:00:00+10:00,0.0,0.0,870.566092,409.112608,135.253,0.846333,0.0,1097.251667,19.789167
2025-09-04 11:00:00+10:00,0.0,0.0,760.029733,492.918483,164.8385,3.926667,0.0,1060.148333,18.284167
2025-09-04 12:00:00+10:00,0.0,0.0,762.964408,453.041175,170.549,6.7465,0.0,1045.3675,44.611667
2025-09-04 13:00:00+10:00,0.0,0.0,715.688667,485.08905,184.6065,3.208167,0.0,1029.941667,31.120833
2025-09-04 14:00:00+10:00,0.0,0.0,801.551992,447.707967,136.103,8.722,0.0,1104.350833,39.7575
2025-09-04 15:00:00+10:00,0.0,0.0,800.06885,500.65655,110.9235,10.208417,0.0,1103.07,10.273333
2025-09-04 16:00:00+10:00,0.0,0.0,896.644308,512.832492,66.777,10.208833,0.0,1173.860833,17.325833
2025-09-04 17:00:00+10:00,0.0,0.0,1091.8754,524.2375,16.911,9.961333,0.0,1302.070833,54.995833
2025-09-04 18:00:00+10:00,0.0,0.0,1143.688792,500.331267,0.4395,8.1105,0.0,1366.498333,68.854167
2025-09-04 19:00:00+10:00,0.0,0.0,1172.926692,498.973475,0.0,6.907417,0.0,1340.384167,78.7775
2025-09-04 20:00:00+10:00,0.0,0.0,1220.659917,476.545833,0.0,2.155583,0.0,1315.401667,99.961667
2025-09-04 21:00:00+10:00,0.0,0.0,1189.094508,482.124425,0.0,3.12375,0.0,1282.079167,63.479167
2025-09-04 22:00:00+10:00,0.0,0.0,1160.012608,474.849525,0.0,1.325,0.0,1223.939167,31.965833
2025-09-04 23:00:00+10:00,0.0,0.0,1064.408975,482.7705,0.0,0.630333,0.0,1132.9925,14.466667
2025-09-05 00:00:00+10:00,0.0,0.0,979.874117,506.565558,0.0,0.0,0.0,1066.3675,19.205833
2025-09-05 01:00:00+10:00,0.0,0.0,966.4468,473.2745,0.0,0.0,0.0,1050.415833,17.92
2025-09-05 02:00:00+10:00,0.0,0.0,1017.142683,465.819717,0.0,0.175,0.0,1048.420833,14.2475
2025-09-05 03:00:00+10:00,0.0,0.0,983.049233,477.988858,0.0,8.937,0.0,1065.5475,9.9875
2025-09-05 04:00:00+10:00,0.0,0.0,1015.295367,400.550233,0.0,2.751417,0.0,1121.411667,26.454167
2025-09-05 05:00:00+10:00,0.0,0.0,1088.331292,298.064725,0.0,0.0,0.0,1152.814167,56.166667
2025-09-05 06:00:00+10:00,0.0,0.0,1279.6348,265.558708,0.0,0.0,0.0,1235.239167,127.958333
2025-09-05 07:00:00+10:00,0.0,0.0,1301.504883,241.943342,12.455,0.0,0.0,1301.8375,84.100833
2025-09-05 08:00:00+10:00,0.0,0.0,1198.664008,223.620117,65.2465,0.0,0.0,1231.604167,81.749167
2025-09-05 09:00:00+10:00,0.0,0.0,1126.8063,133.201117,130.6655,0.0,0.0,1132.901667,29.450833
2025-09-05 10:00:00+10:00,0.0,0.0,1111.495958,89.167192,178.0875,0.0,0.0,1081.933333,35.555833
2025-09-05 11:00:00+10:00,0.0,0.0,1107.770533,75.306842,200.9335,0.0,0.0,1064.318333,27.124167
2025-09-05 12:00:00+10:00,0.0,0.0,1107.399325,46.938375,187.2745,0.0,0.0,1039.850833,48.644167
2025-09-05 13:00:00+10:00,0.0,0.0,1091.754492,28.633867,188.794,0.0,0.0,1014.33,57.170833
2025-09-05 14:00:00+10:00,0.0,0.0,1103.723975,23.0218,167.5875,0.0,0.0,1021.599167,56.090833
2025-09-05 15:00:00+10:00,0.0,0.0,1137.872633,16.380508,131.9785,0.0,0.0,1051.6,66.051667
2025-09-05 16:00:00+10:00,0.0,0.0,1167.336733,8.439642,73.22,0.0,0.0,1077.371667,92.823333
2025-09-05 17:00:00+10:00,0.0,0.0,1321.736942,9.047958,25.149,0.0,0.0,1199.981667,129.495833
2025-09-05 18:00:00+10:00,0.0,0.0,1399.829,3.707758,0.565,0.0,0.0,1300.211667,130.173333
2025-09-05 19:00:00+10:00,0.0,0.0,1401.347958,0.856933,0.0,0.0,0.0,1310.813333,130.228333
2025-09-05 20:00:00+10:00,0.0,0.0,1384.85945,6.793108,0.0,0.0,0.0,1296.225833,130.156667
2025-09-05 21:00:00+10:00,0.0,0.0,1318.915967,27.126767,0.0,0.0,0.0,1249.748333,101.3125
2025-09-05 22:00:00+10:00,0.0,0.0,1217.163483,53.952742,0.0,0.0,0.0,1185.108333,83.568333
2025-09-05 23:00:00+10:00,0.0,0.0,1158.566317,72.149075,0.0,0.0,0.0,1120.320833,44.795833
2025-09-06 00:00:00+10:00,0.0,0.0,1145.77645,103.366625,0.0,0.0,0.0,1072.130833,43.0575
2025-09-06 01:00:00+10:00,0.0,0.0,1134.207592,110.542333,0.0,0.0,0.0,1046.664167,41.405833
2025-09-06 02:00:00+10:00,0.0,0.0,1122.082125,141.54155,0.0,0.0,0.0,1029.459167,22.2525
2025-09-06 03:00:00+10:00,0.0,0.0,1076.829575,155.046033,0.0,0.0,0.0,1038.0475,12.383333
2025-09-06 04:00:00+10:00,0.0,0.0,1042.251367,146.98895,0.0,0.0,0.0,1038.911667,10.456667
2025-09-06 05:00:00+10:00,0.0,0.0,1066.382433,133.522325,0.0,0.0,0.0,1094.805,10.6475
2025-09-06 06:00:00+10:00,0.0,0.0,1139.667625,140.676258,0.0,0.0,0.0,1156.176667,34.83
2025-09-06 07:00:00+10:00,0.0,0.0,1194.598808,111.6169,10.1265,0.0,0.0,1199.6775,64.664167
2025-09-06 08:00:00+10:00,0.0,0.0,1210.315958,93.171192,58.1235,0.0,0.0,1197.179167,49.031667
2025-09-06 09:00:00+10:00,0.0,0.0,1174.4377,71.3783,113.5555,0.0,0.0,1158.871667,30.523333
2025-09-06 10:00:00+10:00,0.0,0.0,1126.521792,88.010833,149.751,0.0,0.0,1060.12,31.069167
2025-09-06 11:00:00+10:00,0.0,0.0,1039.221617,86.405833,192.4455,0.0,0.0,982.201667,20.9225
2025-09-06 12:00:00+10:00,0.0,0.0,930.153542,89.225,209.722,0.0,0.0,883.861667,7.700833
2025-09-06 13:00:00+10:00,0.0,0.0,935.744792,58.639167,206.633,0.0,0.0,870.44,9.07
2025-09-06 14:00:00+10:00,0.0,0.0,942.594533,66.889408,186.767,0.0,0.0,880.841667,10.103333
2025-09-06 15:00:00+10:00,0.0,0.0,979.628025,84.229858,141.5735,0.0,0.0,929.728333,11.385833
2025-09-06 16:00:00+10:00,0.0,0.0,1049.846742,97.7004,80.9525,0.0,0.0,994.1375,28.925833
2025-09-06 17:00:00+10:00,0.0,0.0,1139.192433,125.838217,24.3355,0.0,0.0,1090.7,61.418333
2025-09-06 18:00:00+10:00,0.0,0.0,1146.708708,168.2875,0.541,0.0,0.0,1138.013333,74.549167
2025-09-06 19:00:00+10:00,0.0,0.0,1144.825967,171.045592,0.0,0.0,0.0,1132.499167,75.820833
2025-09-06 20:00:00+10:00,0.0,0.0,1100.123033,195.119183,0.0,0.0,0.0,1116.613333,73.358333
2025-09-06 21:00:00+10:00,0.0,0.0,1067.17515,213.4917,0.0,0.0,0.0,1083.391667,58.581667
2025-09-06 22:00:00+10:00,0.0,0.0,1033.744467,240.896242,0.0,0.0,0.0,1062.0425,32.924167
2025-09-06 23:00:00+10:00,0.0,0.0,962.924258,274.172458,0.0,0.0,0.0,1014.240833,14.593333
2025-09-07 00:00:00+10:00,0.0,0.0,910.324125,284.763158,0.0,0.0,0.0,982.25,14.118333
2025-09-07 01:00:00+10:00,0.0,0.0,861.389725,306.958767,0.0,0.0,0.0,965.348333,11.68
2025-09-07 02:00:00+10:00,0.0,0.0,867.596042,278.476442,0.0,0.0,0.0,975.385,39.020833
2025-09-07 03:00:00+10:00,0.0,0.0,839.162608,298.603275,0.0,0.0,0.0,975.040833,17.049167
2025-09-07 04:00:00+10:00,0.0,0.0,796.8292,348.039717,0.0,0.0,0.0,974.748333,7.89
2025-09-07 05:00:00+10:00,0.0,0.0,804.227017,357.669017,0.0,0.0,0.0,991.1975,7.556667
2025-09-07 06:00:00+10:00,0.0,0.0,865.82425,336.71025,0.0,0.0,0.0,1023.2975,9.624167
2025-09-07 07:00:00+10:00,0.0,0.0,933.056067,341.066492,1.739,0.0,0.0,1088.809167,11.5225
2025-09-07 08:00:00+10:00,0.0,0.0,957.103883,392.930533,10.6505,0.0,0.0,1143.215833,10.621667
2025-09-07 09:00:00+10:00,0.0,0.0,999.3993,397.512592,28.033,0.0,0.0,1198.09,31.921667
2025-09-07 10:00:00+10:00,0.0,0.0,1002.76985,373.437342,26.095,0.0,0.0,1208.7575,45.431667
2025-09-07 11:00:00+10:00,0.0,0.0,1026.505683,360.781683,43.002,0.0,0.0,1204.3675,35.031667
2025-09-07 12:00:00+10:00,0.0,0.0,1009.682408,320.425708,49.997,0.1946,0.0,1208.365,38.75
2025-09-07 13:00:00+10:00,0.0,0.0,862.115867,358.427467,71.3625,0.957808,0.0,1142.6375,8.494167
2025-09-07 14:00:00+10:00,0.0,0.0,857.313958,370.706008,47.4185,0.248717,0.0,1190.694167,14.244167
2025-09-07 15:00:00+10:00,0.0,0.0,797.744975,404.879867,22.3955,0.0,0.0,1197.133333,3.655
2025-09-07 16:00:00+10:00,0.0,0.0,892.068217,344.546958,13.2435,0.0,0.0,1262.768333,42.51
2025-09-07 17:00:00+10:00,0.0,0.0,941.959242,299.100783,2.7045,0.0,0.0,1277.175,82.4375
2025-09-07 18:00:00+10:00,0.0,0.0,1078.409175,248.063233,0.0315,0.0,0.0,1272.7725,92.986667
2025-09-07 19:00:00+10:00,0.0,0.0,1046.772025,306.257775,0.0,4.029008,0.0,1237.74,31.973333
2025-09-07 20:00:00+10:00,0.0,0.0,887.882675,434.264367,0.0,5.831667,0.0,1172.950833,62.136667
2025-09-07 21:00:00+10:00,0.0,0.0,766.949367,476.4246,0.0,2.809333,0.0,1076.463333,68.136667
2025-09-07 22:00:00+10:00,0.0,0.0,714.133,497.383875,0.0,0.34225,0.0,975.433333,4.355833
2025-09-07 23:00:00+10:00,0.0,0.0,736.591033,424.963175,0.0,0.0,0.0,977.100833,12.918333
2025-09-08 00:00:00+10:00,0.0,0.0,655.647383,477.766317,0.0,0.0,0.0,940.166667,0.103333
2025-09-08 01:00:00+10:00,0.0,0.0,612.280575,488.376567,0.0,0.384742,0.0,923.989167,8.079167
2025-09-08 02:00:00+10:00,0.0,0.0,591.087558,508.744133,0.0,0.2805,0.0,925.970833,8.976667
2025-09-08 03:00:00+10:00,0.0,0.0,640.661692,442.375492,0.0,0.0,0.0,948.445833,11.1725
2025-09-08 04:00:00+10:00,0.0,0.0,662.774592,433.554725,0.0,0.0,0.0,971.685,7.100833
2025-09-08 05:00:00+10:00,0.0,0.0,676.024208,485.073975,0.0,1.657333,0.0,1021.745,11.96
2025-09-08 06:00:00+10:00,0.0,0.0,819.325533,516.821142,0.0,2.505667,0.0,1084.356667,29.5225
2025-09-08 07:00:00+10:00,0.0,0.0,839.461917,480.553192,9.4835,17.041775,0.0,1125.704167,25.136667
2025-09-08 08:00:00+10:00,0.0,0.0,801.711875,500.723983,33.7035,4.506667,0.0,1103.903333,1.073333
2025-09-08 09:00:00+10:00,0.0,0.0,725.224175,509.351708,73.5495,7.148667,0.0,1050.9775,3.351667
2025-09-08 10:00:00+10:00,0.0,0.0,690.097717,501.594133,122.6385,6.96175,0.0,1047.76,10.303333
2025-09-08 11:00:00+10:00,0.0,0.0,628.029992,505.846692,136.795,7.044417,0.0,983.424167,2.681667
2025-09-08 12:00:00+10:00,0.0,0.0,571.070958,508.2614,181.233,6.579667,0.0,933.7075,0.156667
2025-09-08 13:00:00+10:00,0.0,0.0,565.145533,509.916075,177.3185,6.138833,0.0,923.6275,0.066667
2025-09-08 14:00:00+10:00,0.0,0.0,587.401208,511.6371,144.7025,5.043833,0.0,945.534167,-3.344167
2025-09-08 15:00:00+10:00,0.0,0.0,612.90215,521.452742,116.859,6.49375,0.0,976.335,-0.270833
2025-09-08 16:00:00+10:00,0.0,0.0,730.02745,473.812858,62.0975,4.096167,0.0,1046.683333,16.701667
2025-09-08 17:00:00+10:00,0.0,0.0,1013.599142,496.078908,14.1865,2.483667,0.0,1132.545833,27.095833
2025-09-08 18:00:00+10:00,0.0,0.0,1160.506342,511.576558,0.264,1.83175,0.0,1216.895833,30.780833
2025-09-08 19:00:00+10:00,0.0,0.0,1123.99635,522.712642,0.0,2.963083,0.0,1201.638333,16.053333
2025-09-08 20:00:00+10:00,0.0,0.0,1014.808058,523.261217,0.0,0.941667,0.0,1170.3625,9.81
2025-09-08 21:00:00+10:00,0.0,0.0,956.056433,517.363033,0.0,3.842,0.0,1124.730833,9.226667
2025-09-08 22:00:00+10:00,0.0,0.0,866.5516,513.389992,0.0,6.369917,0.0,1073.2725,6.845833
2025-09-08 23:00:00+10:00,0.0,0.0,784.71015,516.730175,0.0,7.230417,0.0,1028.045833,6.69
2025-09-09 00:00:00+10:00,0.0,0.0,727.2667,516.47345,0.0,6.792833,0.0,1031.785833,24.006667
2025-09-09 01:00:00+10:00,0.0,0.0,728.12955,515.358583,0.0,4.3645,0.0,1022.450833,15.826667
2025-09-09 02:00:00+10:00,0.0,0.0,722.928767,515.490667,0.0,4.361667,0.0,1030.279167,10.760833
2025-09-09 03:00:00+10:00,0.0,0.0,726.253433,517.094492,0.0,4.364917,0.0,1020.813333,11.951667
2025-09-09 04:00:00+10:00,0.0,0.0,657.576483,520.187108,0.0,4.364917,0.0,1035.323333,2.608333
2025-09-09 05:00:00+10:00,0.0,0.0,816.867917,512.703233,0.0,4.122167,0.0,1057.7475,8.475833
2025-09-09 06:00:00+10:00,0.0,0.0,973.630267,471.153033,0.0465,4.365,0.0,1163.429167,27.154167
2025-09-09 07:00:00+10:00,0.0,0.0,1045.286733,478.493725,13.9345,4.365,0.0,1267.6425,28.551667
2025-09-09 08:00:00+10:00,0.0,0.0,1006.784675,479.809375,57.6875,4.365,0.0,1230.835,20.0225
2025-09-09 09:00:00+10:00,0.0,0.0,816.68335,481.147842,101.3215,5.2403,0.0,1131.45,20.35
2025-09-09 10:00:00+10:00,0.0,0.0,755.384017,482.793825,141.0115,9.222333,0.0,1020.726667,8.299167
2025-09-09 11:00:00+10:00,0.0,0.0,764.439958,473.803042,171.1625,13.017267,0.0,976.005,22.365833
2025-09-09 12:00:00+10:00,0.0,0.0,651.525075,491.820908,178.9515,10.679983,0.0,939.998333,-3.521667
2025-09-09 13:00:00+10:00,0.0,0.0,643.7408,486.528983,170.3195,10.194,0.0,941.323333,1.175
2025-09-09 14:00:00+10:00,0.0,0.0,651.392175,485.749442,150.5865,10.194,0.0,935.743333,1.163333
2025-09-09 15:00:00+10:00,0.0,0.0,676.71215,490.395892,125.7355,10.194,0.0,964.8125,1.0875
2025-09-09 16:00:00+10:00,0.0,0.0,863.735442,496.5079,70.559,10.1905,0.0,1043.979167,26.066667
2025-09-09 17:00:00+10:00,0.0,0.0,1076.240933,471.895675,22.2955,10.11525,0.0,1116.925,121.254167
2025-09-09 18:00:00+10:00,0.0,0.0,1124.908125,449.450333,0.617,10.038167,0.0,1228.185,118.513333
2025-09-09 19:00:00+10:00,0.0,0.0,1124.537642,441.870558,0.0,9.416083,0.0,1214.845,49.213333
2025-09-09 20:00:00+10:00,0.0,0.0,1101.691275,446.077733,0.0,4.011167,0.0,1213.35,36.224167
2025-09-09 21:00:00+10:00,0.0,0.0,1164.647525,329.798858,0.0,0.0,0.0,1164.996667,40.411667
2025-09-09 22:00:00+10:00,0.0,0.0,1172.817842,297.691842,0.0,0.0,0.0,1127.838333,32.23
2025-09-09 23:00:00+10:00,0.0,0.0,1187.721008,212.373917,0.0,0.0,0.0,1032.47,49.04
2025-09-10 00:00:00+10:00,0.0,0.0,1198.159158,141.092283,0.0,0.0,0.0,998.476667,46.590833
2025-09-10 01:00:00+10:00,0.0,0.0,1211.796358,105.810767,0.0,0.0,0.0,999.723333,56.945833
2025-09-10 02:00:00+10:00,0.0,0.0,1270.501675,113.2592,0.0,0.0,0.0,993.640833,73.3475
2025-09-10 03:00:00+10:00,0.0,0.0,1313.591783,124.556567,0.0,0.0,0.0,1037.671667,50.7175
2025-09-10 04:00:00+10:00,0.0,0.0,1281.474242,96.366508,0.0,0.0,0.0,1047.4775,37.8475
2025-09-10 05:00:00+10:00,0.0,0.0,1330.119617,59.995842,0.0,0.0,0.0,1092.245833,44.435
2025-09-10 06:00:00+10:00,0.0,0.0,1352.648667,61.919667,0.0565,0.0,0.0,1226.780833,110.19
2025-09-10 07:00:00+10:00,0.0,0.0,1387.714408,35.52445,16.7865,0.0,0.0,1306.991667,135.105833
2025-09-10 08:00:00+10:00,0.0,0.0,1576.917875,40.473225,74.3955,0.0,0.0,1210.238333,165.0375
2025-09-10 09:00:00+10:00,0.0,0.0,1340.32465,31.475925,135.826,0.0,0.0,1083.79,131.158333
2025-09-10 10:00:00+10:00,0.0,0.0,1246.736725,57.173725,167.275,0.0,0.0,993.823333,78.0125
2025-09-10 11:00:00+10:00,0.0,0.0,1086.900733,66.552983,206.124,0.0,0.0,895.071667,32.056667
2025-09-10 12:00:00+10:00,0.0,0.0,984.506175,83.893858,215.1015,0.0,0.0,860.165833,10.348333
2025-09-10 13:00:00+10:00,0.0,0.0,963.952383,90.10885,186.3415,0.0,0.0,845.115,5.913333
2025-09-10 14:00:00+10:00,0.0,0.0,936.201758,95.701017,153.8595,0.0,0.0,867.504167,7.039167
2025-09-10 15:00:00+10:00,0.0,0.0,985.591358,125.737775,120.93,0.0,0.0,889.359167,9.659167
2025-09-10 16:00:00+10:00,0.0,0.0,1052.7208,118.879025,69.637,0.0,0.0,955.49,38.051667
2025-09-10 17:00:00+10:00,0.0,0.0,1204.46765,100.3516,23.465,0.0,0.0,1064.986667,83.019167
2025-09-10 18:00:00+10:00,0.0,0.0,1251.988233,94.015192,0.8085,0.531508,0.0,1183.583333,691.131667
2025-09-10 19:00:00+10:00,0.0,0.0,1250.183258,79.0926,0.0,0.0,0.0,1205.429167,119.37
2025-09-10 20:00:00+10:00,0.0,0.0,1310.039167,92.833517,0.0,0.0,0.0,1215.591667,86.678333
2025-09-10 21:00:00+10:00,0.0,0.0,1237.614342,87.982075,0.0,0.0,0.0,1158.336667,62.1175
2025-09-10 22:00:00+10:00,0.0,0.0,1259.1457,81.246133,0.0,0.0,0.0,1087.790833,23.201667
2025-09-10 23:00:00+10:00,0.0,0.0,1106.728817,120.808283,0.0,0.0,0.0,995.605833,10.16
2025-09-11 00:00:00+10:00,0.0,0.0,1075.883525,112.7376,0.0,0.0,0.0,966.981667,9.31
2025-09-11 01:00:00+10:00,0.0,0.0,1047.920667,112.9402,0.0,0.0,0.0,946.009167,9.4875
2025-09-11 02:00:00+10:00,0.0,0.0,1021.827633,124.885425,0.0,0.0,0.0,933.074167,9.586667
2025-09-11 03:00:00+10:00,0.0,0.0,986.809117,147.839483,0.0,0.0,0.0,905.729167,3.803333
2025-09-11 04:00:00+10:00,0.0,0.0,1050.112208,195.299042,0.0,0.0,0.0,918.804167,10.666667
2025-09-11 05:00:00+10:00,0.0,0.0,1173.957458,238.316783,0.0,0.0,0.0,984.209167,20.414167
2025-09-11 06:00:00+10:00,0.0,0.0,1281.1634,204.510942,0.068,0.0,0.0,1108.066667,67.103333
2025-09-11 07:00:00+10:00,0.0,0.0,1354.0152,171.802817,17.8135,0.0,0.0,1174.633333,91.048333
2025-09-11 08:00:00+10:00,0.0,0.0,1350.5908,186.060525,73.1545,0.0,0.0,1097.4825,50.755
2025-09-11 09:00:00+10:00,0.0,0.0,1197.481358,217.928842,135.8755,0.0,0.0,972.77,18.663333
2025-09-11 10:00:00+10:00,0.0,0.0,1055.523308,205.044317,174.2185,8.045758,0.0,907.9225,16.935833
2025-09-11 11:00:00+10:00,0.0,0.0,821.228258,198.905958,180.817,0.0,0.0,846.620833,3.4075
2025-09-11 12:00:00+10:00,0.0,0.0,743.887242,219.321733,201.837,0.580175,0.0,818.638333,3.7575
2025-09-11 13:00:00+10:00,0.0,0.0,721.46725,240.94715,188.836,0.0,0.0,800.075833,1.310833
2025-09-11 14:00:00+10:00,0.0,0.0,746.815417,279.147008,140.606,0.0,0.0,851.2475,1.694167
2025-09-11 15:00:00+10:00,0.0,0.0,815.537267,311.110617,87.4285,0.0,0.0,944.315833,8.0925
2025-09-11 16:00:00+10:00,0.0,0.0,969.209492,392.330967,51.12,0.0,0.0,1026.633333,15.569167
2025-09-11 17:00:00+10:00,0.0,0.0,1142.287433,403.336383,21.9235,0.0,0.0,1079.429167,134.2525
2025-09-11 18:00:00+10:00,0.0,0.0,1200.8842,402.508383,1.246,3.538417,0.0,1171.680833,172.6525
2025-09-11 19:00:00+10:00,0.0,0.0,1170.923525,373.334058,0.0,1.828,0.0,1164.5175,173.08
2025-09-11 20:00:00+10:00,0.0,0.0,1112.691125,399.854033,0.0,0.99725,0.0,1138.389167,177.725
2025-09-11 21:00:00+10:00,0.0,0.0,1077.183708,387.397883,0.0,0.0,0.0,1132.865,128.571667
2025-09-11 22:00:00+10:00,0.0,0.0,1119.384358,337.87835,0.0,0.0,0.0,1106.640833,41.326667
2025-09-11 23:00:00+10:00,0.0,0.0,1195.086058,347.8912,0.0,0.0,0.0,1054.996667,40.525833
2025-09-12 00:00:00+10:00,0.0,0.0,1117.5932,371.803892,0.0,0.0,0.0,998.51,26.6825
2025-09-12 01:00:00+10:00,0.0,0.0,1059.601792,331.135433,0.0,0.0,0.0,997.2625,17.8275
2025-09-12 02:00:00+10:00,0.0,0.0,1046.1172,337.167183,0.0,0.0,0.0,985.520833,57.736667
2025-09-12 03:00:00+10:00,0.0,0.0,1006.193458,379.425792,0.0,4.639333,0.0,975.366667,63.544167
2025-09-12 04:00:00+10:00,0.0,0.0,967.192533,377.2076,0.0,5.598417,0.0,1006.5825,40.945833
2025-09-12 05:00:00+10:00,0.0,0.0,1025.225542,386.925892,0.0,3.57925,0.0,1017.544167,49.723333
2025-09-12 06:00:00+10:00,0.0,-0.339167,1164.604417,401.428825,0.085,6.84575,0.0,1107.92,73.900833
2025-09-12 07:00:00+10:00,0.0,-0.695833,1173.282483,411.30485,10.6595,8.992583,0.0,1206.345,48.4275
2025-09-12 08:00:00+10:00,0.0,-0.521667,1154.503442,458.859017,43.167,6.417917,0.0,1201.915833,25.414167
2025-09-12 09:00:00+10:00,0.0,-0.951667,956.7601,452.557267,81.362,6.159083,0.0,1089.069167,5.780833
2025-09-12 10:00:00+10:00,0.0,-0.513333,726.235608,469.22635,131.02,7.914075,0.0,994.9375,-2.2975
2025-09-12 11:00:00+10:00,0.0,-0.519167,641.667333,481.704383,148.21,6.565583,0.0,940.778333,-1.4925
2025-09-12 12:00:00+10:00,0.0,-0.513333,537.471517,467.321758,165.1485,8.976083,0.0,836.030833,-0.676667
2025-09-12 13:00:00+10:00,0.0,-0.508333,528.627617,415.253375,182.2295,10.727192,0.0,781.298333,0.574167
2025-09-12 14:00:00+10:00,0.0,-0.756667,557.24135,423.815533,179.7685,12.951458,0.0,821.2875,10.7125
2025-09-12 15:00:00+10:00,0.0,-0.68,607.764858,421.34625,143.9035,9.048083,0.0,906.475833,2.540833
2025-09-12 16:00:00+10:00,0.0,-0.683333,886.192625,423.241292,86.852,9.246417,0.0,992.36,35.94
2025-09-12 17:00:00+10:00,0.0,-0.765,1155.107583,408.133358,29.6295,9.890917,0.0,1123.0325,34.146667
2025-09-12 18:00:00+10:00,0.0,-0.69,1248.759875,377.91845,1.4925,10.108,0.0,1172.698333,34.4625
2025-09-12 19:00:00+10:00,0.0,-0.335833,1275.885592,358.708467,0.0,8.519,0.0,1216.365,36.583333
2025-09-12 20:00:00+10:00,0.0,-0.083333,1206.268233,379.768183,0.0,0.575,0.0,1174.939167,29.495833
2025-09-12 21:00:00+10:00,0.0,-0.17,1208.922242,342.557258,0.0,2.00225,0.0,1139.995833,47.396667
2025-09-12 22:00:00+10:00,0.0,-0.1725,1175.750192,340.86315,0.0,0.0,0.0,1049.916667,46.735
2025-09-12 23:00:00+10:00,0.0,-0.179167,1121.628458,312.312258,0.0,0.0,0.0,1011.065833,91.241667
2025-09-13 00:00:00+10:00,0.0,-0.089167,1118.498,324.802175,0.0,0.0,0.0,994.653333,72.119167
2025-09-13 01:00:00+10:00,0.0,-0.435,1067.321808,319.83405,0.0,0.0,0.0,924.58,56.168333
2025-09-13 02:00:00+10:00,0.0,-0.168333,1046.397842,301.794283,0.0,0.0,0.0,904.096667,41.379167
2025-09-13 03:00:00+10:00,0.0,-0.085833,1095.466158,312.230533,0.0,1.519333,0.0,938.405833,36.865833
2025-09-13 04:00:00+10:00,0.0,-0.1725,1113.136517,272.060767,0.0,0.276083,0.0,965.775833,39.395
2025-09-13 05:00:00+10:00,0.0,-0.171667,1139.973625,278.111158,0.0,0.0,0.0,948.573333,33.8875
2025-09-13 06:00:00+10:00,0.0,-0.169167,1174.282508,268.193283,0.1445,0.0,0.0,995.860833,82.899167
2025-09-13 07:00:00+10:00,0.0,-0.083333,1166.048642,240.758825,12.785,0.0,0.0,1064.729167,19.3625
2025-09-13 08:00:00+10:00,0.0,0.0,993.349575,234.288608,46.268,0.0,0.0,1116.880833,21.7525
2025-09-13 09:00:00+10:00,0.0,0.0,1004.154292,225.135333,72.8945,4.248925,0.0,1129.220833,37.5925
2025-09-13 10:00:00+10:00,0.0,0.0,937.73055,233.591142,82.7195,1.631175,0.0,1076.169167,31.81
2025-09-13 11:00:00+10:00,0.0,0.0,874.178283,255.132175,96.0035,0.182758,0.0,1037.64,18.73
2025-09-13 12:00:00+10:00,0.0,0.0,830.11095,299.670117,113.591,1.253658,0.0,1037.594167,23.6625
2025-09-13 13:00:00+10:00,0.0,0.0,800.872517,296.786317,123.014,1.332033,0.0,1013.144167,11.783333
2025-09-13 14:00:00+10:00,0.0,0.0,846.503392,256.901133,104.4705,0.0,0.0,1022.696667,23.086667
2025-09-13 15:00:00+10:00,0.0,0.0,946.78,240.18025,72.994,0.0,0.0,1054.2225,57.2375
2025-09-13 16:00:00+10:00,0.0,0.0,953.32295,218.462642,39.947,0.0,0.0,1091.440833,36.355833
2025-09-13 17:00:00+10:00,0.0,-0.166667,1166.737642,211.186583,21.6405,0.0,0.0,1131.689167,87.088333
2025-09-13 18:00:00+10:00,0.0,-0.174167,1263.821008,234.976517,1.4865,0.0,0.0,1186.1725,141.913333
2025-09-13 19:00:00+10:00,0.0,-0.083333,1224.752425,271.465367,0.0,0.0,0.0,1169.696667,109.588333
2025-09-13 20:00:00+10:00,0.0,-0.261667,1211.165742,344.3751,0.0,0.0,0.0,1143.55,73.889167
2025-09-13 21:00:00+10:00,0.0,-0.089167,1141.004792,395.7381,0.0,0.066667,0.0,1084.065,26.710833
2025-09-13 22:00:00+10:00,0.0,-0.355833,1049.85835,403.983367,0.0,2.2035,0.0,1078.739167,17.670833
2025-09-13 23:00:00+10:00,0.0,0.0,837.194558,387.305258,0.0,0.5,0.0,1023.593333,33.6
2025-09-14 00:00:00+10:00,0.0,0.0,820.363667,353.273275,0.0,0.315942,0.0,971.456667,49.7275
2025-09-14 01:00:00+10:00,0.0,-0.086667,768.747608,322.764075,0.0,0.905792,0.0,970.2625,45.539167
2025-09-14 02:00:00+10:00,0.0,0.0,761.963358,301.4497,0.0,0.56675,0.0,988.599167,44.895833
2025-09-14 03:00:00+10:00,0.0,0.0,728.653367,335.659433,0.0,0.485933,0.0,987.301667,31.93
2025-09-14 04:00:00+10:00,0.0,0.0,686.925083,381.977742,0.0,0.467992,0.0,979.010833,10.616667
2025-09-14 05:00:00+10:00,0.0,0.0,687.752758,399.676658,0.0,0.0,0.0,998.73,12.730833
2025-09-14 06:00:00+10:00,0.0,0.0,759.376542,374.18205,0.1835,5.0002,0.0,1038.435833,19.3425
2025-09-14 07:00:00+10:00,0.0,0.0,737.436825,416.928758,15.907,1.025,0.0,1037.038333,8.968333
2025-09-14 08:00:00+10:00,0.0,0.0,770.293467,407.56575,58.134,1.433333,0.0,1040.990833,10.721667
2025-09-14 09:00:00+10:00,0.0,0.0,765.833575,366.400025,64.5955,0.0,0.0,1054.159167,26.9725
2025-09-14 10:00:00+10:00,0.0,0.0,691.446125,393.571692,88.677,0.0,0.0,1021.5875,5.359167
2025-09-14 11:00:00+10:00,0.0,0.0,665.2042,420.234208,131.996,7.293317,0.0,960.466667,4.116667
2025-09-14 12:00:00+10:00,0.0,0.0,608.936992,431.17645,143.8685,1.495825,0.0,931.579167,4.909167
2025-09-14 13:00:00+10:00,0.0,0.0,562.250817,418.730167,179.4895,0.329325,0.0,882.023333,0.436667
2025-09-14 14:00:00+10:00,0.0,0.0,471.237883,409.788258,166.034,-0.0898,0.0,890.290833,-1.8475
2025-09-14 15:00:00+10:00,0.0,-0.085833,473.843583,445.216392,128.0535,0.366667,0.0,906.420833,0.338333
2025-09-14 16:00:00+10:00,0.0,0.0,614.889067,466.022,84.14,0.025,0.0,951.104167,10.194167
2025-09-14 17:00:00+10:00,0.0,0.0,730.684117,477.513792,29.4625,0.0,0.0,1048.910833,11.545
2025-09-14 18:00:00+10:00,0.0,0.0,827.468233,491.940333,1.778,0.333333,0.0,1145.985,7.008333
2025-09-14 19:00:00+10:00,0.0,0.0,818.092308,508.7315,0.0,0.0,0.0,1141.4375,1.875833
2025-09-14 20:00:00+10:00,0.0,0.0,792.858825,495.942917,0.0,1.239,0.0,1107.9125,2.18
2025-09-14 21:00:00+10:00,0.0,0.0,746.345525,494.692167,0.0,0.238167,0.0,1061.099167,2.085833
2025-09-14 22:00:00+10:00,0.0,0.0,707.533558,467.636175,0.0,1.107333,0.0,993.925833,6.873333
2025-09-14 23:00:00+10:00,0.0,0.0,669.350125,438.172942,0.0,3.0225,0.0,941.343333,13.486667
2025-09-15 00:00:00+10:00,0.0,0.0,636.559467,439.497175,0.0,3.2615,0.0,925.4925,11.1825
2025-09-15 01:00:00+10:00,0.0,0.0,621.545533,437.450142,0.0,3.973,0.0,908.004167,10.155
2025-09-15 02:00:00+10:00,0.0,0.0,606.257242,430.556583,0.0,6.247833,0.0,895.295833,9.675833
2025-09-15 03:00:00+10:00,0.0,0.0,562.810383,472.973192,0.0,7.18375,0.0,889.135,0.67
2025-09-15 04:00:00+10:00,0.0,0.0,510.360808,481.147117,0.0,7.255167,0.0,846.675,0.106667
2025-09-15 05:00:00+10:00,0.0,0.0,546.084158,487.910983,0.0,7.0735,0.0,882.685833,0.420833
2025-09-15 06:00:00+10:00,0.0,0.0,647.459158,476.226392,0.172,2.4845,0.0,967.031667,3.806667
2025-09-15 07:00:00+10:00,0.0,0.0,723.601825,461.603458,16.125,0.0,0.0,1031.8775,23.815
2025-09-15 08:00:00+10:00,0.0,0.0,742.693775,419.154708,58.446,0.0,0.0,1000.435833,16.381667
2025-09-15 09:00:00+10:00,0.0,0.0,734.868433,430.959325,87.1725,0.0,0.0,997.845,19.960833
2025-09-15 10:00:00+10:00,0.0,0.0,611.755358,461.287033,123.7935,0.0,0.0,912.031667,5.7975
2025-09-15 11:00:00+10:00,0.0,0.0,562.30525,453.475908,189.9055,6.671858,0.0,863.49,2.2775
2025-09-15 12:00:00+10:00,0.0,0.0,559.415725,459.910958,177.0755,14.023025,0.0,879.6725,8.565
2025-09-15 13:00:00+10:00,0.0,0.0,522.123192,499.062,134.661,0.0,0.0,877.061667,3.046667
2025-09-15 14:00:00+10:00,0.0,0.0,499.371942,502.418567,146.264,3.2575,0.0,861.616667,1.113333
2025-09-15 15:00:00+10:00,0.0,0.0,568.798625,494.0975,119.565,6.390333,0.0,917.7975,12.2275
2025-09-15 16:00:00+10:00,0.0,0.0,651.8151,458.4935,62.1955,5.6795,0.0,1004.0025,40.2
2025-09-15 17:00:00+10:00,0.0,0.0,740.791275,455.567133,19.3565,6.457167,0.0,1054.875833,13.098333
2025-09-15 18:00:00+10:00,0.0,0.0,933.074492,415.7489,1.0645,0.0,0.0,1108.695,54.641667
2025-09-15 19:00:00+10:00,0.0,-0.086667,874.021017,402.6042,0.0,0.376308,0.0,1088.16,31.659167
2025-09-15 20:00:00+10:00,0.0,0.0,734.681392,474.7522,0.0,2.193583,0.0,1053.405833,18.08
2025-09-15 21:00:00+10:00,0.0,0.0,709.2842,481.6065,0.0,8.911917,0.0,992.78,20.135
2025-09-15 22:00:00+10:00,0.0,0.0,602.0088,519.049717,0.0,10.043417,0.0,931.1675,2.971667
2025-09-15 23:00:00+10:00,0.0,0.0,547.126008,511.107575,0.0,7.26975,0.0,902.265833,1.788333
2025-09-16 00:00:00+10:00,0.0,0.0,519.519617,496.14875,0.0,4.212833,0.0,866.4625,1.151667
2025-09-16 01:00:00+10:00,0.0,0.0,542.201083,448.969183,0.0,0.403808,0.0,842.073333,5.1625
2025-09-16 02:00:00+10:00,0.0,0.0,556.620258,430.056742,0.0,1.5692,0.0,840.006667,7.315833
2025-09-16 03:00:00+10:00,0.0,0.0,555.452008,462.096908,0.0,1.4617,0.0,869.899167,3.281667
2025-09-16 04:00:00+10:00,0.0,0.0,534.562817,494.559242,0.0,0.551833,0.0,879.433333,-0.19
2025-09-16 05:00:00+10:00,0.0,0.0,606.552367,466.420908,0.0,1.132192,0.0,939.825833,0.779167
2025-09-16 06:00:00+10:00,0.0,0.0,767.094367,458.38545,0.342,0.461517,0.0,1067.783333,15.5225
2025-09-16 07:00:00+10:00,0.0,0.0,818.239342,450.101817,14.743,0.0,0.0,1118.350833,17.216667
2025-09-16 08:00:00+10:00,0.0,0.0,751.178508,483.120783,57.6475,4.026483,0.0,1071.863333,1.529167
2025-09-16 09:00:00+10:00,0.0,0.0,761.342125,459.218258,108.8625,0.0,0.0,995.131667,25.670833
2025-09-16 10:00:00+10:00,0.0,-0.265833,622.926925,510.703367,144.2805,0.491667,0.0,936.363333,4.824167
2025-09-16 11:00:00+10:00,0.0,0.0,526.572358,515.099367,158.689,0.491667,0.0,888.616667,6.156667
2025-09-16 12:00:00+10:00,0.0,0.0,506.567808,524.723033,172.677,3.0493,0.0,855.000833,3.63
2025-09-16 13:00:00+10:00,0.0,0.0,487.299708,511.80975,185.9295,2.045667,0.0,837.22,1.318333
2025-09-16 14:00:00+10:00,0.0,0.0,497.579233,511.706675,180.6325,7.519833,0.0,838.0975,8.824167
2025-09-16 15:00:00+10:00,0.0,0.0,554.404908,521.059558,121.5615,9.2305,0.0,887.041667,2.544167
2025-09-16 16:00:00+10:00,0.0,-0.0875,676.656283,526.965583,74.2505,8.57575,0.0,922.601667,17.866667
2025-09-16 17:00:00+10:00,0.0,-0.168333,819.435392,515.93045,24.675,15.824167,0.0,1036.090833,50.449167
2025-09-16 18:00:00+10:00,0.0,0.0,898.034275,523.661092,0.955,8.762667,0.0,1125.575833,49.394167
2025-09-16 19:00:00+10:00,0.0,0.0,968.3059,527.062567,0.0,9.422,0.0,1142.011667,17.369167
2025-09-16 20:00:00+10:00,0.0,0.0,969.777508,527.376575,0.0,9.137417,0.0,1147.609167,5.875833
2025-09-16 21:00:00+10:00,0.0,-0.085,864.488983,524.572342,0.0,9.339417,0.0,1115.931667,4.593333
2025-09-16 22:00:00+10:00,0.0,0.0,721.539025,515.496658,0.0,8.353167,0.0,1063.375833,13.448333
2025-09-16 23:00:00+10:00,0.0,0.0,652.607408,515.713267,0.0,2.848667,0.0,1015.265833,0.105
2025-09-17 00:00:00+10:00,0.0,0.0,601.832433,516.1216,0.0,7.798083,0.0,970.511667,3.1
2025-09-17 01:00:00+10:00,0.0,0.0,557.81815,491.00895,0.0,9.20725,0.0,902.636667,6.939167
2025-09-17 02:00:00+10:00,0.0,0.0,511.681542,508.265558,0.0,8.539083,0.0,876.3625,8.504167
2025-09-17 03:00:00+10:00,0.0,0.0,562.497583,493.662858,0.0,9.09375,0.0,898.534167,11.030833
2025-09-17 04:00:00+10:00,0.0,0.0,580.818058,511.429308,0.0,6.794417,0.0,934.786667,7.616667
2025-09-17 05:00:00+10:00,0.0,0.0,649.798383,522.400408,0.0,6.643333,0.0,985.084167,5.191667
2025-09-17 06:00:00+10:00,0.0,0.0,872.983333,518.525267,0.435,6.462083,0.0,1103.519167,18.105
2025-09-17 07:00:00+10:00,0.0,0.0,888.293892,508.531975,20.2265,7.98275,0.0,1187.0475,6.823333
2025-09-17 08:00:00+10:00,0.0,0.0,878.3951,474.135558,53.7335,9.213333,0.0,1149.7,5.76
2025-09-17 09:00:00+10:00,0.0,0.0,746.370167,498.970858,120.2515,10.435,0.0,1066.451667,0.84
2025-09-17 10:00:00+10:00,0.0,0.0,630.929375,509.899283,166.8045,13.185,0.0,985.056667,-1.224167
2025-09-17 11:00:00+10:00,0.0,0.0,543.402542,511.0882,193.4235,13.18425,0.0,889.318333,1.216667
2025-09-17 12:00:00+10:00,0.0,0.0,502.924875,517.312825,203.461,12.182833,0.0,849.559167,0.493333
2025-09-17 13:00:00+10:00,0.0,0.0,506.74305,505.225975,205.836,12.6075,0.0,843.8525,0.330833
2025-09-17 14:00:00+10:00,0.0,0.0,537.066492,502.616217,178.2245,12.397883,0.0,872.5,2.01
2025-09-17 15:00:00+10:00,0.0,0.0,573.457,490.962967,137.526,13.602917,0.0,886.31,0.479167
2025-09-17 16:00:00+10:00,0.0,0.0,726.793825,487.925767,87.578,13.185,0.0,943.04,0.5825
2025-09-17 17:00:00+10:00,0.0,0.0,917.813233,484.089325,30.101,13.108083,0.0,1070.755,95.448333
2025-09-17 18:00:00+10:00,0.0,0.0,1154.617925,474.802175,1.7115,13.091417,0.0,1181.209167,172.685
2025-09-17 19:00:00+10:00,0.0,0.0,1300.373667,454.42635,0.0,12.211,0.0,1201.495833,58.174167
2025-09-17 20:00:00+10:00,0.0,0.0,1299.509675,415.264908,0.0,10.586083,0.0,1167.868333,25.595
2025-09-17 21:00:00+10:00,0.0,0.0,1260.46165,411.939008,0.0,8.589167,0.0,1149.265833,26.684167
2025-09-17 22:00:00+10:00,0.0,0.0,1182.652125,362.004658,0.0,4.5375,0.0,1058.724167,14.375
2025-09-17 23:00:00+10:00,0.0,0.0,1177.805192,320.466592,0.0,0.854333,0.0,1045.79,13.441667
2025-09-18 00:00:00+10:00,0.0,0.0,1148.342375,256.883717,0.0,0.0,0.0,1014.508333,7.126667
2025-09-18 01:00:00+10:00,0.0,0.0,1099.798942,204.022542,0.0,0.0,0.0,1013.478333,22.286667
2025-09-18 02:00:00+10:00,0.0,0.0,1131.789767,126.534517,0.0,0.0,0.0,1024.6425,18.878333
2025-09-18 03:00:00+10:00,0.0,0.0,1095.7516,193.142808,0.0,0.0,0.0,1023.505,5.728333
2025-09-18 04:00:00+10:00,0.0,0.0,1061.774167,210.233617,0.0,0.0,0.0,1052.425833,15.303333
2025-09-18 05:00:00+10:00,0.0,0.0,1185.982767,118.555992,0.0,0.0,0.0,1130.029167,19.813333
2025-09-18 06:00:00+10:00,0.0,0.0,1180.927867,152.701325,0.277,0.0,0.0,1213.821667,14.295833
2025-09-18 07:00:00+10:00,0.0,0.0,1218.344733,168.16925,20.1345,0.0,0.0,1278.810833,28.005
2025-09-18 08:00:00+10:00,0.0,0.0,1150.381625,184.357117,64.5275,0.0,0.0,1219.061667,15.771667
2025-09-18 09:00:00+10:00,0.0,0.0,1022.726158,228.00855,110.258,0.0,0.0,1125.449167,14.7775
2025-09-18 10:00:00+10:00,0.0,0.0,876.991383,264.4507,138.382,0.0,0.0,1001.763333,-0.390833
2025-09-18 11:00:00+10:00,0.0,0.0,730.5715,302.075058,188.8615,2.8829,0.0,925.474167,-5.009167
2025-09-18 12:00:00+10:00,0.0,0.0,653.158358,302.265192,190.17,1.585325,0.0,911.604167,-4.94
2025-09-18 13:00:00+10:00,0.0,0.0,677.645017,291.701625,170.45,0.0,0.0,934.423333,-5.008333
2025-09-18 14:00:00+10:00,0.0,0.0,685.027042,321.5281,135.7895,0.2487,0.0,931.130833,-5.005
2025-09-18 15:00:00+10:00,0.0,0.0,768.344675,306.59025,114.7775,0.076517,0.0,974.663333,-2.764167
2025-09-18 16:00:00+10:00,0.0,0.0,855.854767,296.403958,65.7445,0.0,0.0,1040.485833,0.214167
2025-09-18 17:00:00+10:00,0.0,0.0,1116.884183,291.535042,26.6845,0.0,0.0,1151.760833,29.289167
2025-09-18 18:00:00+10:00,0.0,0.0,1243.549225,318.175667,1.298,0.0,0.0,1239.573333,35.310833
2025-09-18 19:00:00+10:00,0.0,0.0,1163.644358,356.50935,0.0,0.0,0.0,1253.3475,7.773333
2025-09-18 20:00:00+10:00,0.0,0.0,971.483583,409.200433,0.0,0.445008,0.0,1204.673333,-0.39
2025-09-18 21:00:00+10:00,0.0,0.0,893.076975,409.211533,0.0,0.570233,0.0,1178.459167,-1.499167
2025-09-18 22:00:00+10:00,0.0,0.0,811.118792,416.206683,0.0,4.8622,0.0,1094.813333,-2.165833
2025-09-18 23:00:00+10:00,0.0,0.0,774.164675,375.4424,0.0,5.206592,0.0,1037.5325,-1.833333
2025-09-19 00:00:00+10:00,0.0,0.0,789.414875,317.455942,0.0,0.687767,0.0,1024.780833,-1.3425
2025-09-19 01:00:00+10:00,0.0,0.0,840.701308,239.324725,0.0,0.946117,0.0,999.5975,-0.34
2025-09-19 02:00:00+10:00,0.0,0.0,909.497933,168.360042,0.0,0.0,0.0,1013.62,-0.001667
2025-09-19 03:00:00+10:00,0.0,0.0,902.420683,167.394367,0.0,0.0,0.0,1019.75,0.079167
2025-09-19 04:00:00+10:00,0.0,0.0,910.6628,162.354183,0.0,0.0,0.0,968.128333,-1.945833
2025-09-19 05:00:00+10:00,0.0,0.0,991.483817,130.8292,0.0,0.0,0.0,1018.063333,-0.5075
2025-09-19 06:00:00+10:00,0.0,0.0,1107.823658,180.946775,0.6295,0.0,0.0,1145.784167,5.908333
2025-09-19 07:00:00+10:00,0.0,0.0,1115.649325,194.078217,20.5325,0.0,0.0,1208.214167,4.505
2025-09-19 08:00:00+10:00,0.0,0.0,1080.714775,198.3349,59.7495,0.0,0.0,1177.491667,8.010833
2025-09-19 09:00:00+10:00,0.0,0.0,1017.666142,201.5083,78.8485,0.0,0.0,1103.39,1.89
2025-09-19 10:00:00+10:00,0.0,0.0,970.105033,209.953792,100.211,0.0,0.0,1058.445833,5.286667
2025-09-19 11:00:00+10:00,0.0,0.0,808.948775,275.205817,132.447,0.061958,0.0,981.0775,-4.0075
2025-09-19 12:00:00+10:00,0.0,0.0,677.655508,359.361467,161.459,3.326725,0.0,963.593333,-4.925
2025-09-19 13:00:00+10:00,0.0,0.0,565.731558,430.5221,147.529,2.6056,0.0,891.335,-14.195
2025-09-19 14:00:00+10:00,0.0,0.0,581.383967,432.8045,138.248,7.251325,0.0,898.745833,-10.2725
2025-09-19 15:00:00+10:00,0.0,0.0,588.536125,471.64625,92.7555,0.010625,0.0,932.068333,-0.975833
2025-09-19 16:00:00+10:00,0.0,0.0,622.705825,469.217775,71.616,0.438425,0.0,945.424167,-2.943333
2025-09-19 17:00:00+10:00,0.0,0.0,781.691492,462.638692,30.313,0.0,0.0,1009.014167,3.711667
2025-09-19 18:00:00+10:00,0.0,0.0,865.074975,444.145625,1.247,0.412,0.0,1122.024167,4.669167
2025-09-19 19:00:00+10:00,0.0,0.0,870.748625,458.752367,0.0,0.966025,0.0,1147.465833,3.73
2025-09-19 20:00:00+10:00,0.0,0.0,838.468683,480.188317,0.0,0.601008,0.0,1125.493333,3.905
2025-09-19 21:00:00+10:00,0.0,0.0,872.829392,501.889683,0.0,1.998192,0.0,1124.241667,10.274167
2025-09-19 22:00:00+10:00,0.0,0.0,745.64585,507.695625,0.0,6.232583,0.0,1098.514167,3.399167
2025-09-19 23:00:00+10:00,0.0,0.0,682.546625,509.4187,0.0,9.078583,0.0,1043.13,0.105
2025-09-20 00:00:00+10:00,0.0,0.0,649.841192,502.438417,0.0,9.893917,0.0,1002.085833,0.085
2025-09-20 01:00:00+10:00,0.0,0.0,603.848558,506.416158,0.0,10.051667,0.0,965.955,-0.003333
2025-09-20 02:00:00+10:00,0.0,0.0,566.203058,494.298583,0.0,8.653917,0.0,920.125833,-0.003333
2025-09-20 03:00:00+10:00,0.0,0.0,574.1662,513.356042,0.0,10.041833,0.0,938.016667,0.31
2025-09-20 04:00:00+10:00,0.0,0.0,652.468592,502.503242,0.0,10.070667,0.0,989.326667,-4.458333
2025-09-20 05:00:00+10:00,0.0,0.0,675.884842,504.548367,0.0,10.171917,0.0,1004.765833,-4.509167
2025-09-20 06:00:00+10:00,0.0,0.0,731.554367,505.921558,1.0175,10.177583,0.0,1052.309167,-4.2425
2025-09-20 07:00:00+10:00,0.0,0.0,747.985392,503.823542,29.129,10.181667,0.0,1075.981667,-3.850833
2025-09-20 08:00:00+10:00,0.0,0.0,760.016567,512.33165,74.5895,10.182,0.0,1087.819167,-3.914167
2025-09-20 09:00:00+10:00,0.0,0.0,739.277158,502.010183,118.556,10.182,0.0,1069.5275,-3.380833
2025-09-20 10:00:00+10:00,0.0,0.0,623.146658,472.559025,171.255,8.967833,0.0,904.594167,-3.508333
2025-09-20 11:00:00+10:00,0.0,0.0,582.224825,457.5773,216.533,7.5993,0.0,882.841667,-3.991667
2025-09-20 12:00:00+10:00,0.0,0.0,513.976708,500.586333,195.0345,7.268,0.0,875.039167,-0.75
2025-09-20 13:00:00+10:00,0.0,0.0,510.756642,487.926292,201.323,7.295667,0.0,858.628333,-2.143333
2025-09-20 14:00:00+10:00,0.0,0.0,530.245042,503.29195,175.018,9.210667,0.0,890.18,-0.699167
2025-09-20 15:00:00+10:00,0.0,0.0,598.885517,502.643225,102.0095,10.182,0.0,954.855833,-0.090833
2025-09-20 16:00:00+10:00,0.0,0.0,671.027658,506.328283,68.1465,10.175,0.0,988.576667,1.825
2025-09-20 17:00:00+10:00,0.0,0.0,947.18495,485.037242,32.5605,10.180167,0.0,1139.738333,7.574167
2025-09-20 18:00:00+10:00,0.0,0.0,1079.724842,480.152825,2.1085,10.182,0.0,1209.464167,5.739167
2025-09-20 19:00:00+10:00,0.0,0.0,1035.362442,514.539683,0.0,10.175083,0.0,1176.8975,0.155833
2025-09-20 20:00:00+10:00,0.0,0.0,1005.5168,515.23145,0.0,10.180583,0.0,1143.178333,0.12
2025-09-20 21:00:00+10:00,0.0,0.0,954.709142,513.590442,0.0,10.18,0.0,1119.3975,0.12
2025-09-20 22:00:00+10:00,0.0,0.0,897.251842,508.6711,0.0,10.1665,0.0,1055.925,0.12
2025-09-20 23:00:00+10:00,0.0,0.0,842.601942,473.587117,0.0,10.181583,0.0,995.6375,-0.138333
2025-09-21 00:00:00+10:00,0.0,0.0,700.321783,433.2058,0.0,10.218742,0.0,896.31,-3.741667
2025-09-21 01:00:00+10:00,0.0,0.0,615.0393,445.402283,0.0,9.971842,0.0,873.3475,-5.118333
2025-09-21 02:00:00+10:00,0.0,0.0,635.48105,452.607383,0.0,8.53575,0.0,865.509167,-10.09
2025-09-21 03:00:00+10:00,0.0,0.0,610.41025,433.204958,0.0,3.8445,0.0,872.5575,-5.838333
2025-09-21 04:00:00+10:00,0.0,0.0,620.089658,427.313383,0.0,4.587,0.0,876.166667,-4.670833
2025-09-21 05:00:00+10:00,0.0,0.0,656.698767,399.932475,0.0,7.6705,0.0,901.174167,-0.849167
2025-09-21 06:00:00+10:00,0.0,0.0,739.412275,354.144933,1.022,8.346583,0.0,955.625833,0.138333
2025-09-21 07:00:00+10:00,0.0,0.0,734.052058,377.659617,28.339,5.471417,0.0,974.608333,0.138333
2025-09-21 08:00:00+10:00,0.0,0.0,766.0542,383.717925,87.302,0.062,0.0,986.835833,0.136667
2025-09-21 09:00:00+10:00,0.0,0.0,687.4515,398.071558,137.5375,0.351325,0.0,917.550833,-4.219167
2025-09-21 10:00:00+10:00,0.0,0.0,572.581267,467.0181,160.5465,2.519833,0.0,895.420833,-2.243333
2025-09-21 11:00:00+10:00,0.0,0.0,554.398667,492.866533,156.752,0.2085,0.0,866.56,0.101667
2025-09-21 12:00:00+10:00,0.0,0.0,521.5014,509.4383,147.2595,6.054917,0.0,856.035,-0.096667
2025-09-21 13:00:00+10:00,0.0,0.0,523.689992,519.453625,131.116,10.146083,0.0,897.425,4.819167
2025-09-21 14:00:00+10:00,0.0,0.0,487.0913,522.205242,161.6035,10.151083,0.0,866.730833,0.158333
2025-09-21 15:00:00+10:00,0.0,0.0,526.002067,517.183317,131.596,10.154583,0.0,843.359167,-1.649167
2025-09-21 16:00:00+10:00,0.0,0.0,621.945933,518.46885,82.9175,10.152333,0.0,931.735833,10.86
2025-09-21 17:00:00+10:00,0.0,0.0,854.97245,513.104458,28.8475,10.161083,0.0,1118.893333,13.231667
2025-09-21 18:00:00+10:00,0.0,0.0,1061.075767,519.615458,2.2455,10.179,0.0,1241.494167,10.136667
2025-09-21 19:00:00+10:00,0.0,0.0,1099.417458,503.372725,0.0,10.182,0.0,1248.609167,10.163333
2025-09-21 20:00:00+10:00,0.0,0.0,1053.378767,514.67905,0.0,10.176417,0.0,1216.041667,6.789167
2025-09-21 21:00:00+10:00,0.0,0.0,996.668158,518.1313,0.0,9.418417,0.0,1157.896667,0.335
2025-09-21 22:00:00+10:00,0.0,0.0,897.334825,506.490625,0.0,8.088583,0.0,1087.526667,-0.285
2025-09-21 23:00:00+10:00,0.0,0.0,787.1481,499.231792,0.0,7.75,0.0,1080.669167,-1.774167
2025-09-22 00:00:00+10:00,0.0,0.0,722.551758,459.446133,0.0,8.732083,0.0,1052.780833,2.001667
2025-09-22 01:00:00+10:00,0.0,0.0,704.8315,424.320792,0.0,7.05175,0.0,1023.604167,1.921667
2025-09-22 02:00:00+10:00,0.0,0.0,648.642175,435.804775,0.0,5.881583,0.0,968.921667,0.136667
2025-09-22 03:00:00+10:00,0.0,0.0,729.304883,415.366133,0.0,0.754833,0.0,1014.7,1.841667
2025-09-22 04:00:00+10:00,0.0,0.0,840.832358,325.287942,0.0,0.0,0.0,997.448333,8.9275
2025-09-22 05:00:00+10:00,0.0,0.0,974.819467,329.299558,0.0,0.0,0.0,1069.985833,9.8325
2025-09-22 06:00:00+10:00,0.0,0.0,1212.418475,336.495525,1.199,0.0,0.0,1210.095,10.418333
2025-09-22 07:00:00+10:00,0.0,0.0,1136.120825,307.397242,29.3825,0.0,0.0,1249.550833,7.535
2025-09-22 08:00:00+10:00,0.0,0.0,1044.449292,301.377417,93.714,0.0,0.0,1168.229167,9.864167
2025-09-22 09:00:00+10:00,0.0,0.0,945.556267,319.872408,130.3225,0.0,0.0,1086.9275,8.899167
2025-09-22 10:00:00+10:00,0.0,0.0,821.156275,304.565075,182.8085,0.0,0.0,992.824167,10.210833
2025-09-22 11:00:00+10:00,0.0,0.0,783.786208,319.231792,191.786,0.0,0.0,920.436667,0.155833
2025-09-22 12:00:00+10:00,0.0,0.0,720.877883,368.8984,174.1085,0.0,0.0,947.154167,1.0875
2025-09-22 13:00:00+10:00,0.0,0.0,692.756717,373.822775,194.5375,0.0,0.0,940.393333,0.244167
2025-09-22 14:00:00+10:00,0.0,0.0,694.0713,413.621658,155.4135,0.0,0.0,978.473333,0.156667
2025-09-22 15:00:00+10:00,0.0,0.0,708.785783,432.515392,122.66,0.0,0.0,1018.09,0.375833
2025-09-22 16:00:00+10:00,0.0,0.0,813.055358,433.995133,84.0215,0.266667,0.0,1103.294167,0.254167
2025-09-22 17:00:00+10:00,0.0,0.0,1114.394717,353.598783,31.451,0.0,0.0,1212.966667,16.425
2025-09-22 18:00:00+10:00,0.0,0.0,1242.3675,302.34785,2.293,0.0,0.0,1284.070833,67.820833
2025-09-22 19:00:00+10:00,0.0,0.0,1276.2376,191.123475,0.0,0.0,0.0,1265.471667,106.700833
2025-09-22 20:00:00+10:00,0.0,0.0,1271.558275,199.483608,0.0,0.0,0.0,1218.9,64.465833
2025-09-22 21:00:00+10:00,0.0,0.0,1225.78935,226.714967,0.0,0.0,0.0,1134.403333,38.3975
2025-09-22 22:00:00+10:00,0.0,0.0,1117.65975,326.830825,0.0,0.0,0.0,1058.4775,9.8625
2025-09-22 23:00:00+10:00,0.0,0.0,1181.99335,353.274025,0.0,0.0,0.0,1017.265833,4.475833
2025-09-23 00:00:00+10:00,0.0,0.0,1054.451067,347.39055,0.0,0.0,0.0,969.011667,-1.946667
2025-09-23 01:00:00+10:00,0.0,0.0,1123.920042,322.529058,0.0,0.0,0.0,931.269167,-1.533333
2025-09-23 02:00:00+10:00,0.0,0.0,803.343892,384.967917,0.0,0.0,0.0,859.774167,-8.165
2025-09-23 03:00:00+10:00,0.0,0.0,794.3732,414.249442,0.0,0.0,0.0,894.096667,-4.563333
2025-09-23 04:00:00+10:00,0.0,0.0,1015.810567,439.356425,0.0,0.0,0.0,963.965,-0.309167
2025-09-23 05:00:00+10:00,0.0,-0.214167,1131.722517,457.678625,0.0,0.0,0.0,1012.154167,1.176667
2025-09-23 06:00:00+10:00,0.0,-1.220833,1269.449817,411.221325,2.128,0.0,0.0,1103.769167,27.083333
2025-09-23 07:00:00+10:00,0.0,-1.241667,1265.936117,414.422,31.129,0.0,0.0,1140.993333,12.12
2025-09-23 08:00:00+10:00,0.0,-1.124167,1129.156608,388.018142,76.523,0.0,0.0,1073.7575,6.055833
2025-09-23 09:00:00+10:00,0.0,-1.081667,712.490425,424.327417,128.3705,1.837392,0.0,944.3175,-1.939167
2025-09-23 10:00:00+10:00,0.0,-1.065833,558.591742,436.775508,160.1765,3.489958,0.0,865.911667,-2.061667
2025-09-23 11:00:00+10:00,0.0,-1.138333,489.132317,467.6422,190.462,7.031083,0.0,822.250833,2.5125
2025-09-23 12:00:00+10:00,0.0,-1.043333,465.893442,471.248392,177.9505,6.819167,0.0,812.8625,-0.655833
2025-09-23 13:00:00+10:00,0.0,-1.116667,513.925308,473.12755,162.4245,8.431917,0.0,858.7575,0.646667
2025-09-23 14:00:00+10:00,0.0,-1.093333,500.192092,493.893417,134.913,10.001,0.0,858.486667,-3.795833
2025-09-23 15:00:00+10:00,0.0,-1.1075,512.230017,487.670858,128.1235,10.148417,0.0,862.27,-1.2125
2025-09-23 16:00:00+10:00,0.0,-1.1125,602.923283,506.272842,85.1585,10.18175,0.0,916.966667,0.928333
2025-09-23 17:00:00+10:00,0.0,-1.138333,949.1843,502.3858,40.5205,10.181833,0.0,1026.880833,21.49
2025-09-23 18:00:00+10:00,0.0,-1.174167,1187.995175,504.692517,3.5135,10.170667,0.0,1078.395,0.420833
2025-09-23 19:00:00+10:00,0.0,-1.109167,1123.188467,510.507725,0.0,10.152417,0.0,1082.428333,6.568333
2025-09-23 20:00:00+10:00,0.0,-0.9375,1014.486042,497.338267,0.0,10.1485,0.0,1047.223333,15.104167
2025-09-23 21:00:00+10:00,0.0,-1.131667,1028.289083,493.479192,0.0,10.177,0.0,1017.89,15.824167
2025-09-23 22:00:00+10:00,0.0,-1.2475,838.805692,471.6826,0.0,10.177333,0.0,981.463333,12.644167
2025-09-23 23:00:00+10:00,0.0,-1.276667,729.225458,496.335133,0.0,10.17925,0.0,903.39,6.105
2025-09-24 00:00:00+10:00,0.0,-1.315,646.211617,506.405292,0.0,10.151667,0.0,861.524167,2.921667
2025-09-24 01:00:00+10:00,0.0,-0.921667,582.333517,517.262292,0.0,10.176833,0.0,839.3,1.236667
2025-09-24 02:00:00+10:00,0.0,-1.180833,509.477583,520.67145,0.0,7.888917,0.0,828.241667,1.27
2025-09-24 03:00:00+10:00,0.0,-1.096667,452.251683,521.1994,0.0,10.18125,0.0,826.8275,0.1375
2025-09-24 04:00:00+10:00,0.0,-1.116667,499.220742,518.065508,0.0,10.182,0.0,840.763333,-1.833333
2025-09-24 05:00:00+10:00,0.0,-0.905833,657.216717,523.013267,0.0,10.182,0.0,893.645833,4.003333
2025-09-24 06:00:00+10:00,0.0,-1.298333,793.269575,523.222075,1.827,10.182,0.0,1028.741667,60.5475
2025-09-24 07:00:00+10:00,0.0,-1.2475,815.598492,514.5799,26.824,10.475358,0.0,1093.0775,18.304167
2025-09-24 08:00:00+10:00,0.0,-0.969167,722.174583,512.825317,70.4145,10.175,0.0,1003.89,0.904167
2025-09-24 09:00:00+10:00,0.0,-1.141667,588.376958,509.970817,137.3305,10.18075,0.0,954.799167,-0.653333
2025-09-24 10:00:00+10:00,0.0,-1.1275,508.680892,502.110775,197.005,10.182,0.0,884.143333,-1.543333
2025-09-24 11:00:00+10:00,0.0,-1.165,477.848725,482.712542,218.8875,9.696333,0.0,844.631667,-1.905833
2025-09-24 12:00:00+10:00,0.0,-1.171667,467.40615,453.474383,242.936,10.1775,0.0,811.318333,-4.2775
2025-09-24 13:00:00+10:00,0.0,-1.213333,492.884783,424.431675,235.446,9.996667,0.0,809.293333,-3.4175
2025-09-24 14:00:00+10:00,0.0,-1.080833,593.183258,396.400075,193.961,10.179583,0.0,866.004167,0.118333
2025-09-24 15:00:00+10:00,0.0,-1.068333,697.361083,393.565742,159.6215,10.179167,0.0,907.4275,6.974167
2025-09-24 16:00:00+10:00,0.0,-1.028333,812.449217,412.16465,100.715,10.117917,0.0,964.314167,14.81
2025-09-24 17:00:00+10:00,0.0,-1.1775,1110.9263,430.682775,34.4925,9.022083,0.0,1073.811667,57.309167
2025-09-24 18:00:00+10:00,0.0,-1.345,1193.196683,477.578433,2.0375,6.543167,0.0,1143.34,60.2475
2025-09-24 19:00:00+10:00,0.0,-1.325,1220.903067,499.69795,0.0,8.034583,0.0,1151.871667,113.3075
2025-09-24 20:00:00+10:00,0.0,-1.363333,1193.327767,503.078617,0.0,9.998,0.0,1140.283333,71.19
2025-09-24 21:00:00+10:00,0.0,-1.3475,1152.056367,515.720883,0.0,9.90075,0.0,1088.133333,13.278333
2025-09-24 22:00:00+10:00,0.0,-1.31,985.987858,526.331658,0.0,9.576,0.0,1034.429167,3.016667
2025-09-24 23:00:00+10:00,0.0,-1.225833,820.524833,487.730833,0.0,9.2815,0.0,984.411667,5.395
2025-09-25 00:00:00+10:00,0.0,-1.238333,724.8089,506.348992,0.0,8.72525,0.0,946.794167,1.601667
2025-09-25 01:00:00+10:00,0.0,-0.3575,553.788708,513.901275,0.0,9.010167,0.0,923.823333,0.171667
2025-09-25 02:00:00+10:00,0.0,-0.929167,551.074467,495.761,0.0,25.3492,0.0,914.334167,17.751667
2025-09-25 03:00:00+10:00,0.0,-1.125833,560.833842,522.945967,0.0,10.250367,0.0,920.106667,-0.1325
2025-09-25 04:00:00+10:00,0.0,-1.124167,605.227133,489.026458,0.0,7.058833,0.0,928.3025,28.655833
2025-09-25 05:00:00+10:00,0.0,-0.424167,616.6014,501.5629,0.0,7.256667,0.0,979.5675,0.136667
2025-09-25 06:00:00+10:00,0.0,-0.975,799.256017,454.605475,1.239,9.640408,0.0,1106.7875,22.389167
2025-09-25 07:00:00+10:00,0.0,-0.7775,846.940867,448.5287,26.2755,7.09125,0.0,1119.794167,5.020833
2025-09-25 08:00:00+10:00,0.0,-1.095833,833.705158,430.78745,79.423,7.255583,0.0,1090.979167,3.515
2025-09-25 09:00:00+10:00,0.0,-1.04,697.246992,428.709992,142.036,7.248,0.0,1003.564167,2.7325
2025-09-25 10:00:00+10:00,0.0,-1.035833,600.6151,441.773508,191.0575,7.236167,0.0,930.8325,-1.155
2025-09-25 11:00:00+10:00,0.0,-1.038333,556.126275,440.076625,215.8475,7.202583,0.0,895.965833,-4.449167
2025-09-25 12:00:00+10:00,0.0,-1.059167,562.917458,442.580067,206.5985,7.23625,0.0,899.025,-4.6625
2025-09-25 13:00:00+10:00,0.0,-0.9525,570.1927,423.940242,186.139,6.728583,0.0,893.883333,-2.216667
2025-09-25 14:00:00+10:00,0.0,-1.056667,607.137267,413.545217,170.738,6.771417,0.0,909.3575,-0.731667
2025-09-25 15:00:00+10:00,0.0,-0.975833,647.877425,423.7816,116.613,7.22925,0.0,959.491667,-0.72
2025-09-25 16:00:00+10:00,0.0,-0.885833,807.031558,382.589525,63.0785,7.160167,0.0,1049.4775,1.7325
2025-09-25 17:00:00+10:00,0.0,-0.838333,1118.783742,361.202725,26.019,5.80075,0.0,1141.8025,0.243333
2025-09-25 18:00:00+10:00,0.0,-1.0725,1294.720183,311.122983,2.086,3.823417,0.0,1260.506667,19.2325
2025-09-25 19:00:00+10:00,0.0,-1.209167,1333.881942,212.599383,0.0,0.832833,0.0,1253.015,32.399167
2025-09-25 20:00:00+10:00,0.0,-1.185,1357.556842,193.074567,0.0,0.0,0.0,1226.179167,43.554167
2025-09-25 21:00:00+10:00,0.0,-1.220833,1328.074783,131.264617,0.0,0.0,0.0,1186.0625,20.3425
2025-09-25 22:00:00+10:00,0.0,-1.304167,1222.538358,119.888275,0.0,0.0,0.0,1096.015,0.185
2025-09-25 23:00:00+10:00,0.0,-1.261667,1038.145225,96.651825,0.0,0.0,0.0,1050.121667,0.163333
2025-09-26 00:00:00+10:00,0.0,-1.225,985.276358,96.4307,0.0,0.0,0.0,1024.566667,0.156667
2025-09-26 01:00:00+10:00,0.0,-1.228333,961.443708,102.010575,0.0,0.0,0.0,1025.7575,0.598333
2025-09-26 02:00:00+10:00,0.0,-1.251667,977.443292,94.051208,0.0,0.0,0.0,1034.453333,1.445833
2025-09-26 03:00:00+10:00,0.0,-1.199167,952.289925,114.688225,0.0,0.0,0.0,1032.379167,2.483333
2025-09-26 04:00:00+10:00,0.0,-1.158333,899.598225,182.161008,0.0,0.0,0.0,993.63,6.2275
2025-09-26 05:00:00+10:00,0.0,-1.131667,929.4031,208.061842,0.0,0.0,0.0,1024.664167,3.994167
2025-09-26 06:00:00+10:00,0.0,-1.110833,1063.673142,186.082525,0.5965,0.0,0.0,1120.681667,31.356667
2025-09-26 07:00:00+10:00,0.0,-1.016667,1188.9007,191.045733,8.085,0.0,0.0,1230.808333,23.931667
2025-09-26 08:00:00+10:00,0.0,-1.160833,1091.800883,273.025983,28.951,6.157225,0.0,1250.196667,43.446667
2025-09-26 09:00:00+10:00,0.0,-1.1,987.237417,303.921217,84.0015,1.569975,0.0,1137.854167,6.249167
2025-09-26 10:00:00+10:00,0.0,-1.14,798.701683,365.274283,145.255,1.378,0.0,995.455833,-0.284167
2025-09-26 11:00:00+10:00,0.0,-1.085833,685.362233,429.409025,164.9035,0.238583,0.0,933.9825,-1.465
2025-09-26 12:00:00+10:00,0.0,-1.129167,654.423092,444.624183,146.5565,0.713208,0.0,930.144167,-3.251667
2025-09-26 13:00:00+10:00,0.0,-1.1425,606.243625,449.035417,136.998,0.0,0.0,904.986667,-5.52
2025-09-26 14:00:00+10:00,0.0,-1.130833,646.578242,464.392883,103.643,2.249092,0.0,953.005,-3.513333
2025-09-26 15:00:00+10:00,0.0,-1.15,626.690492,488.637325,91.668,5.251342,0.0,966.845,-7.269167
2025-09-26 16:00:00+10:00,0.0,-1.111667,689.805267,504.587842,46.4025,2.434417,0.0,1057.981667,-2.984167
2025-09-26 17:00:00+10:00,0.0,-1.021667,775.8816,491.709975,23.3045,6.806667,0.0,1115.421667,1.045833
2025-09-26 18:00:00+10:00,0.0,-1.158333,952.066683,511.473367,3.628,7.23875,0.0,1148.683333,3.718333
2025-09-26 19:00:00+10:00,0.0,-1.275833,912.732683,512.111492,0.0,6.459083,0.0,1143.365833,9.598333
2025-09-26 20:00:00+10:00,0.0,-1.249167,905.706242,501.935992,0.0,7.207667,0.0,1126.355,9.441667
2025-09-26 21:00:00+10:00,0.0,-1.316667,882.54905,475.074042,0.0,7.26525,0.0,1079.314167,9.326667
2025-09-26 22:00:00+10:00,0.0,-1.2775,828.652225,484.436142,0.0,7.243917,0.0,1011.861667,6.205
2025-09-26 23:00:00+10:00,0.0,-1.15,637.5239,506.835667,0.0,6.678467,0.0,946.344167,-3.265
2025-09-27 00:00:00+10:00,0.0,-1.114167,593.8848,487.75945,0.0,7.031917,0.0,928.2775,-6.045833
2025-09-27 01:00:00+10:00,0.0,-1.121667,543.449192,513.2714,0.0,7.320783,0.0,896.558333,-7.316667
2025-09-27 02:00:00+10:00,0.0,-1.151667,541.5577,507.111075,0.0,7.235417,0.0,892.555833,-4.538333
2025-09-27 03:00:00+10:00,0.0,-1.135,538.191233,510.869117,0.0,7.261667,0.0,889.953333,-5.323333
2025-09-27 04:00:00+10:00,0.0,-1.191667,581.31195,504.644692,0.0,7.26575,0.0,920.895,2.54
2025-09-27 05:00:00+10:00,0.0,-1.015,640.424017,509.496958,0.0,7.246,0.0,946.335,-0.653333
2025-09-27 06:00:00+10:00,0.0,-1.161667,661.702817,506.989983,2.504,6.88375,0.0,999.605,0.86
2025-09-27 07:00:00+10:00,0.0,-1.075,612.177,511.400767,33.123,6.468167,0.0,997.688333,0.281667
2025-09-27 08:00:00+10:00,0.0,-1.058333,633.174125,508.299825,79.921,5.790667,0.0,1010.8575,0.241667
2025-09-27 09:00:00+10:00,0.0,-1.055833,627.527225,506.547492,119.466,5.913417,0.0,1000.4825,0.318333
2025-09-27 10:00:00+10:00,0.0,-1.0825,566.915758,511.505233,166.9535,6.959083,0.0,940.6075,-3.075833
2025-09-27 11:00:00+10:00,0.0,-1.085,538.197117,506.092333,184.5855,7.215167,0.0,907.068333,0.8175
2025-09-27 12:00:00+10:00,0.0,-1.188333,476.126333,518.037733,188.093,5.677242,0.0,885.4625,-10.5375
2025-09-27 13:00:00+10:00,0.0,-1.198333,429.297658,525.34015,171.118,5.6545,0.0,866.564167,-5.1675
2025-09-27 14:00:00+10:00,0.0,-1.175833,423.191767,523.182125,158.021,7.254667,0.0,865.514167,-6.591667
2025-09-27 15:00:00+10:00,0.0,-1.186667,476.86275,521.01205,121.1205,7.231917,0.0,901.2125,-2.798333
2025-09-27 16:00:00+10:00,0.0,-1.159167,563.137492,468.888992,78.3885,15.210733,0.0,917.386667,-12.481667
2025-09-27 17:00:00+10:00,0.0,-1.053333,658.999758,512.013983,26.103,7.303975,0.0,1025.554167,0.793333
2025-09-27 18:00:00+10:00,0.0,-1.084167,873.419567,518.771142,3.3315,7.05425,0.0,1074.5875,2.526667
2025-09-27 19:00:00+10:00,0.0,-0.99,780.064608,509.765258,0.0,8.01045,0.0,1094.646667,-6.2725
2025-09-27 20:00:00+10:00,0.0,-1.055833,784.42335,490.877208,0.0,4.26775,0.0,1107.279167,-0.480833
2025-09-27 21:00:00+10:00,0.0,-1.101667,792.49595,495.749842,0.0,4.3425,0.0,1071.184167,0.2275
2025-09-27 22:00:00+10:00,0.0,-1.1175,746.273558,486.422492,0.0,4.253417,0.0,1022.9475,-0.949167
2025-09-27 23:00:00+10:00,0.0,-1.0925,680.564633,494.118958,0.0,4.352333,0.0,955.216667,-4.5875
2025-09-28 00:00:00+10:00,0.0,-1.0725,665.371375,494.961458,0.0,4.353833,0.0,945.889167,-0.105
2025-09-28 01:00:00+10:00,0.0,-1.165,632.979567,476.62455,0.0,6.620958,0.0,929.078333,0.638333
2025-09-28 02:00:00+10:00,0.0,-1.121667,546.842467,482.442217,0.0,6.990008,0.0,920.239167,1.5875
2025-09-28 03:00:00+10:00,0.0,-1.120833,641.691508,471.767492,0.0,4.28975,0.0,889.758333,2.336667
2025-09-28 04:00:00+10:00,0.0,-1.066667,693.680583,479.638208,0.0,3.60875,0.0,890.15,8.026667
2025-09-28 05:00:00+10:00,0.0,-1.183333,748.42855,450.873983,0.0,0.271833,0.0,900.8025,8.7025
2025-09-28 06:00:00+10:00,0.0,-1.176667,829.517408,394.99005,3.2795,0.0,0.0,938.366667,4.0
2025-09-28 07:00:00+10:00,0.0,-1.155,745.808,324.114608,43.219,0.0,0.0,913.830833,-4.700833
2025-09-28 08:00:00+10:00,0.0,-1.1125,763.830692,285.193492,100.298,0.0,0.0,914.59,4.029167
2025-09-28 09:00:00+10:00,0.0,-1.1475,802.473325,232.70135,158.6375,0.0,0.0,886.6725,-0.380833
2025-09-28 10:00:00+10:00,0.0,-1.155833,768.0586,248.041867,175.389,0.0,0.0,881.5225,-0.794167
2025-09-28 11:00:00+10:00,0.0,-1.143333,740.701692,225.107067,177.9375,0.0,0.0,838.763333,-2.708333
2025-09-28 12:00:00+10:00,0.0,-1.1225,744.042083,190.946958,182.5675,0.0,0.0,821.005,-4.001667
2025-09-28 13:00:00+10:00,0.0,-1.129167,749.684358,181.914833,181.6295,0.0,0.0,819.786667,-0.775
2025-09-28 14:00:00+10:00,0.0,-1.1425,782.353067,156.889508,167.273,0.0,0.0,835.29,2.409167
2025-09-28 15:00:00+10:00,0.0,-1.1,838.4275,144.130217,133.552,0.0,0.0,881.290833,5.241667
2025-09-28 16:00:00+10:00,0.0,-1.074167,929.946558,145.16165,88.5925,0.0,0.0,968.718333,4.685
2025-09-28 17:00:00+10:00,0.0,1.27825,1226.051225,100.09445,37.189,0.0,0.0,1119.368333,82.1575
2025-09-28 18:00:00+10:00,0.0,51.815125,1281.532542,71.507342,4.3985,0.0,0.0,1219.554167,118.8875
2025-09-28 19:00:00+10:00,0.0,56.546583,1297.185775,57.316667,0.0,0.0,0.0,1238.659167,94.734167
2025-09-28 20:00:00+10:00,0.0,10.072492,1281.092675,12.77,0.0,0.0,0.0,1216.651667,121.150833
2025-09-28 21:00:00+10:00,0.0,-1.228333,1295.268675,2.531667,0.0,0.0,0.0,1185.401667,91.469167
2025-09-28 22:00:00+10:00,0.0,-1.1775,1283.215183,4.849167,0.0,0.0,0.0,1106.930833,68.893333
2025-09-28 23:00:00+10:00,0.0,-1.143333,1281.642967,8.009167,0.0,0.0,0.0,1050.1025,38.489167
2025-09-29 00:00:00+10:00,0.0,-1.278333,1205.447775,25.9775,0.0,0.0,0.0,1017.931667,25.644167
2025-09-29 01:00:00+10:00,0.0,-1.325,1160.502017,28.986667,0.0,0.0,0.0,1000.785833,22.248333
2025-09-29 02:00:00+10:00,0.0,-0.6575,1157.1596,34.2625,0.0,0.0,0.0,1002.5875,23.061667
2025-09-29 03:00:00+10:00,0.0,0.0,1155.362992,41.576183,0.0,0.0,0.0,1004.956667,33.204167
2025-09-29 04:00:00+10:00,0.0,0.0,1100.481542,40.0654,0.0,0.0,0.0,1027.665833,10.89
2025-09-29 05:00:00+10:00,0.0,0.0,1116.7844,64.691742,0.0,0.0,0.0,1079.12,37.068333
2025-09-29 06:00:00+10:00,0.0,0.0,1152.30205,102.768783,2.763,0.0,0.0,1166.449167,64.1875
2025-09-29 07:00:00+10:00,0.0,0.0,1130.4424,99.994717,38.792,0.0,0.0,1176.303333,38.930833
2025-09-29 08:00:00+10:00,0.0,0.0,1115.69865,113.012192,97.79,0.0,0.0,1122.070833,24.9525
2025-09-29 09:00:00+10:00,0.0,0.0,1045.608783,106.675383,147.3035,0.0,0.0,1015.510833,1.154167
2025-09-29 10:00:00+10:00,0.0,0.0,960.388975,94.368108,183.9335,0.0,0.0,918.513333,0.188333
2025-09-29 11:00:00+10:00,0.0,0.0,908.89445,92.545017,200.504,0.0,0.0,868.586667,0.773333
2025-09-29 12:00:00+10:00,0.0,0.0,874.950083,107.390975,197.5775,0.0,0.0,848.570833,0.19
2025-09-29 13:00:00+10:00,0.0,0.0,890.716867,115.962342,162.2965,0.0,0.0,875.830833,0.25
2025-09-29 14:00:00+10:00,0.0,0.0,859.493017,148.532892,140.597,0.0,0.0,879.741667,0.086667
2025-09-29 15:00:00+10:00,0.0,0.0,940.961533,119.845608,103.8475,0.0,0.0,928.618333,3.236667
2025-09-29 16:00:00+10:00,0.0,0.0,1099.576025,101.937392,53.657,0.0,0.0,1012.5425,25.75
2025-09-29 17:00:00+10:00,0.0,0.0,1233.681242,108.637192,22.184,0.0,0.0,1097.308333,117.79
2025-09-29 18:00:00+10:00,0.0,0.0,1256.713783,118.413942,2.6275,0.0,0.0,1169.166667,132.306667
2025-09-29 19:00:00+10:00,0.0,0.0,1188.868492,160.66785,0.0,0.0,0.0,1164.5175,114.291667
2025-09-29 20:00:00+10:00,0.0,0.0,1158.811442,172.985883,0.0,0.0,0.0,1147.019167,126.4875
2025-09-29 21:00:00+10:00,0.0,0.0,1145.432125,168.263383,0.0,0.0,0.0,1098.731667,72.561667
2025-09-29 22:00:00+10:00,0.0,0.0,1138.002183,164.201658,0.0,0.0,0.0,1027.345,69.1225
2025-09-29 23:00:00+10:00,0.0,0.0,1103.859,156.529183,0.0,0.0,0.0,970.775,16.210833
2025-09-30 00:00:00+10:00,0.0,0.0,890.825175,155.75395,0.0,0.0,0.0,899.7475,3.129167
2025-09-30 01:00:00+10:00,0.0,0.0,921.611117,159.272825,0.0,0.0,0.0,887.295,2.915
2025-09-30 02:00:00+10:00,0.0,0.0,859.872675,139.697325,0.0,0.0,0.0,879.5725,2.6625
2025-09-30 03:00:00+10:00,0.0,0.0,863.077017,143.948625,0.0,0.0,0.0,866.968333,2.746667
2025-09-30 04:00:00+10:00,0.0,0.0,928.915175,190.825633,0.0,0.0,0.0,851.838333,5.468333
2025-09-30 05:00:00+10:00,0.0,0.0,999.686917,221.586492,0.0,0.0,0.0,897.161667,20.3
2025-09-30 06:00:00+10:00,0.0,0.0,961.900017,225.717,0.717,0.0,0.0,995.178333,10.6175
2025-09-30 07:00:00+10:00,0.0,0.0,1021.50415,235.72145,8.3325,0.0,0.0,1064.293333,56.718333
2025-09-30 08:00:00+10:00,0.0,0.0,1061.671358,239.663167,20.231,0.0,0.0,1098.130833,59.756667
2025-09-30 09:00:00+10:00,0.0,0.0,1064.533067,230.777167,27.567,0.0,0.0,1105.384167,24.825
2025-09-30 10:00:00+10:00,0.0,0.0,1027.598167,253.896008,34.184,0.0,0.0,1103.91,7.91
2025-09-30 11:00:00+10:00,0.0,0.0,994.546633,244.207142,47.503,0.0,0.0,1069.379167,8.856667
2025-09-30 12:00:00+10:00,0.0,0.0,985.176158,263.981508,33.623,0.0,0.0,1108.414167,8.915833
2025-09-30 13:00:00+10:00,0.0,0.0,912.909475,313.679025,28.8765,0.0,0.0,1100.241667,0.171667
2025-09-30 14:00:00+10:00,0.0,0.0,942.331325,280.11595,31.8585,0.33325,0.0,1095.459167,0.715833
2025-09-30 15:00:00+10:00,0.0,0.0,978.615067,217.686575,35.8575,0.0,0.0,1076.671667,6.400833
2025-09-30 16:00:00+10:00,0.0,0.0,1034.029275,170.426567,34.102,0.0,0.0,1085.506667,18.145
2025-09-30 17:00:00+10:00,0.0,0.0,1181.9462,100.803392,11.316,0.0,0.0,1149.874167,92.780833
2025-09-30 18:00:00+10:00,0.0,0.0,1237.865367,81.548325,1.519,0.0,0.0,1205.275833,132.2975
2025-09-30 19:00:00+10:00,0.0,0.0,1226.4021,113.223858,0.0,0.0,0.0,1178.354167,79.270833
2025-09-30 20:00:00+10:00,0.0,0.0,1242.77085,124.267617,0.0,0.0,0.0,1134.150833,33.974167
2025-09-30 21:00:00+10:00,0.0,0.0,1254.462442,98.269875,0.0,0.0,0.0,1079.320833,12.75
2025-09-30 22:00:00+10:00,0.0,0.0,1120.660083,119.110692,0.0,0.0,0.0,991.711667,2.376667
2025-09-30 23:00:00+10:00,0.0,0.0,921.324375,128.928375,0.0,0.0,0.0,918.345,0.1075
2025-10-01 00:00:00+10:00,0.0,0.0,909.482517,103.110292,0.0,0.0,0.0,884.925,0.166667
2025-10-01 01:00:00+10:00,0.0,0.0,883.372417,113.092525,0.0,0.0,0.0,874.196667,0.133333
2025-10-01 02:00:00+10:00,0.0,0.0,898.152825,99.984717,0.0,0.0,0.0,885.8475,0.144167
2025-10-01 03:00:00+10:00,0.0,0.0,925.510242,97.335458,0.0,0.0,0.0,903.528333,0.173333
2025-10-01 04:00:00+10:00,0.0,0.0,877.447042,129.47645,0.0,0.0,0.0,882.929167,0.158333
2025-10-01 05:00:00+10:00,0.0,0.0,884.802692,165.851625,0.0,0.0,0.0,917.378333,0.025833
2025-10-01 06:00:00+10:00,0.0,0.0,935.446225,199.793733,3.844,0.585167,0.0,1002.338333,0.138333
2025-10-01 07:00:00+10:00,0.0,0.0,1058.734292,131.317717,26.656,0.0,0.0,1051.064167,5.035833
2025-10-01 08:00:00+10:00,0.0,0.0,1098.668575,85.101483,54.5855,0.0,0.0,1062.443333,6.135
2025-10-01 09:00:00+10:00,0.0,0.0,943.647408,162.992733,102.9575,0.0,0.0,969.298333,0.0575
2025-10-01 10:00:00+10:00,0.0,0.0,795.102908,248.249083,149.7075,0.0,0.0,879.046667,1.638333
2025-10-01 11:00:00+10:00,0.0,0.0,762.310942,268.10905,156.632,0.0,0.0,883.528333,7.015
2025-10-01 12:00:00+10:00,0.0,0.0,714.970992,317.481158,149.243,0.0,0.0,883.715,10.1175
2025-10-01 13:00:00+10:00,0.0,0.0,728.621725,287.101167,124.339,0.0,0.0,961.79,12.794167
2025-10-01 14:00:00+10:00,0.0,0.0,694.559483,455.110542,85.2115,0.0,0.0,959.813333,0.109167
2025-10-01 15:00:00+10:00,0.0,0.0,764.165875,459.76445,41.5505,0.0,0.0,1015.86,4.961667
2025-10-01 16:00:00+10:00,0.0,0.0,769.129608,487.138125,17.951,0.0,0.0,1044.344167,-0.150833
2025-10-01 17:00:00+10:00,0.0,0.0,756.381575,507.844625,15.5065,0.64755,0.0,1054.941667,-7.389167
2025-10-01 18:00:00+10:00,0.0,0.0,806.055792,514.422108,2.4575,6.296667,0.0,1102.101667,-1.470833
2025-10-01 19:00:00+10:00,0.0,0.0,817.242233,529.699442,0.0,7.26775,0.0,1093.9125,-1.475833
2025-10-01 20:00:00+10:00,0.0,0.0,774.805917,530.003508,0.0,6.923333,0.0,1081.138333,-4.94
2025-10-01 21:00:00+10:00,0.0,0.0,778.298875,499.627858,0.0,7.266833,0.0,1067.209167,0.041667
2025-10-01 22:00:00+10:00,0.0,0.0,747.425383,474.266742,0.0,7.7914,0.0,1011.2925,-5.225833
2025-10-01 23:00:00+10:00,0.0,0.0,698.65905,453.293583,0.0,4.666417,0.0,963.351667,-0.893333
2025-10-02 00:00:00+10:00,0.0,0.0,663.045683,452.161717,0.0,1.660833,0.0,917.325833,-2.676667
2025-10-02 01:00:00+10:00,0.0,0.0,648.364808,441.728067,0.0,3.870133,0.0,882.505,-10.281667
2025-10-02 02:00:00+10:00,0.0,0.0,658.90915,421.458142,0.0,0.378,0.0,879.3,-4.906667
2025-10-02 03:00:00+10:00,0.0,0.0,676.388825,408.808367,0.0,2.630917,0.0,904.734167,-0.9925
2025-10-02 04:00:00+10:00,0.0,0.0,722.925583,381.008608,0.0,0.00025,0.0,931.243333,-0.388333
2025-10-02 05:00:00+10:00,0.0,0.0,780.61585,412.7384,0.0,0.913167,0.0,999.594167,-1.041667
2025-10-02 06:00:00+10:00,0.0,0.0,996.200158,347.752042,2.485,0.0,0.0,1082.450833,0.8525
2025-10-02 07:00:00+10:00,0.0,0.0,1024.894483,332.915408,38.429,0.0,0.0,1100.4725,1.190833
2025-10-02 08:00:00+10:00,0.0,0.0,997.7021,308.1771,87.072,1.38725,0.0,1037.886667,-3.463333
2025-10-02 09:00:00+10:00,0.0,0.0,801.958325,331.183933,135.337,0.0,0.0,948.544167,-5.838333
2025-10-02 10:00:00+10:00,0.0,0.0,708.646358,309.142792,171.4725,0.0,0.0,943.225833,-0.385833
2025-10-02 11:00:00+10:00,0.0,0.0,617.848925,343.972842,179.916,0.0,0.0,939.815,0.085833
2025-10-02 12:00:00+10:00,0.0,0.0,597.977983,429.286892,158.4825,2.491083,0.0,951.640833,-0.1625
2025-10-02 13:00:00+10:00,0.0,0.0,536.588108,481.15085,132.032,5.286583,0.0,937.305,-4.235833
2025-10-02 14:00:00+10:00,0.0,0.0,603.153217,450.962075,128.664,4.982333,0.0,983.561667,-0.9325
2025-10-02 15:00:00+10:00,0.0,0.0,660.735633,462.520475,80.523,0.56825,0.0,1036.238333,0.075
2025-10-02 16:00:00+10:00,0.0,0.0,738.893717,489.530308,48.4355,7.493917,0.0,1079.603333,11.278333
2025-10-02 17:00:00+10:00,0.0,0.0,827.97685,514.877283,27.6705,10.134083,0.0,1144.7075,7.821667
2025-10-02 18:00:00+10:00,0.0,0.0,1024.270908,509.964983,4.0115,10.182,0.0,1177.2925,10.705
2025-10-02 19:00:00+10:00,0.0,0.0,1060.201317,505.830492,0.0,10.181917,0.0,1183.695,5.563333
2025-10-02 20:00:00+10:00,0.0,0.0,1036.778117,474.76075,0.0,10.181583,0.0,1154.775,10.849167
2025-10-02 21:00:00+10:00,0.0,0.0,986.316175,463.644858,0.0,9.444083,0.0,1117.6225,15.094167
2025-10-02 22:00:00+10:00,0.0,0.0,855.738258,504.177967,0.0,7.70375,0.0,1057.9525,3.495
2025-10-02 23:00:00+10:00,0.0,0.0,771.709425,498.551275,0.0,6.366,0.0,1020.1625,5.2175
2025-10-03 00:00:00+10:00,0.0,0.0,633.8499,515.646275,0.0,5.81775,0.0,973.1525,-1.726667
2025-10-03 01:00:00+10:00,0.0,0.0,581.817258,526.234283,0.0,6.54975,0.0,935.659167,-1.22
2025-10-03 02:00:00+10:00,0.0,0.0,517.474925,529.31775,0.0,9.911833,0.0,885.583333,-4.1775
2025-10-03 03:00:00+10:00,0.0,0.0,503.223425,529.953842,0.0,10.055833,0.0,885.951667,-4.43
2025-10-03 04:00:00+10:00,0.0,0.0,549.911658,523.726317,0.0,10.034667,0.0,907.196667,3.22
2025-10-03 05:00:00+10:00,0.0,0.0,648.944425,520.039842,0.0,7.48425,0.0,988.660833,6.153333
2025-10-03 06:00:00+10:00,0.0,0.0,740.313967,514.332325,4.3525,3.61225,0.0,1043.17,4.780833
2025-10-03 07:00:00+10:00,0.0,0.0,799.813333,501.845083,30.5655,5.264667,0.0,1098.571667,4.634167
2025-10-03 08:00:00+10:00,0.0,0.0,763.959142,489.300292,78.373,8.382417,0.0,1061.788333,4.434167
2025-10-03 09:00:00+10:00,0.0,0.0,682.633325,488.328783,127.218,8.349833,0.0,999.6775,4.131667
2025-10-03 10:00:00+10:00,0.0,0.0,638.651917,492.837342,163.6965,7.938,0.0,954.234167,3.619167
2025-10-03 11:00:00+10:00,0.0,0.0,601.373342,492.090208,190.944,9.407542,0.0,916.775,-0.7475
2025-10-03 12:00:00+10:00,0.0,0.0,550.846117,470.704392,188.549,8.519983,0.0,886.23,19.929167
2025-10-03 13:00:00+10:00,0.0,0.0,413.842825,470.362042,177.378,10.121675,0.0,849.435,43.899167
2025-10-03 14:00:00+10:00,0.0,0.0,490.0535,420.739092,171.114,8.652242,0.0,848.806667,25.7175
2025-10-03 15:00:00+10:00,0.0,0.0,667.569317,383.232108,143.8165,4.635333,0.0,897.325833,12.358333
2025-10-03 16:00:00+10:00,0.0,0.0,797.49335,328.341417,96.1685,6.460667,0.0,975.285833,12.875833
2025-10-03 17:00:00+10:00,0.0,0.0,1025.674233,273.858825,39.6125,3.505833,0.0,1080.388333,41.828333
2025-10-03 18:00:00+10:00,0.0,0.0,1301.776358,262.054383,5.2145,0.414667,0.0,1202.27,30.913333
2025-10-03 19:00:00+10:00,0.0,0.0,1387.60585,264.781025,0.0,0.313583,0.0,1238.856667,48.445
2025-10-03 20:00:00+10:00,0.0,0.0,1388.49025,210.9177,0.0,0.0,0.0,1236.141667,71.184167
2025-10-03 21:00:00+10:00,0.0,0.0,1404.541108,189.842292,0.0,0.0,0.0,1182.241667,115.760833
2025-10-03 22:00:00+10:00,0.0,0.0,1325.240925,233.902025,0.0,0.0,0.0,1127.4325,51.109167
2025-10-03 23:00:00+10:00,0.0,0.0,1188.114258,299.989158,0.0,0.0,0.0,1072.974167,6.773333
2025-10-04 00:00:00+10:00,0.0,0.0,1071.770158,314.390142,0.0,0.258333,0.0,1018.2425,0.198333
2025-10-04 01:00:00+10:00,0.0,0.0,1040.716825,299.423133,0.0,0.0,0.0,979.265,-2.045
2025-10-04 02:00:00+10:00,0.0,0.0,1038.498942,282.278008,0.0,0.0,0.0,966.665,18.3525
2025-10-04 03:00:00+10:00,0.0,0.0,1080.411183,232.37125,0.0,0.0,0.0,951.653333,23.034167
2025-10-04 04:00:00+10:00,0.0,0.0,1156.145567,185.464525,0.0,0.0,0.0,972.428333,15.828333
2025-10-04 05:00:00+10:00,0.0,0.0,1157.4407,198.850733,0.0,0.0,0.0,992.759167,27.173333
2025-10-04 06:00:00+10:00,0.0,0.0,1085.404275,197.5473,6.6715,0.0,0.0,1022.61,1.659167
2025-10-04 07:00:00+10:00,0.0,0.0,966.377142,180.016583,39.99,0.0,0.0,1043.136667,-2.845
2025-10-04 08:00:00+10:00,0.0,0.0,975.303783,157.731542,88.68,0.0,0.0,1053.260833,0.11
2025-10-04 09:00:00+10:00,0.0,0.0,947.075708,140.740725,144.6955,0.0,0.0,1049.493333,1.326667
2025-10-04 10:00:00+10:00,0.0,0.0,793.557133,148.225317,162.027,0.0,0.0,987.389167,-2.966667
2025-10-04 11:00:00+10:00,0.0,0.0,753.345917,148.6245,190.755,0.0,0.0,933.211667,-4.338333
2025-10-04 12:00:00+10:00,0.0,0.0,673.608258,191.182617,216.3235,0.0,0.0,870.491667,-5.865833
2025-10-04 13:00:00+10:00,0.0,0.0,598.817558,200.817308,217.7005,0.0,0.0,846.5425,-6.325
2025-10-04 14:00:00+10:00,0.0,0.0,653.79175,202.5438,179.0115,0.0,0.0,891.704167,-13.625833
2025-10-04 15:00:00+10:00,0.0,0.0,710.133208,228.767608,131.4465,0.0,0.0,957.5025,1.115
2025-10-04 16:00:00+10:00,0.0,0.0,871.5485,215.276925,76.803,0.0,0.0,1039.31,5.583333
2025-10-04 17:00:00+10:00,0.0,0.0,1163.412425,183.346642,36.522,0.0,0.0,1124.67,12.570833
2025-10-04 18:00:00+10:00,0.0,0.0,1269.395325,191.085175,5.5955,0.0,0.0,1173.700833,35.265833
2025-10-04 19:00:00+10:00,0.0,0.0,1207.125592,251.215042,0.0,0.0,0.0,1158.765833,7.1675
2025-10-04 20:00:00+10:00,0.0,0.0,1113.103342,238.373758,0.0,0.0,0.0,1138.431667,2.861667
2025-10-04 21:00:00+10:00,0.0,0.0,915.030242,256.111817,0.0,0.0,0.0,1080.9775,0.136667
2025-10-04 22:00:00+10:00,0.0,0.0,839.577867,264.631575,0.0,0.0,0.0,1031.724167,-0.02
2025-10-04 23:00:00+10:00,0.0,0.0,769.972817,295.598292,0.0,0.0,0.0,1007.7425,0.514167
2025-10-05 00:00:00+10:00,0.0,0.0,702.452983,326.0406,0.0,0.0,0.0,961.496667,-0.454167
2025-10-05 01:00:00+10:00,0.0,0.0,660.284192,351.278567,0.0,0.0,0.0,954.8925,-0.724167
2025-10-05 02:00:00+10:00,0.0,0.0,679.91025,329.221192,0.0,0.0,0.0,949.545,14.846667
2025-10-05 03:00:00+10:00,0.0,0.0,682.12805,329.596458,0.0,0.0,0.0,937.4625,4.788333
2025-10-05 04:00:00+10:00,0.0,0.0,704.661275,327.702342,0.0,0.0,0.0,958.825833,5.413333
2025-10-05 05:00:00+10:00,0.0,0.0,716.469683,338.369633,0.0,0.0,0.0,974.0675,25.610833
2025-10-05 06:00:00+10:00,0.0,0.0,745.51855,337.620675,3.28,0.0,0.0,944.149167,9.7775
2025-10-05 07:00:00+10:00,0.0,0.0,743.897442,350.714517,22.536,0.0,0.0,942.825833,17.756667
2025-10-05 08:00:00+10:00,0.0,0.0,751.786642,356.294392,51.4665,0.0,0.0,921.108333,14.018333
2025-10-05 09:00:00+10:00,0.0,0.0,694.588033,289.0662,87.575,0.0,0.0,906.091667,5.345833
2025-10-05 10:00:00+10:00,0.0,0.0,600.565725,330.415767,135.06,0.0,0.0,899.280833,5.969167
2025-10-05 11:00:00+10:00,0.0,0.0,481.639442,430.341575,145.3515,0.370667,0.0,878.6,3.1275
2025-10-05 12:00:00+10:00,0.0,0.0,440.891358,399.841692,158.967,1.900942,0.0,830.196667,-0.573333
2025-10-05 13:00:00+10:00,0.0,0.0,442.035283,419.7801,165.923,0.514417,0.0,836.949167,-0.324167
2025-10-05 14:00:00+10:00,0.0,0.0,536.855858,415.405967,146.428,1.238667,0.0,837.111667,7.3225
2025-10-05 15:00:00+10:00,0.0,0.0,609.642667,452.53495,86.4195,8.210033,0.0,895.1375,5.805
2025-10-05 16:00:00+10:00,0.0,0.0,635.460025,507.763975,47.157,10.148583,0.0,960.235,5.494167
2025-10-05 17:00:00+10:00,0.0,0.0,702.523567,525.596858,11.8595,10.106833,0.0,1035.855833,5.253333
2025-10-05 18:00:00+10:00,0.0,0.0,666.252992,523.752117,1.5115,8.052,0.0,1013.709167,3.280833
2025-10-05 19:00:00+10:00,0.0,0.0,666.727008,527.865108,0.0,7.007333,0.0,1004.8125,0.055
2025-10-05 20:00:00+10:00,0.0,0.0,672.0765,525.8012,0.0,7.29275,0.0,1036.2825,0.824167
2025-10-05 21:00:00+10:00,0.0,0.0,694.41615,476.02965,0.0,7.268,0.0,1016.579167,9.816667
2025-10-05 22:00:00+10:00,0.0,0.0,607.189533,519.111908,0.0,7.268,0.0,972.3675,-0.665
2025-10-05 23:00:00+10:00,0.0,0.0,566.385825,514.831717,0.0,6.053583,0.0,947.255,-0.206667
2025-10-06 00:00:00+10:00,0.0,0.0,618.068017,444.76655,0.0,6.74025,0.0,1003.715833,1.531667
2025-10-06 01:00:00+10:00,0.0,0.0,541.696492,480.989825,0.0,7.141575,0.0,931.103333,-1.538333
2025-10-06 02:00:00+10:00,0.0,0.0,692.244483,383.66545,0.0,6.662333,0.0,976.228333,5.18
2025-10-06 03:00:00+10:00,0.0,0.0,683.799617,399.486608,0.0,7.268,0.0,949.73,-0.533333
2025-10-06 04:00:00+10:00,0.0,0.0,654.10305,485.376442,0.0,7.268,0.0,1019.3775,-1.150833
2025-10-06 05:00:00+10:00,0.0,0.0,719.774317,519.075067,0.0,7.268,0.0,1117.365833,0.489167
2025-10-06 06:00:00+10:00,0.0,0.0,790.780508,520.76465,7.0315,7.268,0.0,1167.846667,0.751667
2025-10-06 07:00:00+10:00,0.0,0.0,901.440817,519.02065,47.054,4.354,0.0,1125.631667,3.658333
2025-10-06 08:00:00+10:00,0.0,0.0,838.158975,507.992167,102.6265,6.296667,0.0,1027.4175,1.4275
2025-10-06 09:00:00+10:00,0.0,0.0,596.435467,499.806225,159.6605,7.268,0.0,957.7975,0.11
2025-10-06 10:00:00+10:00,0.0,0.0,490.336175,501.313517,196.601,7.267833,0.0,867.85,-3.625
2025-10-06 11:00:00+10:00,0.0,0.0,441.996258,500.222533,222.212,7.025167,0.0,817.926667,-5.489167
2025-10-06 12:00:00+10:00,0.0,0.0,463.448633,463.934025,218.355,4.395883,0.0,809.681667,-4.990833
2025-10-06 13:00:00+10:00,0.0,0.0,473.48115,453.981,207.8155,5.169908,0.0,806.445,-0.441667
2025-10-06 14:00:00+10:00,0.0,0.0,563.765292,475.416942,179.9475,7.268,0.0,823.291667,2.553333
2025-10-06 15:00:00+10:00,0.0,0.0,694.449342,479.533008,138.7725,7.99525,0.0,913.895,1.9375
2025-10-06 16:00:00+10:00,0.0,0.0,879.451642,465.55495,87.2475,10.181833,0.0,1048.2575,12.584167
2025-10-06 17:00:00+10:00,0.0,0.0,1013.047767,497.96895,39.992,10.16425,0.0,1134.893333,15.313333
2025-10-06 18:00:00+10:00,0.0,0.0,1106.62415,454.175808,4.5105,9.579583,0.0,1195.76,19.928333
2025-10-06 19:00:00+10:00,0.0,0.0,1123.547517,439.433008,0.0,9.447917,0.0,1184.415833,19.99
2025-10-06 20:00:00+10:00,0.0,0.0,991.689775,463.224467,0.0,6.570417,0.0,1130.965,39.788333
2025-10-06 21:00:00+10:00,0.0,0.0,933.226758,487.727942,0.0,8.738333,0.0,1100.060833,41.076667
2025-10-06 22:00:00+10:00,0.0,0.0,860.794292,441.944225,0.0,6.069917,0.0,1029.846667,54.9375
2025-10-06 23:00:00+10:00,0.0,0.0,995.828833,365.342642,0.0,0.358333,0.0,1015.8125,38.7125
2025-10-07 00:00:00+10:00,0.0,0.0,983.968983,416.453208,0.0,0.183333,0.0,964.0225,26.264167
2025-10-07 01:00:00+10:00,0.0,0.0,967.245408,402.951683,0.0,0.402167,0.0,958.530833,26.06
2025-10-07 02:00:00+10:00,0.0,0.0,926.025867,406.872817,0.0,0.0,0.0,961.948333,18.599167
2025-10-07 03:00:00+10:00,0.0,0.0,872.797383,442.210725,0.0,0.175,0.0,970.493333,36.535833
2025-10-07 04:00:00+10:00,0.0,0.0,911.1752,465.276458,0.0,2.093,0.0,977.575833,58.145833
2025-10-07 05:00:00+10:00,0.0,0.0,1054.566142,389.128375,0.0,3.621417,0.0,1162.588333,98.288333
2025-10-07 06:00:00+10:00,0.0,0.0,1146.2928,373.12615,6.532,8.638917,0.0,1240.585833,102.8225
2025-10-07 07:00:00+10:00,0.0,0.0,1077.23895,380.695933,37.1745,7.207,0.0,1236.8225,37.481667
2025-10-07 08:00:00+10:00,0.0,0.0,971.32815,364.363133,68.124,5.347167,0.0,1199.774167,2.159167
2025-10-07 09:00:00+10:00,0.0,0.0,767.061583,370.336033,101.753,4.0055,0.0,1123.616667,-4.670833
2025-10-07 10:00:00+10:00,0.0,0.0,693.287825,368.4526,143.1435,1.24775,0.0,1060.8125,-4.088333
2025-10-07 11:00:00+10:00,0.0,0.0,563.353417,386.702367,165.0435,4.83475,0.0,1000.958333,-5.471667
2025-10-07 12:00:00+10:00,0.0,0.0,530.875867,389.315358,160.509,6.027,0.0,972.45,-7.146667
2025-10-07 13:00:00+10:00,0.0,0.0,511.5467,386.3384,163.6105,6.26375,0.0,972.426667,-4.971667
2025-10-07 14:00:00+10:00,0.0,0.0,519.994983,389.371442,149.1045,7.003417,0.0,994.41,-3.693333
2025-10-07 15:00:00+10:00,0.0,0.0,567.037342,390.188633,119.855,10.156667,0.0,1025.95,-0.3875
2025-10-07 16:00:00+10:00,0.0,0.0,734.573733,390.969025,74.314,10.153583,0.0,1101.765,20.848333
2025-10-07 17:00:00+10:00,0.0,0.0,926.950517,381.412375,28.3875,10.174583,0.0,1175.354167,12.8
2025-10-07 18:00:00+10:00,0.0,0.0,1054.684758,444.080792,3.754,10.164917,0.0,1158.495833,13.1675
2025-10-07 19:00:00+10:00,0.0,0.0,1057.345383,448.208058,0.0,10.06675,0.0,1137.728333,12.165
2025-10-07 20:00:00+10:00,0.0,0.0,942.275433,528.89515,0.0,9.660333,0.0,1033.076667,13.281667
2025-10-07 21:00:00+10:00,0.0,0.0,921.734492,484.491708,0.0,9.599417,0.0,1015.338333,32.816667
2025-10-07 22:00:00+10:00,0.0,0.0,872.076858,456.0192,0.0,9.916667,0.0,973.54,17.765
2025-10-07 23:00:00+10:00,0.0,0.0,765.406408,453.275425,0.0,10.137833,0.0,922.000833,12.770833
2025-10-08 00:00:00+10:00,0.0,0.0,693.661767,452.851725,0.0,10.149,0.0,914.715,2.786667
2025-10-08 01:00:00+10:00,0.0,0.0,596.481725,510.769758,0.0,10.138667,0.0,840.673333,2.361667
2025-10-08 02:00:00+10:00,0.0,0.0,604.370808,514.925133,0.0,7.714417,0.0,848.275,21.218333
2025-10-08 03:00:00+10:00,0.0,0.0,610.230558,510.426942,0.0,2.71475,0.0,857.083333,8.113333
2025-10-08 04:00:00+10:00,0.0,0.0,636.155808,508.468875,0.0,4.24225,0.0,903.429167,12.241667
2025-10-08 05:00:00+10:00,0.0,0.0,848.734858,496.72335,0.0,5.393083,0.0,1011.2575,27.905833
2025-10-08 06:00:00+10:00,0.0,0.0,917.275992,487.698775,4.4445,6.726167,0.0,1083.175833,33.631667
2025-10-08 07:00:00+10:00,0.0,0.0,823.122358,417.88745,29.5275,5.171583,0.0,1072.6825,3.634167
2025-10-08 08:00:00+10:00,0.0,0.0,795.133692,377.496142,71.6485,1.394583,0.0,1082.095,4.299167
2025-10-08 09:00:00+10:00,0.0,0.0,711.474908,418.926767,108.394,2.714667,0.0,1015.996667,2.494167
2025-10-08 10:00:00+10:00,0.0,0.0,629.110317,459.145925,132.837,4.76775,0.0,966.760833,0.165833
2025-10-08 11:00:00+10:00,0.0,0.0,600.664033,449.285175,130.8825,6.10525,0.0,918.833333,0.1
2025-10-08 12:00:00+10:00,0.0,0.0,549.873367,472.577683,136.7795,7.077333,0.0,883.838333,1.124167
2025-10-08 13:00:00+10:00,0.0,0.0,547.650883,486.854942,117.933,7.030167,0.0,887.355833,8.685
2025-10-08 14:00:00+10:00,0.0,0.0,573.076925,490.590025,107.3645,6.863917,0.0,915.479167,-0.891667
2025-10-08 15:00:00+10:00,0.0,0.0,648.516833,473.37495,67.158,6.17375,0.0,998.265833,-2.033333
2025-10-08 16:00:00+10:00,0.0,0.0,793.10085,410.402083,36.3335,5.889333,0.0,1094.321667,-0.578333
2025-10-08 17:00:00+10:00,0.0,0.0,814.709958,426.13775,23.796,3.114417,0.0,1093.3325,-0.130833
2025-10-08 18:00:00+10:00,0.0,0.0,920.615408,441.708942,4.392,3.665,0.0,1099.58,3.994167
2025-10-08 19:00:00+10:00,0.0,0.0,941.106567,446.998675,0.0,0.779917,0.0,1085.8175,4.289167
2025-10-08 20:00:00+10:00,0.0,0.0,919.439208,392.586508,0.0,0.0,0.0,1050.1875,2.603333
2025-10-08 21:00:00+10:00,0.0,0.0,892.777025,340.719233,0.0,0.0,0.0,986.906667,4.528333
2025-10-08 22:00:00+10:00,0.0,0.0,857.479142,304.890392,0.0,0.0,0.0,915.3075,2.301667
2025-10-08 23:00:00+10:00,0.0,0.0,775.79635,318.984917,0.0,0.251508,0.0,850.878333,1.250833
2025-10-09 00:00:00+10:00,0.0,0.0,696.37255,338.203908,0.0,0.0,0.0,832.213333,0.305
2025-10-09 01:00:00+10:00,0.0,0.0,620.426992,386.955175,0.0,0.0,0.0,805.718333,-1.715
2025-10-09 02:00:00+10:00,0.0,0.0,589.546867,422.355525,0.0,0.0,0.0,820.289167,-1.606667
2025-10-09 03:00:00+10:00,0.0,0.0,600.2752,422.523792,0.0,0.0,0.0,853.959167,0.085
2025-10-09 04:00:00+10:00,0.0,0.0,636.506483,425.62055,0.0,0.0,0.0,888.11,0.2975
2025-10-09 05:00:00+10:00,0.0,0.0,735.564183,466.896833,0.0,0.0,0.0,983.515833,1.858333
2025-10-09 06:00:00+10:00,0.0,0.0,908.834817,433.227767,8.311,0.0,0.0,1061.003333,4.45
2025-10-09 07:00:00+10:00,0.0,0.0,785.695175,405.778525,50.6395,2.660783,0.0,1039.456667,21.695
2025-10-09 08:00:00+10:00,0.0,0.0,759.308692,467.04885,69.9605,0.133333,0.0,1069.633333,32.220833
2025-10-09 09:00:00+10:00,0.0,0.0,763.007258,494.06685,57.226,3.097,0.0,1098.604167,8.8625
2025-10-09 10:00:00+10:00,0.0,0.0,654.260692,514.766242,77.8635,7.007417,0.0,1086.368333,1.929167
2025-10-09 11:00:00+10:00,0.0,0.0,669.261333,498.143158,140.5495,4.646667,0.0,1032.916667,0.826667
2025-10-09 12:00:00+10:00,0.0,0.0,566.118583,489.424667,156.4435,8.1248,0.0,987.518333,-11.561667
2025-10-09 13:00:00+10:00,0.0,0.0,510.383858,467.384417,213.316,25.138725,0.0,916.3175,-20.976667
2025-10-09 14:00:00+10:00,0.0,0.0,420.085483,519.359733,195.497,8.574883,0.0,903.339167,-6.909167
2025-10-09 15:00:00+10:00,0.0,0.0,428.308842,522.690008,155.472,7.260917,0.0,936.845833,-2.971667
2025-10-09 16:00:00+10:00,0.0,0.0,651.309875,524.5356,94.412,6.832083,0.0,1012.855833,0.244167
2025-10-09 17:00:00+10:00,0.0,0.0,768.003625,526.376325,42.298,2.617667,0.0,1075.11,-0.07
2025-10-09 18:00:00+10:00,0.0,0.0,908.932133,526.400175,4.8295,2.28825,0.0,1152.494167,4.504167
2025-10-09 19:00:00+10:00,0.0,0.0,936.154292,525.087042,0.0,3.73975,0.0,1160.328333,4.559167
2025-10-09 20:00:00+10:00,0.0,0.0,902.350108,517.108625,0.0,2.34775,0.0,1124.873333,4.791667
2025-10-09 21:00:00+10:00,0.0,0.0,792.038583,509.505825,0.0,0.655083,0.0,1057.945,0.699167
2025-10-09 22:00:00+10:00,0.0,0.0,696.984275,496.815992,0.0,0.0,0.0,982.688333,0.156667
2025-10-09 23:00:00+10:00,0.0,0.0,644.790125,511.592117,0.0,1.425058,0.0,953.905,0.0975
2025-10-10 00:00:00+10:00,0.0,0.0,640.649325,477.042233,0.0,0.316425,0.0,934.376667,2.278333
2025-10-10 01:00:00+10:00,0.0,0.0,650.2334,452.5018,0.0,0.3352,0.0,934.879167,2.64
2025-10-10 02:00:00+10:00,0.0,0.0,628.335192,479.667067,0.0,0.686792,0.0,942.936667,11.2375
2025-10-10 03:00:00+10:00,0.0,0.0,631.549983,476.863458,0.0,2.586,0.0,943.264167,6.229167
2025-10-10 04:00:00+10:00,0.0,0.0,638.379492,486.894625,0.0,6.928167,0.0,976.514167,2.795
2025-10-10 05:00:00+10:00,0.0,0.0,800.006442,404.81095,0.0,7.2515,0.0,1129.1525,7.719167
2025-10-10 06:00:00+10:00,0.0,0.0,893.388142,399.939933,3.5685,7.376075,0.0,1218.324167,55.174167
2025-10-10 07:00:00+10:00,0.0,0.0,849.184292,484.280158,10.3505,7.261,0.0,1167.665833,15.519167
2025-10-10 08:00:00+10:00,0.0,0.0,848.1491,407.190333,57.505,24.52575,0.0,1135.405833,6.733333
2025-10-10 09:00:00+10:00,0.0,0.0,804.099925,361.6463,95.112,25.950667,0.0,1080.8775,13.56
2025-10-10 10:00:00+10:00,0.0,0.0,781.035642,331.059317,93.954,74.606917,0.0,1039.914167,23.655833
2025-10-10 11:00:00+10:00,0.0,0.0,767.2195,347.756275,166.336,55.241417,0.0,953.205833,4.961667
2025-10-10 12:00:00+10:00,0.0,0.0,769.822533,344.43765,156.358,2.608333,0.0,1018.0,3.595833
2025-10-10 13:00:00+10:00,0.0,0.0,631.503842,462.406792,146.752,2.678167,0.0,994.370833,-0.92
2025-10-10 14:00:00+10:00,0.0,0.0,658.936633,478.427533,137.3935,4.85425,0.0,1027.298333,-0.561667
2025-10-10 15:00:00+10:00,0.0,0.0,737.127333,467.970558,87.6755,4.346167,0.0,1117.3725,0.759167
2025-10-10 16:00:00+10:00,0.0,0.0,769.058133,505.980958,58.515,3.65025,0.0,1155.13,1.296667
2025-10-10 17:00:00+10:00,0.0,0.0,838.040683,487.152225,31.6425,15.658133,0.0,1152.159167,6.594167
2025-10-10 18:00:00+10:00,0.0,0.0,898.635892,456.2899,4.835,70.138583,0.0,1148.870833,18.9275
2025-10-10 19:00:00+10:00,0.0,0.0,867.0683,502.282917,0.0,4.346833,0.0,1173.255833,7.645833
2025-10-10 20:00:00+10:00,0.0,0.0,817.458792,522.808875,0.0,4.346833,0.0,1131.878333,0.948333
2025-10-10 21:00:00+10:00,0.0,0.0,840.562792,438.253942,0.0,3.6225,0.0,1092.5875,1.634167
2025-10-10 22:00:00+10:00,0.0,0.0,714.172942,486.67435,0.0,42.986858,0.0,1015.399167,0.285
2025-10-10 23:00:00+10:00,0.0,0.0,626.180775,530.085117,0.0,1.422917,0.0,988.653333,-1.565
2025-10-11 00:00:00+10:00,0.0,0.0,616.603483,517.167408,0.0,1.434,0.0,972.42,-3.72
2025-10-11 01:00:00+10:00,0.0,0.0,595.74345,523.977475,0.0,6.367333,0.0,955.4375,-0.71
2025-10-11 02:00:00+10:00,0.0,0.0,590.162633,524.769342,0.0,1.283333,0.0,950.3425,-2.26
2025-10-11 03:00:00+10:00,0.0,0.0,593.16175,523.833242,0.0,1.434,0.0,953.9175,-1.88
2025-10-11 04:00:00+10:00,0.0,0.0,614.0852,523.548833,0.0,1.375333,0.0,989.5,-2.601667
2025-10-11 05:00:00+10:00,0.0,0.0,731.802333,514.593875,0.0,1.43275,0.0,1021.076667,-0.730833
2025-10-11 06:00:00+10:00,0.0,0.0,735.263183,497.427975,8.7655,1.43225,0.0,1038.521667,-2.315833
2025-10-11 07:00:00+10:00,0.0,0.0,702.520083,516.177275,45.821,6.413417,0.0,1044.9,-1.949167
2025-10-11 08:00:00+10:00,0.0,0.0,722.399175,492.300767,96.764,6.305083,0.0,1079.545833,3.629167
2025-10-11 09:00:00+10:00,0.0,0.0,662.667367,505.724025,139.1595,1.36725,0.0,1029.29,-1.250833
2025-10-11 10:00:00+10:00,0.0,0.0,651.713517,490.100733,154.4335,7.80175,0.0,1007.259167,-1.450833
2025-10-11 11:00:00+10:00,0.0,0.0,628.250717,471.004592,159.42,6.411742,0.0,979.113333,-1.1375
2025-10-11 12:00:00+10:00,0.0,0.0,559.5225,486.215742,190.8365,6.489333,0.0,932.520833,-3.2575
2025-10-11 13:00:00+10:00,0.0,0.0,570.765058,477.175708,170.392,10.293167,0.0,941.165,-3.835833
2025-10-11 14:00:00+10:00,0.0,0.0,580.927167,505.224583,147.876,6.848583,0.0,952.104167,-3.370833
2025-10-11 15:00:00+10:00,0.0,0.0,622.617492,512.278917,121.64,5.761333,0.0,1007.786667,-1.791667
2025-10-11 16:00:00+10:00,0.0,0.0,723.682958,487.818175,86.904,6.958667,0.0,1090.059167,-1.0275
2025-10-11 17:00:00+10:00,0.0,0.0,827.806917,449.399667,44.631,9.181958,0.0,1123.871667,0.091667
2025-10-11 18:00:00+10:00,0.0,0.0,921.052317,428.850658,6.894,8.67375,0.0,1188.451667,5.329167
2025-10-11 19:00:00+10:00,0.0,0.0,1020.245625,445.091433,0.0,7.219167,0.0,1176.7025,29.561667
2025-10-11 20:00:00+10:00,0.0,0.0,1058.69725,441.8342,0.0,8.160667,0.0,1153.895,26.385833
2025-10-11 21:00:00+10:00,0.0,0.0,1033.951967,414.688183,0.0,7.611667,0.0,1101.546667,35.340833
2025-10-11 22:00:00+10:00,0.0,0.0,1048.519292,403.819042,0.0,1.52025,0.0,1062.218333,42.935833
2025-10-11 23:00:00+10:00,0.0,0.0,1083.77465,361.786158,0.0,0.0,0.0,1042.476667,34.026667
2025-10-12 00:00:00+10:00,0.0,0.0,1041.645658,335.61255,0.0,0.0,0.0,1047.931667,13.000833
2025-10-12 01:00:00+10:00,0.0,0.0,809.016075,278.933525,0.0,4.444167,0.0,1018.304167,-0.085833
2025-10-12 02:00:00+10:00,0.0,0.0,821.460192,248.21955,0.0,2.6665,0.0,1023.045,0.075
2025-10-12 03:00:00+10:00,0.0,0.0,854.392683,230.617308,0.0,0.0,0.0,1028.0125,0.1025
2025-10-12 04:00:00+10:00,0.0,0.0,880.596375,206.223908,0.0,0.0,0.0,1031.105,0.233333
2025-10-12 05:00:00+10:00,0.0,0.0,989.630767,139.746508,0.0,0.0,0.0,1050.580833,5.643333
2025-10-12 06:00:00+10:00,0.0,0.0,1046.434025,127.832608,9.529,0.0,0.0,1068.453333,5.903333
2025-10-12 07:00:00+10:00,0.0,0.0,1111.207233,83.086692,52.2895,0.0,0.0,1095.965,25.335
2025-10-12 08:00:00+10:00,0.0,0.0,1011.457483,133.808608,114.973,0.0,0.0,999.785833,0.769167
2025-10-12 09:00:00+10:00,0.0,0.0,979.986525,105.443775,148.044,0.0,0.0,1029.294167,6.1125
2025-10-12 10:00:00+10:00,0.0,0.0,938.472075,125.124092,164.2835,0.0,0.0,1015.364167,2.7825
2025-10-12 11:00:00+10:00,0.0,0.0,937.38235,141.55725,148.545,0.0,0.0,1032.339167,5.371667
2025-10-12 12:00:00+10:00,0.0,0.0,914.233208,154.075275,138.31,0.0,0.0,1038.58,6.589167
2025-10-12 13:00:00+10:00,0.0,0.0,895.705267,196.110792,131.496,0.0,0.0,1038.916667,0.861667
2025-10-12 14:00:00+10:00,0.0,0.0,930.031892,224.180767,98.777,3.162708,0.0,1113.119167,0.239167
2025-10-12 15:00:00+10:00,0.0,0.0,1021.232633,143.827867,53.2795,1.153183,0.0,1177.295833,6.571667
2025-10-12 16:00:00+10:00,0.0,0.0,1229.059308,92.145042,36.886,0.0,0.0,1217.684167,16.306667
2025-10-12 17:00:00+10:00,0.0,0.0,1237.947467,138.118783,23.8055,0.0,0.0,1249.656667,23.623333
2025-10-12 18:00:00+10:00,0.0,0.0,1253.151225,165.467258,5.467,0.0,0.0,1252.053333,59.464167
2025-10-12 19:00:00+10:00,0.0,0.0,1309.228692,122.478033,0.0,0.0,0.0,1282.876667,54.3925
2025-10-12 20:00:00+10:00,0.0,0.0,1309.62355,178.8758,0.0,0.0,0.0,1194.669167,25.959167
2025-10-12 21:00:00+10:00,0.0,0.0,1246.215575,172.7808,0.0,0.0,0.0,1127.474167,7.138333
2025-10-12 22:00:00+10:00,0.0,0.0,1193.15665,125.292333,0.0,0.0,0.0,1045.988333,28.734167
2025-10-12 23:00:00+10:00,0.0,0.0,1237.664267,92.379117,0.0,0.0,0.0,1023.315833,29.971667
2025-10-13 00:00:00+10:00,0.0,0.0,1232.679608,91.670475,0.0,0.0,0.0,1024.673333,33.095
2025-10-13 01:00:00+10:00,0.0,0.0,1244.943875,75.499508,0.0,0.0,0.0,1033.934167,42.8775
2025-10-13 02:00:00+10:00,0.0,0.0,1282.550583,73.479825,0.0,0.0,0.0,1052.670833,42.384167
2025-10-13 03:00:00+10:00,0.0,0.0,1254.963942,102.508975,0.0,0.0,0.0,1073.075833,58.9375
2025-10-13 04:00:00+10:00,0.0,0.0,1378.437583,76.735308,0.0,0.0,0.0,1158.798333,78.609167
2025-10-13 05:00:00+10:00,0.0,0.0,1521.91905,67.858825,0.0085,0.0,0.0,1271.801667,101.0675
2025-10-13 06:00:00+10:00,0.0,0.0,1587.982625,60.602642,12.8005,0.0,0.0,1336.753333,77.438333
2025-10-13 07:00:00+10:00,0.0,0.0,1451.8139,40.007283,62.119,0.0,0.0,1245.0675,47.055833
2025-10-13 08:00:00+10:00,0.0,0.0,1281.011017,60.2759,125.525,0.0,0.0,1145.988333,8.515
2025-10-13 09:00:00+10:00,0.0,0.0,1055.286325,96.255542,176.0935,0.0,0.0,1070.8175,0.979167
2025-10-13 10:00:00+10:00,0.0,0.0,1037.1731,106.617575,195.6135,0.0,0.0,1021.469167,2.485
2025-10-13 11:00:00+10:00,0.0,0.0,928.850375,112.988917,215.364,0.0,0.0,994.925833,12.905833
2025-10-13 12:00:00+10:00,0.0,0.0,903.286783,147.248483,201.301,0.0,0.0,990.425833,10.839167
2025-10-13 13:00:00+10:00,0.0,0.0,855.876792,190.470658,184.576,0.0,0.0,985.234167,8.461667
2025-10-13 14:00:00+10:00,0.0,0.0,850.781517,224.127983,172.8245,0.0,0.0,1009.828333,2.919167
2025-10-13 15:00:00+10:00,0.0,0.0,891.919067,235.490683,135.8355,0.0,0.0,1046.3275,4.703333
2025-10-13 16:00:00+10:00,0.0,0.0,954.515542,262.970342,90.775,0.0,0.0,1103.1125,2.655833
2025-10-13 17:00:00+10:00,0.0,0.0,1191.734883,223.092867,43.9905,0.0,0.0,1188.8325,93.251667
2025-10-13 18:00:00+10:00,0.0,0.0,1327.2524,251.742442,7.158,0.0,0.0,1223.935833,62.115
2025-10-13 19:00:00+10:00,0.0,0.0,1269.254058,299.33625,0.0,0.0,0.0,1224.024167,62.3125
2025-10-13 20:00:00+10:00,0.0,0.0,1194.535458,333.834825,0.0,0.0,0.0,1170.1275,50.670833
2025-10-13 21:00:00+10:00,0.0,0.0,1114.59805,323.551192,0.0,0.0,0.0,1108.5275,27.6125
2025-10-13 22:00:00+10:00,0.0,0.0,994.650383,371.437433,0.0,0.0,0.0,1016.070833,21.481667
2025-10-13 23:00:00+10:00,0.0,0.0,928.819358,344.56275,0.0,0.0,0.0,990.903333,21.93
2025-10-14 00:00:00+10:00,0.0,0.0,864.639975,385.903708,0.0,0.0,0.0,953.285833,5.18
2025-10-14 01:00:00+10:00,0.0,0.0,714.927225,460.898542,0.0,0.437675,0.0,951.875833,2.505833
2025-10-14 02:00:00+10:00,0.0,0.0,622.601375,491.39,0.0,0.079058,0.0,949.035,3.0175
2025-10-14 03:00:00+10:00,0.0,0.0,605.165433,506.250625,0.0,0.016667,0.0,951.921667,2.203333
2025-10-14 04:00:00+10:00,0.0,0.0,766.325008,510.793292,0.0,0.133333,0.0,1004.489167,11.748333
2025-10-14 05:00:00+10:00,0.0,0.0,907.438442,514.904825,0.003,0.441667,0.0,1093.523333,29.025
2025-10-14 06:00:00+10:00,0.0,0.0,1064.891358,478.30605,6.2865,1.425,0.0,1189.6375,38.286667
2025-10-14 07:00:00+10:00,0.0,0.0,1008.1776,442.375292,39.0275,2.175,0.0,1191.245,2.674167
2025-10-14 08:00:00+10:00,0.0,0.0,754.009017,463.217725,79.403,0.283333,0.0,1074.0275,4.608333
2025-10-14 09:00:00+10:00,0.0,0.0,680.7916,431.494325,144.9135,0.591667,0.0,968.475833,4.650833
2025-10-14 10:00:00+10:00,0.0,0.0,626.126933,419.405425,180.7825,0.008333,0.0,897.95,3.8475
2025-10-14 11:00:00+10:00,0.0,0.0,577.993667,430.337183,192.838,0.3,0.0,859.621667,0.351667
2025-10-14 12:00:00+10:00,0.0,0.0,545.622392,425.98745,211.278,3.249,0.0,830.305833,-0.755
2025-10-14 13:00:00+10:00,0.0,0.0,498.032133,465.595625,203.228,1.457867,0.0,826.374167,2.391667
2025-10-14 14:00:00+10:00,0.0,0.0,530.661633,444.318392,187.184,0.925,0.0,828.429167,3.450833
2025-10-14 15:00:00+10:00,0.0,0.0,558.951942,452.846942,159.6555,1.475,0.0,861.161667,4.776667
2025-10-14 16:00:00+10:00,0.0,0.0,630.381,475.322325,116.0565,1.751383,0.0,947.965,5.2575
2025-10-14 17:00:00+10:00,0.0,0.0,831.041583,499.292675,51.1995,2.875,0.0,1052.806667,34.745833
2025-10-14 18:00:00+10:00,0.0,0.0,931.877075,509.087858,10.668,3.291667,0.0,1112.029167,26.761667
2025-10-14 19:00:00+10:00,0.0,0.0,882.447508,513.884383,0.0,4.683333,0.0,1084.125,37.296667
2025-10-14 20:00:00+10:00,0.0,0.0,858.994033,516.876417,0.0,4.180258,0.0,1068.286667,41.6525
2025-10-14 21:00:00+10:00,0.0,0.0,813.752067,510.910475,0.0,3.058333,0.0,991.126667,34.991667
2025-10-14 22:00:00+10:00,0.0,0.0,732.703142,490.598133,0.0,2.166667,0.0,921.910833,57.094167
2025-10-14 23:00:00+10:00,0.0,0.0,721.958925,478.8839,0.0,2.333333,0.0,886.775,57.793333
2025-10-15 00:00:00+10:00,0.0,0.0,768.450342,491.2985,0.0,2.95,0.0,873.5675,73.3025
2025-10-15 01:00:00+10:00,0.0,0.0,757.341708,485.841742,0.0,2.916667,0.0,866.461667,70.008333
2025-10-15 02:00:00+10:00,0.0,0.0,765.25905,485.425625,0.0,2.791667,0.0,872.901667,63.2875
2025-10-15 03:00:00+10:00,0.0,0.0,785.218983,479.570983,0.0,2.725,0.0,882.445,46.8
2025-10-15 04:00:00+10:00,0.0,0.0,836.451217,448.343333,0.0,2.55,0.0,940.9675,95.708333
2025-10-15 05:00:00+10:00,0.0,0.0,1001.513508,422.333192,0.0145,1.083333,0.0,1058.929167,126.2675
2025-10-15 06:00:00+10:00,0.0,0.0,1084.350042,357.539825,12.0805,2.866667,0.0,1233.054167,112.613333
2025-10-15 07:00:00+10:00,0.0,0.0,910.708067,346.2586,47.2015,0.541667,0.0,1195.798333,-0.390833
2025-10-15 08:00:00+10:00,0.0,0.0,789.5334,340.8952,97.3035,0.0,0.0,1114.5425,1.153333
2025-10-15 09:00:00+10:00,0.0,0.0,735.088583,329.000325,154.878,1.35965,0.0,1051.739167,4.533333
2025-10-15 10:00:00+10:00,0.0,0.0,686.477375,313.845383,189.76,0.002358,0.0,992.6825,7.055
2025-10-15 11:00:00+10:00,0.0,0.0,637.977617,307.816533,211.3055,0.0,0.0,939.929167,5.08
2025-10-15 12:00:00+10:00,0.0,0.0,616.7508,300.929675,218.469,0.0,0.0,906.229167,5.32
2025-10-15 13:00:00+10:00,0.0,0.0,649.774925,279.060642,214.4705,0.0,0.0,913.636667,5.2475
2025-10-15 14:00:00+10:00,0.0,0.0,709.923933,267.242525,198.7615,0.0,0.0,959.4825,18.030833
2025-10-15 15:00:00+10:00,0.0,0.0,774.018517,270.815675,147.143,0.0,0.0,1021.033333,5.025833
2025-10-15 16:00:00+10:00,0.0,0.0,952.678675,259.614308,94.2725,0.0,0.0,1064.4075,20.190833
2025-10-15 17:00:00+10:00,0.0,0.0,1123.452467,218.549242,45.938,0.0,0.0,1123.098333,119.843333
2025-10-15 18:00:00+10:00,0.0,0.0,1227.04795,179.804975,8.447,0.0,0.0,1168.066667,122.129167
2025-10-15 19:00:00+10:00,0.0,0.0,1262.25875,131.49475,0.0,0.0,0.0,1172.23,95.705
2025-10-15 20:00:00+10:00,0.0,0.0,1254.793967,121.848242,0.0,0.0,0.0,1140.228333,80.505
2025-10-15 21:00:00+10:00,0.0,0.0,1206.857392,147.196508,0.0,0.0,0.0,1094.725,24.028333
2025-10-15 22:00:00+10:00,0.0,0.0,1123.8267,165.317542,0.0,0.0,0.0,1026.220833,13.0225
2025-10-15 23:00:00+10:00,0.0,0.0,1068.591883,173.204992,0.0,0.0,0.0,981.091667,3.608333
2025-10-16 00:00:00+10:00,0.0,0.0,974.232283,213.582017,0.0,0.0,0.0,934.298333,1.153333
2025-10-16 01:00:00+10:00,0.0,0.0,806.957708,283.687225,0.0,7.659,0.0,946.951667,-0.950833
2025-10-16 02:00:00+10:00,0.0,0.0,747.943283,303.91035,0.0,45.954,0.0,950.4525,-0.886667
2025-10-16 03:00:00+10:00,0.0,0.0,765.295433,303.33465,0.0,55.127667,0.0,957.7425,-0.319167
2025-10-16 04:00:00+10:00,0.0,0.0,795.469142,317.409533,0.0,16.250667,0.0,993.3,4.365
2025-10-16 05:00:00+10:00,0.0,0.0,901.987958,316.513575,0.0185,0.0,0.0,1089.926667,11.9125
2025-10-16 06:00:00+10:00,0.0,0.0,986.065308,338.75085,6.2265,0.0,0.0,1127.8925,14.13
2025-10-16 07:00:00+10:00,0.0,0.0,944.582908,308.158192,39.12,0.0,0.0,1080.055833,9.751667
2025-10-16 08:00:00+10:00,0.0,0.0,878.562658,279.570675,82.8385,0.0,0.0,988.770833,3.6175
2025-10-16 09:00:00+10:00,0.0,0.0,775.455125,267.956775,139.9085,0.0,0.0,890.548333,1.76
2025-10-16 10:00:00+10:00,0.0,0.0,754.468542,228.259275,182.009,0.0,0.0,833.175833,3.489167
2025-10-16 11:00:00+10:00,0.0,0.0,687.014892,251.878858,215.016,0.0,0.0,803.81,4.3325
2025-10-16 12:00:00+10:00,0.0,0.0,774.737858,188.738758,199.0415,0.0,0.0,861.28,12.148333
2025-10-16 13:00:00+10:00,0.0,0.0,778.191267,239.5383,154.284,0.0,0.0,877.853333,0.8975
2025-10-16 14:00:00+10:00,0.0,0.0,720.7976,368.548517,90.788,11.158558,0.0,925.5525,-5.89
2025-10-16 15:00:00+10:00,0.0,0.0,753.845342,352.277658,56.2495,21.9892,0.0,931.431667,-1.759167
2025-10-16 16:00:00+10:00,0.0,0.0,900.215275,263.36945,41.4835,55.878325,0.0,1033.901667,14.828333
2025-10-16 17:00:00+10:00,0.0,0.0,983.712892,379.110633,23.6545,7.582683,0.0,1073.555,22.1875
2025-10-16 18:00:00+10:00,0.0,0.0,1062.191025,321.645267,6.701,0.0,0.0,1072.29,61.021667
2025-10-16 19:00:00+10:00,0.0,0.0,1107.315633,300.142767,0.0,0.0,0.0,1037.803333,61.764167
2025-10-16 20:00:00+10:00,0.0,0.0,1079.542775,286.832317,0.0,0.0,0.0,1005.610833,73.669167
2025-10-16 21:00:00+10:00,0.0,0.0,967.50705,297.066142,0.0,0.047742,0.0,941.806667,46.266667
2025-10-16 22:00:00+10:00,0.0,0.0,897.5468,349.968558,0.0,0.0,0.0,882.1425,28.033333
2025-10-16 23:00:00+10:00,0.0,0.0,850.045,345.852733,0.0,0.0,0.0,857.945833,65.415833
2025-10-17 00:00:00+10:00,0.0,0.0,830.967475,405.426325,0.0,0.0,0.0,847.278333,8.765
2025-10-17 01:00:00+10:00,0.0,0.0,785.405858,425.324767,0.0,0.0,0.0,828.668333,0.306667
2025-10-17 02:00:00+10:00,0.0,0.0,723.261033,434.436717,0.0,0.0,0.0,826.905833,0.121667
2025-10-17 03:00:00+10:00,0.0,0.0,726.424008,435.517458,0.0,0.0,0.0,839.139167,0.126667
2025-10-17 04:00:00+10:00,0.0,0.0,789.151742,418.510625,0.0,0.0,0.0,911.675,5.039167
2025-10-17 05:00:00+10:00,0.0,0.0,856.952083,468.639467,0.055,0.056092,0.0,1010.7875,6.918333
2025-10-17 06:00:00+10:00,0.0,0.0,955.28825,497.902675,10.5875,0.0,0.0,1105.5975,11.9
2025-10-17 07:00:00+10:00,0.0,0.0,853.693892,483.550833,49.7425,0.714925,0.0,1076.994167,6.271667
2025-10-17 08:00:00+10:00,0.0,0.0,674.064583,495.088117,90.808,0.0,0.0,989.56,2.691667
2025-10-17 09:00:00+10:00,0.0,0.0,633.947825,477.390367,140.146,0.0,0.0,945.1175,3.720833
2025-10-17 10:00:00+10:00,0.0,0.0,581.958942,450.422658,203.6965,0.0,0.0,916.2025,3.669167
2025-10-17 11:00:00+10:00,0.0,0.0,515.847975,440.544167,224.861,0.0,0.0,846.9225,0.16
2025-10-17 12:00:00+10:00,0.0,0.0,546.862325,373.820733,239.02,0.210883,0.0,839.946667,2.368333
2025-10-17 13:00:00+10:00,0.0,0.0,561.879617,359.923325,235.5195,0.015767,0.0,845.378333,4.285
2025-10-17 14:00:00+10:00,0.0,0.0,581.090425,347.251708,211.6275,3.505633,0.0,867.925,0.0775
2025-10-17 15:00:00+10:00,0.0,0.0,627.050167,344.676592,173.1625,0.0,0.0,929.645,4.966667
2025-10-17 16:00:00+10:00,0.0,0.0,745.426508,340.948067,118.7605,0.0,0.0,994.988333,8.413333
2025-10-17 17:00:00+10:00,0.0,0.0,942.410792,357.947167,55.9335,0.0,0.0,1064.279167,16.926667
2025-10-17 18:00:00+10:00,0.0,0.0,1126.2452,429.525008,10.4775,0.0,0.0,1069.621667,40.296667
2025-10-17 19:00:00+10:00,0.0,0.0,1095.966983,437.140475,0.0,0.0,0.0,1103.505833,43.779167
2025-10-17 20:00:00+10:00,0.0,0.0,1084.006783,459.130583,0.0,0.0,0.0,1077.986667,49.671667
2025-10-17 21:00:00+10:00,0.0,0.0,1062.253183,445.509475,0.0,0.0,0.0,1076.6275,47.386667
2025-10-17 22:00:00+10:00,0.0,0.0,1009.813358,485.641858,0.0,0.0,0.0,993.556667,39.080833
2025-10-17 23:00:00+10:00,0.0,0.0,907.732633,508.14885,0.0,0.0,0.0,938.58,48.463333
2025-10-18 00:00:00+10:00,0.0,0.0,874.210742,498.693442,0.0,0.0,0.0,920.766667,37.019167
2025-10-18 01:00:00+10:00,0.0,0.0,890.47865,494.2763,0.0,0.0,0.0,910.988333,17.031667
2025-10-18 02:00:00+10:00,0.0,0.0,843.276558,484.71955,0.0,0.0,0.0,888.915,10.760833
2025-10-18 03:00:00+10:00,0.0,0.0,875.688017,480.803608,0.0,0.0,0.0,915.526667,16.943333
2025-10-18 04:00:00+10:00,0.0,0.0,799.388825,486.852408,0.0,0.0,0.0,913.810833,11.935
2025-10-18 05:00:00+10:00,0.0,0.0,836.373683,435.210917,0.119,0.0,0.0,987.21,15.701667
2025-10-18 06:00:00+10:00,0.0,0.0,883.052233,437.178958,13.4115,0.0,0.0,1062.075833,6.751667
2025-10-18 07:00:00+10:00,0.0,0.0,828.223325,364.197217,50.424,0.0,0.0,1102.26,12.749167
2025-10-18 08:00:00+10:00,0.0,0.0,887.730792,278.378167,89.4995,0.0,0.0,1071.44,24.8575
2025-10-18 09:00:00+10:00,0.0,0.0,820.41905,282.477725,138.6695,0.0,0.0,1024.941667,4.484167
2025-10-18 10:00:00+10:00,0.0,0.0,820.442817,237.266658,163.9155,0.0,0.0,994.565,8.265833
2025-10-18 11:00:00+10:00,0.0,0.0,777.4408,216.831792,195.9735,0.0,0.0,952.335,5.134167
2025-10-18 12:00:00+10:00,0.0,0.0,771.728258,189.940508,198.1125,0.0,0.0,922.360833,3.743333
2025-10-18 13:00:00+10:00,0.0,0.0,768.227533,153.027467,191.4475,0.0,0.0,902.6,4.378333
2025-10-18 14:00:00+10:00,0.0,0.0,759.94775,152.448583,186.006,0.0,0.0,915.874167,4.331667
2025-10-18 15:00:00+10:00,0.0,0.0,865.386067,126.629817,161.3355,0.0,0.0,970.441667,7.100833
2025-10-18 16:00:00+10:00,0.0,0.0,973.354925,113.7044,114.242,0.0,0.0,1056.459167,48.225833
2025-10-18 17:00:00+10:00,0.0,0.0,1250.062192,89.039658,52.9535,0.0,0.0,1120.859167,48.7725
2025-10-18 18:00:00+10:00,0.0,0.0,1345.830758,98.729492,9.281,0.0,0.0,1165.31,54.331667
2025-10-18 19:00:00+10:00,0.0,0.0,1345.6292,101.63505,0.0,0.0,0.0,1170.625,32.0275
2025-10-18 20:00:00+10:00,0.0,0.0,1227.247283,158.3436,0.0,0.0,0.0,1134.655833,11.665833
2025-10-18 21:00:00+10:00,0.0,0.0,1077.984242,238.661742,0.0,0.0,0.0,1060.753333,3.305
2025-10-18 22:00:00+10:00,0.0,0.0,875.154342,274.406542,0.0,0.0,0.0,1017.239167,4.1275
2025-10-18 23:00:00+10:00,0.0,0.0,779.6514,302.34595,0.0,0.0,0.0,997.240833,4.128333
2025-10-19 00:00:00+10:00,0.0,0.0,735.6635,323.211708,0.0,0.0,0.0,965.141667,4.0775
2025-10-19 01:00:00+10:00,0.0,0.0,701.144033,350.200533,0.0,0.0,0.0,946.223333,3.8475
2025-10-19 02:00:00+10:00,0.0,0.0,718.183,337.909933,0.0,0.0,0.0,947.2125,6.946667
2025-10-19 03:00:00+10:00,0.0,0.0,735.526358,323.699058,0.0,0.0,0.0,956.185,5.2875
2025-10-19 04:00:00+10:00,0.0,0.0,752.600525,327.15715,0.0,0.0,0.0,960.5625,5.885
2025-10-19 05:00:00+10:00,0.0,0.0,742.555442,359.91255,0.088,0.0,0.0,959.424167,0.13
2025-10-19 06:00:00+10:00,0.0,0.0,776.214492,327.479283,12.493,0.370275,0.0,953.7625,6.628333
2025-10-19 07:00:00+10:00,0.0,0.0,761.325892,356.761183,41.721,0.0,0.0,935.416667,4.310833
2025-10-19 08:00:00+10:00,0.0,0.0,677.523642,399.417583,71.932,0.0,0.0,909.213333,3.104167
2025-10-19 09:00:00+10:00,0.0,0.0,619.037067,469.576,104.184,0.0,0.0,938.74,2.095833
2025-10-19 10:00:00+10:00,0.0,0.0,643.737767,462.30635,107.431,0.0,0.0,946.083333,6.78
2025-10-19 11:00:00+10:00,0.0,0.0,574.77565,491.969367,107.199,0.080792,0.0,916.790833,-0.709167
2025-10-19 12:00:00+10:00,0.0,0.0,538.047092,499.961692,115.32,0.460992,0.0,889.105,0.723333
2025-10-19 13:00:00+10:00,0.0,0.0,616.451125,426.908392,113.9375,0.0,0.0,878.460833,4.698333
2025-10-19 14:00:00+10:00,0.0,0.0,641.398892,419.879217,126.56,0.0,0.0,888.9075,4.816667
2025-10-19 15:00:00+10:00,0.0,0.0,695.657,402.654083,108.1455,0.0,0.0,921.481667,5.929167
2025-10-19 16:00:00+10:00,0.0,0.0,893.109408,379.550067,75.1845,0.0,0.0,983.191667,31.565833
2025-10-19 17:00:00+10:00,0.0,0.0,1037.765425,379.174117,43.3115,0.0,0.0,1047.3,26.475
2025-10-19 18:00:00+10:00,0.0,0.0,1031.783642,454.923425,9.0075,0.0,0.0,1074.384167,42.055833
2025-10-19 19:00:00+10:00,0.0,0.0,1020.719308,463.438317,0.0,0.0,0.0,1101.800833,28.991667
2025-10-19 20:00:00+10:00,0.0,0.0,913.275083,485.110308,0.0,0.0,0.0,1043.663333,9.159167
2025-10-19 21:00:00+10:00,0.0,0.0,876.598017,499.240233,0.0,0.0,0.0,978.511667,12.638333
2025-10-19 22:00:00+10:00,0.0,0.0,855.922442,498.569525,0.0,0.0,0.0,924.903333,14.8375
2025-10-19 23:00:00+10:00,0.0,0.0,792.260542,492.141233,0.0,0.0,0.0,894.609167,21.919167
2025-10-20 00:00:00+10:00,0.0,0.0,745.044958,471.289133,0.0,0.0,0.0,895.1,24.308333
2025-10-20 01:00:00+10:00,0.0,0.0,751.387592,473.251175,0.0,0.0,0.0,902.475833,14.385
2025-10-20 02:00:00+10:00,0.0,0.0,759.165167,467.001767,0.0,0.0,0.0,912.901667,18.160833
2025-10-20 03:00:00+10:00,0.0,0.0,756.658608,480.256858,0.0,0.0,0.0,915.4075,24.641667
2025-10-20 04:00:00+10:00,0.0,0.0,748.199167,474.443117,0.0,0.0,0.0,955.149167,35.853333
2025-10-20 05:00:00+10:00,0.0,0.0,708.444908,490.210267,0.1715,0.0,0.0,1023.876667,-1.2725
2025-10-20 06:00:00+10:00,0.0,0.0,751.114233,495.453492,16.6655,0.0,0.0,1071.280833,1.626667
2025-10-20 07:00:00+10:00,0.0,0.0,663.919425,501.725117,58.944,0.249175,0.0,996.896667,-0.725833
2025-10-20 08:00:00+10:00,0.0,0.0,576.593975,490.8417,111.5995,1.049658,0.0,886.8825,-0.848333
2025-10-20 09:00:00+10:00,0.0,0.0,480.617992,502.140533,157.821,0.0,0.0,830.513333,0.32
2025-10-20 10:00:00+10:00,0.0,0.0,515.9382,458.290733,180.238,0.0,0.0,824.4725,5.313333
2025-10-20 11:00:00+10:00,0.0,0.0,463.125383,485.12755,182.219,1.439167,0.0,788.948333,6.441667
2025-10-20 12:00:00+10:00,0.0,0.0,432.634825,487.36,207.487,1.460608,0.0,776.404167,-1.9575
2025-10-20 13:00:00+10:00,0.0,0.0,498.298275,433.301042,196.099,0.0,0.0,773.8825,5.0575
2025-10-20 14:00:00+10:00,0.0,0.0,469.233083,460.128942,183.972,7.193692,0.0,746.1875,-10.788333
2025-10-20 15:00:00+10:00,0.0,0.0,491.907533,481.20715,151.201,0.0,0.0,823.5125,4.861667
2025-10-20 16:00:00+10:00,0.0,0.0,632.172467,436.543425,106.3565,0.0,0.0,903.511667,5.945833
2025-10-20 17:00:00+10:00,0.0,0.0,715.3508,445.346933,49.317,0.0,0.0,953.415,3.990833
2025-10-20 18:00:00+10:00,0.0,0.0,755.368742,437.064858,9.2205,0.0,0.0,981.978333,3.761667
2025-10-20 19:00:00+10:00,0.0,0.0,779.798808,422.5566,0.0075,0.0,0.0,983.538333,2.075833
2025-10-20 20:00:00+10:00,0.0,0.0,777.169433,390.9686,0.0,0.0,0.0,946.749167,3.46
2025-10-20 21:00:00+10:00,0.0,0.0,745.030775,359.298317,0.0,0.0,0.0,883.035833,2.230833
2025-10-20 22:00:00+10:00,0.0,0.0,710.7334,327.723975,0.0,0.0,0.0,845.451667,0.996667
2025-10-20 23:00:00+10:00,0.0,0.0,651.51945,373.267358,0.0,0.0,0.0,846.649167,-0.419167
2025-10-21 00:00:00+10:00,0.0,0.0,600.407275,429.731833,0.0,0.0,0.0,857.838333,-1.173333
2025-10-21 01:00:00+10:00,0.0,0.0,603.599158,462.169425,0.0,0.0,0.0,889.8275,-1.956667
2025-10-21 02:00:00+10:00,0.0,0.0,650.060967,428.686783,0.0,0.0,0.0,911.07,-0.84
2025-10-21 03:00:00+10:00,0.0,0.0,683.617992,416.317233,0.0,0.0,0.0,936.398333,-0.463333
2025-10-21 04:00:00+10:00,0.0,0.0,736.875958,413.925442,0.0,0.0,0.0,972.345,0.140833
2025-10-21 05:00:00+10:00,0.0,0.0,856.76705,379.098058,0.1995,0.218333,0.0,1074.325,1.243333
2025-10-21 06:00:00+10:00,0.0,0.0,954.297125,368.910017,18.2235,0.0,0.0,1143.965,0.228333
2025-10-21 07:00:00+10:00,0.0,0.0,906.475825,363.894733,64.6545,0.0,0.0,1119.388333,0.123333
2025-10-21 08:00:00+10:00,0.0,0.0,821.806517,331.164392,117.3325,0.0,0.0,1030.551667,0.101667
2025-10-21 09:00:00+10:00,0.0,0.0,774.550567,278.401325,166.5995,0.0,0.0,947.955833,0.110833
2025-10-21 10:00:00+10:00,0.0,0.0,687.951675,300.350692,196.7995,0.0,0.0,895.084167,-0.186667
2025-10-21 11:00:00+10:00,0.0,0.0,661.6995,318.936525,195.752,0.0,0.0,885.6475,0.101667
2025-10-21 12:00:00+10:00,0.0,0.0,653.818708,312.286217,201.315,0.0,0.0,870.483333,0.09
2025-10-21 13:00:00+10:00,0.0,0.0,671.402692,296.256733,196.9255,0.0,0.0,876.495833,0.095
2025-10-21 14:00:00+10:00,0.0,0.0,705.562717,284.551433,175.9955,0.0,0.0,900.201667,0.145
2025-10-21 15:00:00+10:00,0.0,0.0,782.478958,262.829775,133.0475,0.0,0.0,962.330833,1.468333
2025-10-21 16:00:00+10:00,0.0,0.0,892.405083,235.682058,79.858,0.0,0.0,1051.331667,0.585833
2025-10-21 17:00:00+10:00,0.0,0.0,983.185025,210.689292,41.8715,0.0,0.0,1108.7525,0.665833
2025-10-21 18:00:00+10:00,0.0,0.0,1064.138633,164.8326,12.385,0.0,0.0,1144.58,1.47
2025-10-21 19:00:00+10:00,0.0,0.0,1108.624917,134.806208,0.0345,0.0,0.0,1159.673333,1.919167
2025-10-21 20:00:00+10:00,0.0,0.0,1068.645117,143.038883,0.0,0.0,0.0,1125.831667,0.296667
2025-10-21 21:00:00+10:00,0.0,0.0,1014.083658,131.765267,0.0,0.0,0.0,1061.613333,0.176667
2025-10-21 22:00:00+10:00,0.0,0.0,974.905658,107.279717,0.0,0.0,0.0,1001.075833,0.178333
2025-10-21 23:00:00+10:00,0.0,0.0,986.736367,60.8182,0.0,0.0,0.0,967.381667,1.006667
2025-10-22 00:00:00+10:00,0.0,0.0,988.075133,39.734867,0.0,0.0,0.0,951.090833,0.855833
2025-10-22 01:00:00+10:00,0.0,0.0,959.9292,54.100067,0.0,0.0,0.0,933.899167,0.640833
2025-10-22 02:00:00+10:00,0.0,0.0,957.853933,62.987042,0.0,0.0,0.0,928.296667,0.600833
2025-10-22 03:00:00+10:00,0.0,0.0,976.740817,61.2095,0.0,0.0,0.0,926.768333,0.995833
2025-10-22 04:00:00+10:00,0.0,0.0,973.782158,104.82555,0.0,0.0,0.0,963.694167,1.1525
2025-10-22 05:00:00+10:00,0.0,0.0,1046.73835,134.472417,0.029,0.0,0.0,1041.7075,19.2125
2025-10-22 06:00:00+10:00,0.0,0.0,1173.096242,136.961325,3.093,0.0,0.0,1150.974167,58.415
2025-10-22 07:00:00+10:00,0.0,0.0,1219.622067,123.600467,9.1585,0.0,0.0,1170.425,3.29
2025-10-22 08:00:00+10:00,0.0,0.0,1203.997583,127.499167,9.782,0.0,0.0,1167.291667,23.005833
2025-10-22 09:00:00+10:00,0.0,0.0,1242.319692,95.988633,10.7615,0.0,0.0,1196.5175,53.375833
2025-10-22 10:00:00+10:00,0.0,0.0,1252.436108,69.658333,16.3325,0.0,0.0,1195.8325,25.975
2025-10-22 11:00:00+10:00,0.0,0.0,1202.3269,68.8925,29.7025,0.0,0.0,1168.921667,20.614167
2025-10-22 12:00:00+10:00,0.0,0.0,1194.879383,57.883,34.3635,0.0,0.0,1141.568333,89.753333
2025-10-22 13:00:00+10:00,0.0,0.0,1068.477175,184.710825,30.03,0.0,0.0,1079.5525,65.063333
2025-10-22 14:00:00+10:00,0.0,0.0,992.905925,311.935217,29.225,0.0,0.0,1109.1675,29.050833
2025-10-22 15:00:00+10:00,0.0,0.0,943.061975,392.8704,24.845,0.0,0.0,1136.1925,0.81
2025-10-22 16:00:00+10:00,0.0,0.0,963.302725,401.886233,23.4325,0.0,0.0,1180.115833,1.435
2025-10-22 17:00:00+10:00,0.0,0.0,938.751058,441.059425,14.1465,0.0,0.0,1196.01,0.803333
2025-10-22 18:00:00+10:00,0.0,0.0,941.532008,424.355283,6.4885,0.0,0.0,1163.449167,1.0275
2025-10-22 19:00:00+10:00,0.0,0.0,912.020433,432.612733,0.053,0.0,0.0,1139.509167,1.346667
2025-10-22 20:00:00+10:00,0.0,0.0,937.744875,365.321867,0.0,0.0,0.0,1097.831667,27.075
2025-10-22 21:00:00+10:00,0.0,0.0,865.433542,366.318717,0.0,0.0,0.0,1030.481667,0.161667
2025-10-22 22:00:00+10:00,0.0,0.0,748.058817,398.638883,0.0,0.0,0.0,950.8625,-0.090833
2025-10-22 23:00:00+10:00,0.0,0.0,670.185183,407.302208,0.0,0.0,0.0,888.71,-1.435
2025-10-23 00:00:00+10:00,0.0,0.0,663.609908,387.0094,0.0,1.208342,0.0,866.505833,-1.769167
2025-10-23 01:00:00+10:00,0.0,0.0,671.852483,380.015567,0.0,2.700117,0.0,880.1625,-1.828333
2025-10-23 02:00:00+10:00,0.0,0.0,659.482583,400.108375,0.0,1.092908,0.0,873.4375,-1.883333
2025-10-23 03:00:00+10:00,0.0,0.0,705.991833,365.494425,0.0,0.0,0.0,891.439167,-0.825
2025-10-23 04:00:00+10:00,0.0,0.0,736.380083,376.5513,0.0,0.7937,0.0,925.516667,-2.395
2025-10-23 05:00:00+10:00,0.0,0.0,865.548058,324.036317,0.2415,0.0124,0.0,1015.920833,0.4125
2025-10-23 06:00:00+10:00,0.0,0.0,972.021667,299.889783,17.667,0.0,0.0,1111.181667,16.943333
2025-10-23 07:00:00+10:00,0.0,0.0,951.504692,314.139375,57.627,0.0,0.0,1099.145833,4.234167
2025-10-23 08:00:00+10:00,0.0,0.0,846.765458,375.754958,111.7625,0.0,0.0,1056.2825,-1.231667
2025-10-23 09:00:00+10:00,0.0,0.0,818.834508,358.442683,139.303,0.0,0.0,1005.196667,-3.333333
2025-10-23 10:00:00+10:00,0.0,0.0,785.903258,334.1939,172.782,0.0,0.0,952.345,-0.119167
2025-10-23 11:00:00+10:00,0.0,0.0,706.296575,356.477675,199.0275,0.041575,0.0,905.148333,0.235833
2025-10-23 12:00:00+10:00,0.0,0.0,702.059667,322.805183,211.1485,0.326617,0.0,886.6975,0.35
2025-10-23 13:00:00+10:00,0.0,0.0,677.776858,332.215975,204.912,0.0,0.0,872.865833,-2.319167
2025-10-23 14:00:00+10:00,0.0,0.0,717.579425,301.550533,183.9635,0.086417,0.0,875.755,0.0875
2025-10-23 15:00:00+10:00,0.0,0.0,709.651033,347.42235,150.0625,0.0,0.0,897.944167,-1.125833
2025-10-23 16:00:00+10:00,0.0,0.0,817.943733,337.200925,100.877,0.0,0.0,1018.914167,9.624167
2025-10-23 17:00:00+10:00,0.0,0.0,878.199383,344.831025,57.0105,0.0,0.0,1077.274167,1.8225
2025-10-23 18:00:00+10:00,0.0,0.0,960.705692,314.847692,12.9395,0.0,0.0,1142.710833,14.244167
2025-10-23 19:00:00+10:00,0.0,0.0,968.704408,321.877175,0.064,0.0,0.0,1152.421667,3.664167
2025-10-23 20:00:00+10:00,0.0,0.0,901.156992,369.531342,0.0,0.0,0.0,1105.815833,0.686667
2025-10-23 21:00:00+10:00,0.0,0.0,777.029767,433.875125,0.0,0.0,0.0,1037.4325,-1.283333
2025-10-23 22:00:00+10:00,0.0,0.0,720.120425,424.66845,0.0,0.0,0.0,952.3475,-0.026667
2025-10-23 23:00:00+10:00,0.0,0.0,657.514367,443.0057,0.0,0.0,0.0,910.865,0.0775
2025-10-24 00:00:00+10:00,0.0,0.0,625.562667,455.371525,0.0,1.119725,0.0,884.496667,-1.748333
2025-10-24 01:00:00+10:00,0.0,0.0,663.163025,409.345208,0.0,1.615242,0.0,881.36,0.3025
2025-10-24 02:00:00+10:00,0.0,0.0,669.575492,410.390558,0.0,0.0,0.0,892.8325,0.805833
2025-10-24 03:00:00+10:00,0.0,0.0,716.640442,381.534233,0.0,0.148217,0.0,909.054167,1.8325
2025-10-24 04:00:00+10:00,0.0,0.0,775.113175,361.364258,0.0,0.0,0.0,945.058333,4.3675
2025-10-24 05:00:00+10:00,0.0,0.0,914.65435,315.3024,0.2195,0.0,0.0,1041.626667,9.534167
2025-10-24 06:00:00+10:00,0.0,0.0,1025.608275,258.075558,16.618,0.0,0.0,1116.0775,9.410833
2025-10-24 07:00:00+10:00,0.0,0.0,972.576542,250.55985,71.987,0.0,0.0,1067.441667,6.634167
2025-10-24 08:00:00+10:00,0.0,0.0,854.304517,295.153492,128.7215,0.0,0.0,996.638333,4.423333
2025-10-24 09:00:00+10:00,0.0,0.0,754.071608,304.21005,173.909,0.356983,0.0,903.4,4.883333
2025-10-24 10:00:00+10:00,0.0,0.0,651.813258,321.621542,212.6775,1.928825,0.0,823.979167,2.165833
2025-10-24 11:00:00+10:00,0.0,0.0,645.015425,287.969125,227.5515,0.0,0.0,790.129167,3.576667
2025-10-24 12:00:00+10:00,0.0,0.0,587.854925,308.432467,238.8315,1.956158,0.0,749.950833,-6.2775
2025-10-24 13:00:00+10:00,0.0,0.0,573.674283,299.524917,234.1985,2.008808,0.0,732.9625,1.125
2025-10-24 14:00:00+10:00,0.0,0.0,573.755217,308.500758,211.4295,6.423942,0.0,741.23,-7.706667
2025-10-24 15:00:00+10:00,0.0,0.0,562.588517,350.65575,180.7205,2.76855,0.0,776.1,-9.859167
2025-10-24 16:00:00+10:00,0.0,0.0,634.842108,353.203925,141.0425,0.0,0.0,852.600833,7.03
2025-10-24 17:00:00+10:00,0.0,0.0,723.909225,345.340775,68.5965,0.0,0.0,935.338333,11.570833
2025-10-24 18:00:00+10:00,0.0,0.0,803.162592,322.849767,14.087,0.0,0.0,976.788333,11.215
2025-10-24 19:00:00+10:00,0.0,0.0,1052.554983,313.140167,0.086,0.0,0.0,1047.296667,23.510833
2025-10-24 20:00:00+10:00,0.0,0.0,1031.1118,312.266208,0.0,0.0,0.0,1033.361667,49.275833
2025-10-24 21:00:00+10:00,0.0,0.0,1037.667025,324.33055,0.0,0.0,0.0,990.6125,45.798333
2025-10-24 22:00:00+10:00,0.0,0.0,972.063483,325.70965,0.0,0.0,0.0,931.945,44.614167
2025-10-24 23:00:00+10:00,0.0,0.0,930.494575,346.587675,0.0,0.0,0.0,896.561667,42.7725
2025-10-25 00:00:00+10:00,0.0,0.0,913.771258,337.189308,0.0,0.0,0.0,896.486667,41.4525
2025-10-25 01:00:00+10:00,0.0,0.0,907.020875,355.497992,0.0,0.0,0.0,917.931667,80.021667
2025-10-25 02:00:00+10:00,0.0,0.0,937.579542,375.082958,0.0,0.0,0.0,930.068333,85.573333
2025-10-25 03:00:00+10:00,0.0,0.0,975.796525,338.4226,0.0,0.0,0.0,943.8425,75.363333
2025-10-25 04:00:00+10:00,0.0,0.0,1051.51685,302.500192,0.0,0.0,0.0,1001.110833,22.654167
2025-10-25 05:00:00+10:00,0.0,0.0,1092.28605,291.283592,0.445,0.0,0.0,1019.356667,27.493333
2025-10-25 06:00:00+10:00,0.0,0.0,1084.55775,222.184733,23.4345,0.0,0.0,1018.671667,10.97
2025-10-25 07:00:00+10:00,0.0,0.0,1037.12795,173.028617,80.6315,0.0,0.0,1004.244167,7.961667
2025-10-25 08:00:00+10:00,0.0,0.0,902.926692,159.310833,143.63,0.0,0.0,928.276667,4.216667
2025-10-25 09:00:00+10:00,0.0,0.0,858.785242,204.046908,178.834,0.0,0.0,928.795,3.344167
2025-10-25 10:00:00+10:00,0.0,0.0,837.914492,197.865,183.5435,0.0,0.0,891.4125,3.0625
2025-10-25 11:00:00+10:00,0.0,0.0,844.403292,204.558542,191.607,0.0,0.0,862.993333,6.1025
2025-10-25 12:00:00+10:00,0.0,0.0,770.938225,231.115458,192.764,0.0,0.0,848.151667,2.631667
2025-10-25 13:00:00+10:00,0.0,0.0,795.351517,245.271208,188.148,0.0,0.0,837.753333,4.725833
2025-10-25 14:00:00+10:00,0.0,0.0,828.168258,239.8558,176.7695,0.0,0.0,846.749167,5.610833
2025-10-25 15:00:00+10:00,0.0,0.0,900.515967,235.406267,149.4685,0.0,0.0,911.659167,23.4025
2025-10-25 16:00:00+10:00,0.0,0.0,994.006783,227.93795,108.1515,0.0,0.0,988.0575,46.0775
2025-10-25 17:00:00+10:00,0.0,0.0,1099.181508,215.974308,51.869,0.0,0.0,1083.350833,49.759167
2025-10-25 18:00:00+10:00,0.0,0.0,1171.760233,187.0285,13.646,0.0,0.0,1121.936667,57.363333
2025-10-25 19:00:00+10:00,0.0,0.0,1173.274008,143.597467,0.112,0.0,0.0,1125.2575,82.360833
2025-10-25 20:00:00+10:00,0.0,0.0,1200.261983,133.04445,0.0,0.0,0.0,1109.0175,72.993333
2025-10-25 21:00:00+10:00,0.0,0.0,1179.382425,121.207283,0.0,0.0,0.0,1069.33,70.7425
2025-10-25 22:00:00+10:00,0.0,0.0,1190.489292,78.462558,0.0,0.0,0.0,1033.331667,34.75
2025-10-25 23:00:00+10:00,0.0,0.0,1157.222617,89.652933,0.0,0.0,0.0,986.313333,35.720833
2025-10-26 00:00:00+10:00,0.0,0.0,1105.301508,85.845583,0.0,0.0,0.0,968.294167,33.3725
2025-10-26 01:00:00+10:00,0.0,0.0,1050.964325,78.470625,0.0,0.0,0.0,959.296667,5.0075
2025-10-26 02:00:00+10:00,0.0,0.0,1044.066517,68.422958,0.0,0.0,0.0,958.730833,4.964167
2025-10-26 03:00:00+10:00,0.0,0.0,994.407592,84.923258,0.0,0.0,0.0,968.806667,4.0525
2025-10-26 04:00:00+10:00,0.0,0.0,996.130575,98.452175,0.0,0.0,0.0,995.74,5.776667
2025-10-26 05:00:00+10:00,0.0,0.0,1074.29375,59.988142,0.4905,0.0,0.0,1043.6225,31.46
2025-10-26 06:00:00+10:00,0.0,0.0,1098.120192,51.631567,23.56,0.0,0.0,1060.359167,30.349167
2025-10-26 07:00:00+10:00,0.0,0.0,1082.659075,53.478558,74.147,0.0,0.0,1042.391667,5.411667
2025-10-26 08:00:00+10:00,0.0,0.0,1067.155158,48.47485,124.7655,0.0,0.0,1019.934167,5.413333
2025-10-26 09:00:00+10:00,0.0,0.0,1039.028883,48.653683,160.182,0.0,0.0,961.509167,5.013333
2025-10-26 10:00:00+10:00,0.0,0.0,925.248817,63.07335,192.1005,0.0,0.0,873.6575,0.550833
2025-10-26 11:00:00+10:00,0.0,0.0,969.1458,66.1376,222.549,0.0,0.0,813.9375,12.9275
2025-10-26 12:00:00+10:00,0.0,0.0,814.434067,78.188525,239.765,0.0,0.0,774.451667,-2.665833
2025-10-26 13:00:00+10:00,0.0,0.0,814.109117,115.234917,185.1245,0.0,0.0,804.575,0.996667
2025-10-26 14:00:00+10:00,0.0,0.0,816.913858,137.541425,133.086,0.0,0.0,831.018333,0.829167
2025-10-26 15:00:00+10:00,0.0,0.0,942.32045,120.447175,79.933,0.0,0.0,946.215833,5.330833
2025-10-26 16:00:00+10:00,0.0,0.0,998.475367,177.9017,62.3755,0.0,0.0,1025.991667,16.784167
2025-10-26 17:00:00+10:00,0.0,0.0,1037.665808,222.281592,40.602,0.0,0.0,1069.145833,19.575
2025-10-26 18:00:00+10:00,0.0,0.0,1070.27305,262.854458,11.371,0.0,0.0,1087.055,17.475
2025-10-26 19:00:00+10:00,0.0,0.0,1022.111008,280.988525,0.134,0.0,0.0,1078.7125,2.710833
2025-10-26 20:00:00+10:00,0.0,0.0,966.896975,338.143592,0.0,0.0,0.0,1046.824167,2.5225
2025-10-26 21:00:00+10:00,0.0,0.0,933.139508,317.005017,0.0,0.0,0.0,985.838333,1.899167
2025-10-26 22:00:00+10:00,0.0,0.0,829.942925,326.758175,0.0,0.0,0.0,910.858333,1.498333
2025-10-26 23:00:00+10:00,0.0,0.0,740.964533,367.912792,0.0,0.0,0.0,878.945,0.218333
2025-10-27 00:00:00+10:00,0.0,0.0,736.571383,329.08115,0.0,0.0,0.0,883.719167,1.15
2025-10-27 01:00:00+10:00,0.0,0.0,773.912308,295.412,0.0,0.0,0.0,888.655833,3.429167
2025-10-27 02:00:00+10:00,0.0,0.0,805.157275,274.223542,0.0,0.0,0.0,930.844167,14.924167
2025-10-27 03:00:00+10:00,0.0,0.0,878.5697,226.909792,0.0,0.0,0.0,965.2625,4.6125
2025-10-27 04:00:00+10:00,0.0,0.0,941.517542,233.448275,0.0,0.0,0.0,1027.923333,34.350833
2025-10-27 05:00:00+10:00,0.0,0.0,1046.107742,248.395117,0.396,0.0,0.0,1158.6825,81.605
2025-10-27 06:00:00+10:00,0.0,0.0,1094.463583,246.474167,18.9385,0.0,0.0,1256.326667,76.173333
2025-10-27 07:00:00+10:00,0.0,0.0,968.241375,247.8215,62.923,0.0,0.0,1230.521667,90.289167
2025-10-27 08:00:00+10:00,0.0,0.0,886.635067,273.068933,112.3535,0.0,0.0,1128.94,62.383333
2025-10-27 09:00:00+10:00,0.0,0.0,808.958583,307.567533,145.9485,0.0,0.0,1061.393333,49.684167
2025-10-27 10:00:00+10:00,0.0,0.0,700.461658,247.387792,187.613,0.0,0.0,1015.858333,61.955833
2025-10-27 11:00:00+10:00,0.0,0.0,666.25435,265.010192,207.4475,0.0,0.0,976.2275,62.6625
2025-10-27 12:00:00+10:00,0.0,0.0,667.388692,264.335692,205.134,0.0,0.0,938.126667,63.404167
2025-10-27 13:00:00+10:00,0.0,0.0,664.859058,249.8513,205.203,0.0,0.0,939.396667,66.4925
2025-10-27 14:00:00+10:00,0.0,0.0,670.859758,281.769325,198.983,0.0,0.0,937.401667,57.810833
2025-10-27 15:00:00+10:00,0.0,0.0,767.9207,287.62955,164.3505,0.0,0.0,979.393333,43.525
2025-10-27 16:00:00+10:00,0.0,26.560817,803.661742,285.259242,113.0655,0.0,0.0,1036.726667,47.795833
2025-10-27 17:00:00+10:00,0.0,39.55225,896.016808,245.007192,60.269,0.0,0.0,1079.654167,77.595833
2025-10-27 18:00:00+10:00,0.0,0.0,990.4762,209.148617,16.7705,0.0,0.0,1129.333333,94.361667
2025-10-27 19:00:00+10:00,0.0,0.0,983.266833,181.227533,0.2625,0.0,0.0,1167.8,122.768333
2025-10-27 20:00:00+10:00,0.0,0.0,989.925533,137.957008,0.0,0.0,0.0,1160.264167,100.783333
2025-10-27 21:00:00+10:00,0.0,0.0,948.539183,157.113367,0.0,0.0,0.0,1095.9125,80.146667
2025-10-27 22:00:00+10:00,0.0,0.0,881.628608,148.181758,0.0,0.0,0.0,1022.261667,112.215833
2025-10-27 23:00:00+10:00,0.0,0.0,867.002258,107.042817,0.0,0.0,0.0,969.218333,112.895
2025-10-28 00:00:00+10:00,0.0,0.0,921.432317,94.668383,0.0,0.0,0.0,943.444167,89.405
2025-10-28 01:00:00+10:00,0.0,0.0,957.356808,96.863033,0.0,0.0,0.0,950.353333,66.55
2025-10-28 02:00:00+10:00,0.0,0.0,937.809383,109.559675,0.0,0.0,0.0,934.149167,54.854167
2025-10-28 03:00:00+10:00,0.0,0.0,912.848208,113.75635,0.0,0.0,0.0,925.5175,58.796667
2025-10-28 04:00:00+10:00,0.0,0.0,987.908942,102.916158,0.0,0.0,0.0,989.854167,109.538333
2025-10-28 05:00:00+10:00,0.0,0.0,1102.860025,104.5714,0.6035,0.0,0.0,1109.6575,125.56
2025-10-28 06:00:00+10:00,0.0,12.138367,1184.019375,79.380475,24.808,0.0,0.0,1179.55,161.989167
2025-10-28 07:00:00+10:00,0.0,45.001167,1097.629358,39.822925,83.44,0.0,0.0,1125.6425,103.785833
2025-10-28 08:00:00+10:00,0.0,0.0,859.275667,30.360992,154.7295,0.0,0.0,1008.371667,54.1125
2025-10-28 09:00:00+10:00,0.0,0.0,744.641283,25.505258,209.9745,0.0,0.0,927.2425,49.645833
2025-10-28 10:00:00+10:00,0.0,0.0,693.194942,29.036925,245.252,0.0,0.0,866.016667,48.654167
2025-10-28 11:00:00+10:00,0.0,0.0,642.72715,56.3775,266.0865,0.0,0.0,831.115,48.040833
2025-10-28 12:00:00+10:00,0.0,0.0,637.479008,74.45,273.343,0.0,0.0,863.0725,44.1125
2025-10-28 13:00:00+10:00,0.0,0.0,648.0727,83.070958,266.6165,0.0,0.0,846.8725,24.2
2025-10-28 14:00:00+10:00,0.0,0.0,661.240383,98.278483,244.6525,0.0,0.0,849.445,37.6
2025-10-28 15:00:00+10:00,0.0,0.0,682.804558,98.963858,201.3175,0.0,0.0,900.955,40.009167
2025-10-28 16:00:00+10:00,0.0,0.0,748.798867,95.179067,139.7925,0.0,0.0,984.9525,26.700833
2025-10-28 17:00:00+10:00,0.0,0.0,969.156325,85.783042,66.9735,0.0,0.0,1076.3975,95.633333
2025-10-28 18:00:00+10:00,0.0,0.0,1196.424033,80.209717,16.7765,0.0,0.0,1131.640833,105.611667
2025-10-28 19:00:00+10:00,0.0,0.0,1256.732717,63.740517,0.3435,0.0,0.0,1180.2375,109.175833
2025-10-28 20:00:00+10:00,0.0,0.0,1252.1925,44.0326,0.0,0.0,0.0,1170.995,109.015
2025-10-28 21:00:00+10:00,0.0,0.0,1210.854208,30.869167,0.0,0.0,0.0,1107.335,107.599167
2025-10-28 22:00:00+10:00,0.0,0.0,1151.625892,34.6725,0.0,0.0,0.0,1021.605,102.129167
2025-10-28 23:00:00+10:00,0.0,0.0,1142.361825,29.3475,0.0,0.0,0.0,976.988333,108.526667
2025-10-29 00:00:00+10:00,0.0,0.0,1153.495083,23.301667,0.0,0.0,0.0,945.1775,104.900833
2025-10-29 01:00:00+10:00,0.0,0.0,1145.211842,21.867483,0.0,0.0,0.0,945.391667,108.035
2025-10-29 02:00:00+10:00,0.0,0.0,1130.454808,36.499125,0.0,0.0,0.0,985.6275,109.620833
2025-10-29 03:00:00+10:00,0.0,0.0,1191.8602,37.413008,0.0,0.0,0.0,1011.238333,113.145833
2025-10-29 04:00:00+10:00,0.0,2.577125,1254.687225,31.843217,0.0,0.0,0.0,1056.654167,90.883333
2025-10-29 05:00:00+10:00,0.0,53.100467,1378.782717,26.914933,0.555,0.0,0.0,1160.8075,134.3
2025-10-29 06:00:00+10:00,0.0,40.04065,1428.883375,16.282825,19.697,0.0,0.0,1233.685,142.635833
2025-10-29 07:00:00+10:00,0.0,0.0,1298.308033,4.916817,64.6455,0.0,0.0,1167.266667,100.164167
2025-10-29 08:00:00+10:00,0.0,0.0,1002.323825,5.92725,115.304,0.0,0.0,1039.840833,98.580833
2025-10-29 09:00:00+10:00,0.0,0.0,745.048742,9.665258,173.234,0.0,0.0,968.049167,60.239167
2025-10-29 10:00:00+10:00,0.0,0.0,654.242208,20.380425,233.795,0.0,0.0,906.354167,84.1825
2025-10-29 11:00:00+10:00,0.0,0.0,583.5592,29.501742,258.9095,0.0,0.0,869.751667,92.966667
2025-10-29 12:00:00+10:00,0.0,0.0,628.520142,42.571325,271.3895,0.0,0.0,842.248333,76.539167
2025-10-29 13:00:00+10:00,0.0,0.0,640.898083,49.8569,266.307,0.0,0.0,861.720833,72.205
2025-10-29 14:00:00+10:00,0.0,0.0,616.422592,57.243875,226.943,0.0,0.0,890.825,69.543333
2025-10-29 15:00:00+10:00,0.0,0.0,707.703242,63.467742,198.213,0.0,0.0,917.4625,90.970833
2025-10-29 16:00:00+10:00,0.0,0.0,914.28835,65.896317,138.873,0.0,0.0,998.355833,75.3325
2025-10-29 17:00:00+10:00,0.0,0.0,1164.329583,78.191475,70.2065,0.0,0.0,1104.623333,122.52
2025-10-29 18:00:00+10:00,0.0,0.0,1460.950817,78.320783,18.863,0.0,0.0,1175.2775,140.808333
2025-10-29 19:00:00+10:00,0.0,0.0,1391.412175,66.176675,0.404,0.0,0.0,1192.615833,129.1425
2025-10-29 20:00:00+10:00,0.0,0.0,1409.717658,54.572525,0.0,0.0,0.0,1173.025,132.613333
2025-10-29 21:00:00+10:00,0.0,0.0,1251.39145,47.855192,0.0,0.0,0.0,1113.350833,118.803333
2025-10-29 22:00:00+10:00,0.0,0.0,1237.4645,32.3467,0.0,0.0,0.0,1056.298333,125.465833
2025-10-29 23:00:00+10:00,0.0,0.0,1280.193325,29.854908,0.0,0.0,0.0,1015.274167,126.265
2025-10-30 00:00:00+10:00,0.0,0.0,1198.226883,19.807925,0.0,0.0,0.0,998.593333,118.235
2025-10-30 01:00:00+10:00,0.0,0.0,1187.551475,13.695833,0.0,0.0,0.0,994.4775,115.801667
2025-10-30 02:00:00+10:00,0.0,0.0,1142.124883,9.261067,0.0,0.0,0.0,1000.921667,115.21
2025-10-30 03:00:00+10:00,0.0,0.0,1176.312933,18.364358,0.0,0.0,0.0,1010.299167,119.285
2025-10-30 04:00:00+10:00,0.0,0.0,1199.57255,29.946283,0.0,0.0,0.0,1050.396667,127.1625
2025-10-30 05:00:00+10:00,0.0,0.0,1492.266092,25.5898,0.637,0.0,0.0,1157.880833,137.405
2025-10-30 06:00:00+10:00,0.0,0.0,1331.4027,14.0358,21.34,0.0,0.0,1221.091667,106.696667
2025-10-30 07:00:00+10:00,0.0,0.0,1155.156242,11.162075,67.8625,0.0,0.0,1164.485,61.293333
2025-10-30 08:00:00+10:00,0.0,0.0,798.330475,4.696667,121.6485,0.0,0.0,1034.98,63.97
2025-10-30 09:00:00+10:00,0.0,0.0,745.429683,7.080833,178.2195,0.0,0.0,935.509167,57.3275
2025-10-30 10:00:00+10:00,0.0,0.0,795.465742,13.14,238.087,0.0,0.0,850.704167,56.3275
2025-10-30 11:00:00+10:00,0.0,0.0,688.552683,19.427425,273.206,0.0,0.0,794.9925,51.533333
2025-10-30 12:00:00+10:00,0.0,0.0,684.285833,28.764908,281.117,0.0,0.0,763.85,59.889167
2025-10-30 13:00:00+10:00,0.0,0.0,682.864567,31.860775,274.348,0.0,0.0,754.478333,64.59
2025-10-30 14:00:00+10:00,0.0,0.0,705.534875,31.269175,251.548,0.0,0.0,774.875833,65.4625
2025-10-30 15:00:00+10:00,0.0,0.0,810.297058,32.970217,210.264,0.0,0.0,825.739167,71.814167
2025-10-30 16:00:00+10:00,0.0,0.0,922.451067,48.163267,147.654,0.0,0.0,907.738333,107.321667
2025-10-30 17:00:00+10:00,0.0,0.0,1155.277017,62.595,75.603,0.0,0.0,988.781667,163.424167
2025-10-30 18:00:00+10:00,0.0,0.0,1302.502408,80.298942,20.003,0.0,0.0,1034.62,157.696667
2025-10-30 19:00:00+10:00,0.0,0.0,1291.965275,92.194058,0.403,0.0,0.0,1022.585,132.56
2025-10-30 20:00:00+10:00,0.0,0.0,1170.488092,102.046325,0.0,0.0,0.0,991.051667,86.0525
2025-10-30 21:00:00+10:00,0.0,0.0,1094.791692,128.399833,0.0,0.0,0.0,928.4625,76.804167
2025-10-30 22:00:00+10:00,0.0,0.0,987.709125,144.276008,0.0,0.0,0.0,862.065,44.956667
2025-10-30 23:00:00+10:00,0.0,0.0,887.096817,183.842608,0.0,0.0,0.0,837.68,40.564167
2025-10-31 00:00:00+10:00,0.0,0.0,814.632417,222.145417,0.0,0.0,0.0,828.7125,39.463333
2025-10-31 01:00:00+10:00,0.0,0.0,732.422025,232.281908,0.0,0.0,0.0,808.499167,29.510833
2025-10-31 02:00:00+10:00,0.0,0.0,759.1348,222.177975,0.0,0.0,0.0,800.03,29.1375
2025-10-31 03:00:00+10:00,0.0,0.0,815.871942,253.603592,0.0,0.0,0.0,837.994167,40.870833
2025-10-31 04:00:00+10:00,0.0,0.0,895.4426,260.092133,0.0,0.0,0.0,908.63,92.8175
2025-10-31 05:00:00+10:00,0.0,0.0,1074.578575,253.9562,1.936,0.0,0.0,1013.860833,119.934167
2025-10-31 06:00:00+10:00,0.0,0.0,1096.185633,208.243358,27.528,0.0,0.0,1146.1725,88.755833
2025-10-31 07:00:00+10:00,0.0,0.0,986.347533,229.396883,69.2925,0.0,0.0,1086.245833,112.8225
2025-10-31 08:00:00+10:00,0.0,0.0,897.952458,245.99615,104.969,0.0,0.0,1009.799167,91.281667
2025-10-31 09:00:00+10:00,0.0,0.0,794.247008,257.511075,125.2295,0.0,0.0,963.245833,80.715
2025-10-31 10:00:00+10:00,0.0,0.0,835.536225,230.217333,126.8785,0.0,0.0,988.404167,48.588333
2025-10-31 11:00:00+10:00,0.0,0.0,830.535075,269.630917,128.369,0.0,0.0,920.265833,38.290833
2025-10-31 12:00:00+10:00,0.0,0.0,815.571983,216.966908,113.434,0.0,0.0,900.159167,80.169167
2025-10-31 13:00:00+10:00,0.0,0.0,840.136758,221.655708,88.681,0.0,0.0,893.264167,43.88
2025-10-31 14:00:00+10:00,0.0,0.0,922.325533,199.273275,63.1435,0.0,0.0,946.9775,83.3275
2025-10-31 15:00:00+10:00,0.0,0.0,1049.145508,151.086808,52.9555,0.0,0.0,993.456667,103.680833
2025-10-31 16:00:00+10:00,0.0,0.0,1212.778733,106.44605,42.9015,0.0,0.0,1062.254167,118.195
2025-10-31 17:00:00+10:00,0.0,0.0,1279.2277,51.055775,23.6375,0.0,0.0,1135.899167,114.669167
2025-10-31 18:00:00+10:00,0.0,0.0,1307.530075,31.894175,4.788,0.0,0.0,1149.763333,107.705833
2025-10-31 19:00:00+10:00,0.0,0.0,1218.632858,11.270725,0.162,0.0,0.0,1134.108333,84.765833
2025-10-31 20:00:00+10:00,0.0,0.0,1189.464108,9.909292,0.0,0.0,0.0,1109.46,82.424167
2025-10-31 21:00:00+10:00,0.0,0.0,1136.418408,10.396458,0.0,0.0,0.0,1075.019167,92.955
2025-10-31 22:00:00+10:00,0.0,0.0,1072.565567,10.124425,0.0,0.0,0.0,1018.225,107.753333
2025-10-31 23:00:00+10:00,0.0,0.0,1057.903992,18.03,0.0,0.0,0.0,981.509167,99.289167
2025-11-01 00:00:00+10:00,0.0,0.0,998.613858,27.054167,0.0,0.0,0.0,956.983333,91.166667
2025-11-01 01:00:00+10:00,0.0,0.0,986.706817,27.93985,0.0,0.0,0.0,948.550833,85.751667
2025-11-01 02:00:00+10:00,0.0,0.0,964.031517,35.170833,0.0,0.0,0.0,939.243333,81.99
2025-11-01 03:00:00+10:00,0.0,0.0,970.261583,36.195467,0.0,0.0,0.0,944.354167,104.668333
2025-11-01 04:00:00+10:00,0.0,0.0,986.558117,35.785408,0.0,0.0,0.0,950.699167,108.820833
2025-11-01 05:00:00+10:00,0.0,0.0,1024.213083,19.067733,0.9045,0.0,0.0,972.128333,109.856667
2025-11-01 06:00:00+10:00,0.0,0.0,1017.354542,6.28,24.9845,0.0,0.0,975.9675,94.009167
2025-11-01 07:00:00+10:00,0.0,0.0,1019.949292,6.786917,82.8495,0.0,0.0,967.135833,72.543333
2025-11-01 08:00:00+10:00,0.0,0.0,921.6613,0.823592,152.8355,0.0,0.0,909.184167,60.729167
2025-11-01 09:00:00+10:00,0.0,0.0,817.872217,2.149167,209.9255,0.0,0.0,863.253333,52.923333
2025-11-01 10:00:00+10:00,0.0,0.0,731.246042,10.103333,228.503,0.0,0.0,842.485833,46.709167
2025-11-01 11:00:00+10:00,0.0,0.0,718.112317,10.228592,244.78,0.0,0.0,816.3475,34.9925
2025-11-01 12:00:00+10:00,0.0,0.0,692.839833,15.617283,248.8925,0.0,0.0,793.135,19.738333
2025-11-01 13:00:00+10:00,0.0,0.0,506.281683,16.163075,230.6265,0.0,0.0,797.8925,12.038333
2025-11-01 14:00:00+10:00,0.0,0.0,612.58885,21.3316,222.3015,0.0,0.0,802.974167,19.081667
2025-11-01 15:00:00+10:00,0.0,0.0,767.944942,25.924258,201.1815,0.0,0.0,850.7125,41.818333
2025-11-01 16:00:00+10:00,0.0,0.0,866.640775,20.304217,143.191,0.0,0.0,932.961667,66.915
2025-11-01 17:00:00+10:00,0.0,0.0,1032.295667,25.448908,73.8765,0.0,0.0,1003.415833,97.69
2025-11-01 18:00:00+10:00,0.0,0.0,1079.526108,23.074775,20.85,0.0,0.0,1024.836667,97.49
2025-11-01 19:00:00+10:00,0.0,0.0,1105.013917,4.347192,0.571,0.0,0.0,1041.9325,110.180833
2025-11-01 20:00:00+10:00,0.0,0.0,1043.944842,2.799517,0.0,0.0,0.0,978.653333,81.789167
2025-11-01 21:00:00+10:00,0.0,0.0,1021.425108,18.294983,0.0,0.0,0.0,927.998333,64.794167
2025-11-01 22:00:00+10:00,0.0,0.0,989.417517,33.790442,0.0,0.0,0.0,879.8675,65.343333
2025-11-01 23:00:00+10:00,0.0,0.0,840.032125,91.296958,0.0,0.0,0.0,824.31,43.4175
2025-11-02 00:00:00+10:00,0.0,0.0,779.06455,157.401383,0.0,0.0,0.0,783.899167,34.614167
2025-11-02 01:00:00+10:00,0.0,0.0,691.524958,231.876242,0.0,0.0,0.0,769.773333,18.946667
2025-11-02 02:00:00+10:00,0.0,0.0,715.270358,264.993717,0.0,0.0,0.0,782.4125,25.776667
2025-11-02 03:00:00+10:00,0.0,0.0,746.204017,251.794333,0.0,0.0,0.0,788.919167,39.775
2025-11-02 04:00:00+10:00,0.0,0.0,718.79505,253.321983,0.0,0.0,0.0,794.454167,43.426667
2025-11-02 05:00:00+10:00,0.0,0.0,719.260275,267.400667,1.2285,0.0,0.0,807.755833,44.659167
2025-11-02 06:00:00+10:00,0.0,0.0,685.534275,298.497942,23.6445,0.0,0.0,810.600833,43.2925
2025-11-02 07:00:00+10:00,0.0,0.0,590.286558,290.474033,75.5595,0.0,0.0,792.768333,25.2175
2025-11-02 08:00:00+10:00,0.0,0.0,646.848758,295.187675,137.5915,0.0,0.0,765.981667,10.7575
2025-11-02 09:00:00+10:00,0.0,0.0,548.733967,300.843633,193.3715,0.0,0.0,710.564167,3.191667
2025-11-02 10:00:00+10:00,0.0,0.0,526.254717,299.362783,231.6195,0.0,0.0,664.8225,7.741667
2025-11-02 11:00:00+10:00,0.0,0.0,476.004458,310.730667,250.312,1.876767,0.0,609.469167,-3.516667
2025-11-02 12:00:00+10:00,0.0,0.0,458.194017,328.779958,251.749,0.0,0.0,612.569167,6.855833
2025-11-02 13:00:00+10:00,0.0,0.0,509.934808,319.02815,220.407,0.0,0.0,652.356667,11.875
2025-11-02 14:00:00+10:00,0.0,0.0,527.094867,339.309792,197.8525,0.0,0.0,689.25,10.836667
2025-11-02 15:00:00+10:00,0.0,0.0,535.977208,373.388458,169.982,0.0,0.0,733.536667,10.310833
2025-11-02 16:00:00+10:00,0.0,0.0,654.562883,349.389025,118.169,0.0,0.0,812.119167,19.333333
2025-11-02 17:00:00+10:00,0.0,0.0,826.90405,311.225617,62.499,0.0,0.0,899.394167,35.723333
2025-11-02 18:00:00+10:00,0.0,0.0,826.62405,267.035317,13.583,0.0,0.0,928.858333,43.326667
2025-11-02 19:00:00+10:00,0.0,0.0,839.838133,223.468083,0.283,0.0,0.0,920.995,53.845833
2025-11-02 20:00:00+10:00,0.0,0.0,828.465192,223.019567,0.0,0.0,0.0,925.7275,47.81
2025-11-02 21:00:00+10:00,0.0,0.0,822.585983,200.959275,0.0,0.0,0.0,915.573333,51.015
2025-11-02 22:00:00+10:00,0.0,0.0,801.111533,184.100675,0.0,0.0,0.0,894.511667,66.714167
2025-11-02 23:00:00+10:00,0.0,0.0,835.119492,93.701283,0.0,0.0,0.0,870.7025,109.94
2025-11-03 00:00:00+10:00,0.0,0.0,829.188908,88.3908,0.0,0.0,0.0,860.148333,90.450833
2025-11-03 01:00:00+10:00,0.0,0.0,880.84225,35.0057,0.0,0.0,0.0,861.3325,104.73
2025-11-03 02:00:00+10:00,0.0,0.0,928.933125,23.1275,0.0,0.0,0.0,859.6625,54.731667
2025-11-03 03:00:00+10:00,0.0,0.0,909.276333,18.202292,0.0,0.0,0.0,861.0575,62.700833
2025-11-03 04:00:00+10:00,0.0,0.0,937.088317,17.949383,0.0,0.0,0.0,894.6275,89.0775
2025-11-03 05:00:00+10:00,0.0,0.0,971.565283,24.243633,0.1125,0.0,0.0,931.591667,103.694167
2025-11-03 06:00:00+10:00,0.0,0.0,1026.174183,17.520583,2.447,0.0,0.0,983.473333,108.3475
2025-11-03 07:00:00+10:00,0.0,0.0,1006.890875,1.978033,9.6675,0.0,0.0,995.490833,112.4525
2025-11-03 08:00:00+10:00,0.0,0.0,889.385142,19.222558,22.583,0.0,0.0,963.183333,108.953333
2025-11-03 09:00:00+10:00,0.0,0.0,777.557708,36.121583,40.518,0.0,0.0,940.303333,86.144167
2025-11-03 10:00:00+10:00,0.0,0.0,788.820058,20.6713,51.358,0.0,0.0,928.641667,102.4825
2025-11-03 11:00:00+10:00,0.0,0.0,782.928792,24.749458,65.4375,0.0,0.0,923.646667,91.115
2025-11-03 12:00:00+10:00,0.0,0.0,848.445792,55.247942,40.393,0.0,0.0,950.9975,85.859167
2025-11-03 13:00:00+10:00,0.0,0.0,810.562925,135.5364,37.5975,0.0,0.0,963.829167,77.736667
2025-11-03 14:00:00+10:00,0.0,0.0,816.389867,154.742542,36.816,0.0,0.0,987.845833,68.21
2025-11-03 15:00:00+10:00,0.0,0.0,892.944325,172.289542,33.8195,0.0,0.0,995.103333,94.9375
2025-11-03 16:00:00+10:00,0.0,0.0,974.63235,149.616192,17.682,0.0,0.0,1042.7525,112.448333
2025-11-03 17:00:00+10:00,0.0,0.0,953.941542,153.18625,6.731,0.0,0.0,1056.815,79.831667
2025-11-03 18:00:00+10:00,0.0,0.0,967.039192,172.140042,2.1045,7.808175,0.0,1032.905833,98.1525
2025-11-03 19:00:00+10:00,0.0,0.0,966.685183,146.155608,0.097,0.0,0.0,1005.463333,69.305833
2025-11-03 20:00:00+10:00,0.0,0.0,1054.489042,118.122775,0.0,0.0,0.0,962.838333,111.345833
2025-11-03 21:00:00+10:00,0.0,0.0,1135.14935,122.042767,0.0,0.0,0.0,913.976667,91.58
2025-11-03 22:00:00+10:00,0.0,0.0,1002.054533,87.61245,0.0,0.0,0.0,892.678333,89.825
2025-11-03 23:00:00+10:00,0.0,0.0,981.560433,52.916975,0.0,0.0,0.0,900.538333,103.921667
2025-11-04 00:00:00+10:00,0.0,0.0,920.25025,41.313933,0.0,0.0,0.0,880.065833,107.541667
2025-11-04 01:00:00+10:00,0.0,0.0,883.376275,37.366692,0.0,0.0,0.0,850.738333,105.77
2025-11-04 02:00:00+10:00,0.0,0.0,838.499142,56.797742,0.0,0.0,0.0,823.905,100.956667
2025-11-04 03:00:00+10:00,0.0,0.0,825.668433,65.688208,0.0,0.0,0.0,825.231667,102.931667
2025-11-04 04:00:00+10:00,0.0,0.0,874.646008,65.7041,0.0,0.0,0.0,880.9375,105.571667
2025-11-04 05:00:00+10:00,0.0,0.0,1100.383067,73.314183,0.471,0.0,0.0,973.248333,133.633333
2025-11-04 06:00:00+10:00,0.0,0.0,1111.435233,79.960858,18.394,0.0,0.0,1017.590833,115.214167
2025-11-04 07:00:00+10:00,0.0,0.0,886.680692,81.8111,55.82,0.0,0.0,976.3075,56.4225
2025-11-04 08:00:00+10:00,0.0,0.0,835.298683,57.34745,102.5355,0.0,0.0,908.584167,50.8475
2025-11-04 09:00:00+10:00,0.0,0.0,702.3091,67.693333,147.2615,0.0,0.0,872.049167,56.383333
2025-11-04 10:00:00+10:00,0.0,0.0,627.631075,79.574167,181.613,0.0,0.0,820.1525,51.814167
2025-11-04 11:00:00+10:00,0.0,0.0,594.28585,116.593333,216.9065,0.0,0.0,760.258333,42.129167
2025-11-04 12:00:00+10:00,0.0,0.0,536.729658,158.751667,242.4455,0.0,0.0,708.9,35.37
2025-11-04 13:00:00+10:00,0.0,0.0,526.921575,190.4207,257.42,0.0,0.0,681.723333,33.690833
2025-11-04 14:00:00+10:00,0.0,0.0,493.943492,247.109842,206.6025,0.0,0.0,698.336667,42.484167
2025-11-04 15:00:00+10:00,0.0,0.0,504.367225,240.266583,139.6505,0.0,0.0,770.3625,48.5675
2025-11-04 16:00:00+10:00,0.0,0.0,566.588092,285.064575,88.1075,0.0,0.0,866.616667,53.400833
2025-11-04 17:00:00+10:00,0.0,0.0,650.465717,307.415183,42.4135,0.0,0.0,925.113333,55.090833
2025-11-04 18:00:00+10:00,0.0,0.0,674.780258,280.659725,15.738,0.0,0.0,951.118333,53.730833
2025-11-04 19:00:00+10:00,0.0,0.0,690.007542,315.037633,0.5365,4.9444,0.0,942.924167,59.554167
2025-11-04 20:00:00+10:00,0.0,0.0,652.376742,342.376767,0.0,0.0,0.0,883.159167,53.484167
2025-11-04 21:00:00+10:00,0.0,0.0,611.806358,329.884042,0.0,0.0,0.0,811.001667,39.935
2025-11-04 22:00:00+10:00,0.0,0.0,549.538408,326.619925,0.0,0.0,0.0,736.608333,33.128333
2025-11-04 23:00:00+10:00,0.0,0.0,527.911808,314.1472,0.0,0.0,0.0,698.336667,37.685
2025-11-05 00:00:00+10:00,0.0,0.0,451.8532,390.702567,0.0,0.0,0.0,716.845,35.989167
2025-11-05 01:00:00+10:00,0.0,0.0,459.0038,417.672967,0.0,0.0,0.0,723.518333,31.693333
2025-11-05 02:00:00+10:00,0.0,0.0,425.329542,488.985183,0.0,0.0,0.0,741.8075,6.023333
2025-11-05 03:00:00+10:00,0.0,0.0,436.809008,500.384908,0.0,0.0,0.0,763.048333,14.286667
2025-11-05 04:00:00+10:00,0.0,0.0,474.112717,512.966908,0.0,0.554042,0.0,808.73,9.631667
2025-11-05 05:00:00+10:00,0.0,0.0,616.184775,505.716767,1.675,2.032967,0.0,902.485833,40.198333
2025-11-05 06:00:00+10:00,0.0,0.0,645.620658,501.470075,28.432,2.706883,0.0,969.203333,45.923333
2025-11-05 07:00:00+10:00,0.0,0.0,585.114733,493.800033,82.27,1.860558,0.0,912.521667,36.085833
2025-11-05 08:00:00+10:00,0.0,0.0,535.664742,473.005067,98.5445,4.342258,0.0,858.31,27.46
2025-11-05 09:00:00+10:00,0.0,0.0,498.493292,493.656667,134.9175,8.027058,0.0,809.978333,-1.151667
2025-11-05 10:00:00+10:00,0.0,0.0,440.044892,446.072658,176.915,39.46165,0.0,762.4725,13.985833
2025-11-05 11:00:00+10:00,0.0,0.0,320.8022,482.9502,180.491,19.47595,0.0,769.714167,31.168333
2025-11-05 12:00:00+10:00,0.0,0.0,329.103842,485.584767,174.9245,6.342208,0.0,733.705833,1.230833
2025-11-05 13:00:00+10:00,0.0,0.0,316.118767,443.001008,199.994,27.930392,0.0,667.451667,-13.770833
2025-11-05 14:00:00+10:00,0.0,0.0,313.516925,442.3567,200.5995,21.048617,0.0,690.835833,12.926667
2025-11-05 15:00:00+10:00,0.0,0.0,385.197367,480.309883,166.9055,4.707808,0.0,743.04,12.910833
2025-11-05 16:00:00+10:00,0.0,0.0,516.739375,488.951967,127.7795,0.866108,0.0,824.269167,21.205833
2025-11-05 17:00:00+10:00,0.0,0.0,573.047275,471.518275,65.8545,7.954283,0.0,891.2725,56.101667
2025-11-05 18:00:00+10:00,0.0,0.0,803.517292,470.633867,23.739,0.060775,0.0,947.806667,78.8325
2025-11-05 19:00:00+10:00,0.0,0.0,818.985133,488.624583,1.052,0.0,0.0,954.766667,75.0475
2025-11-05 20:00:00+10:00,0.0,0.0,802.909733,483.559808,0.0,0.0,0.0,924.27,70.025833
2025-11-05 21:00:00+10:00,0.0,0.0,742.5744,482.057333,0.0,0.0,0.0,859.879167,77.1475
2025-11-05 22:00:00+10:00,0.0,0.0,677.975742,452.663683,0.0,0.0,0.0,824.7925,65.236667
2025-11-05 23:00:00+10:00,0.0,0.0,718.8108,442.739783,0.0,0.0,0.0,794.371667,61.368333
2025-11-06 00:00:00+10:00,0.0,0.0,782.426158,433.877642,0.0,0.0,0.0,784.13,75.615
2025-11-06 01:00:00+10:00,0.0,0.0,712.510717,411.527467,0.0,0.0,0.0,810.361667,86.801667
2025-11-06 02:00:00+10:00,0.0,0.0,738.580375,368.530033,0.0,0.0,0.0,852.905,69.653333
2025-11-06 03:00:00+10:00,0.0,0.0,809.086992,335.206158,0.0,0.237317,0.0,890.228333,73.995833
2025-11-06 04:00:00+10:00,0.0,0.0,899.6421,303.1861,0.0,1.360875,0.0,947.684167,77.5275
2025-11-06 05:00:00+10:00,0.0,0.0,981.971542,297.793325,2.808,0.0,0.0,1035.6325,97.435
2025-11-06 06:00:00+10:00,0.0,0.0,906.362058,298.783725,33.88,0.0,0.0,1043.529167,45.868333
2025-11-06 07:00:00+10:00,0.0,0.0,853.950842,293.607642,75.0255,0.0,0.0,997.575833,47.7575
2025-11-06 08:00:00+10:00,0.0,0.0,752.683067,360.216233,89.156,0.0,0.0,965.45,15.53
2025-11-06 09:00:00+10:00,0.0,0.0,683.468267,353.431092,132.5635,0.0,0.0,920.475,20.958333
2025-11-06 10:00:00+10:00,0.0,0.0,650.793133,327.962858,161.6685,0.453358,0.0,878.125,29.269167
2025-11-06 11:00:00+10:00,0.0,0.0,633.304183,338.245925,187.8665,0.120492,0.0,862.325833,21.656667
2025-11-06 12:00:00+10:00,0.0,0.0,621.989733,357.46755,182.1085,0.0,0.0,837.979167,11.245833
2025-11-06 13:00:00+10:00,0.0,0.0,604.278875,370.917433,164.3685,0.0,0.0,848.159167,10.453333
2025-11-06 14:00:00+10:00,0.0,0.0,615.000625,384.141383,145.3125,0.0,0.0,883.215,24.141667
2025-11-06 15:00:00+10:00,0.0,0.0,663.892717,357.641275,90.8545,0.0,0.0,960.3925,33.508333
2025-11-06 16:00:00+10:00,0.0,0.0,793.214792,354.113983,63.16,0.0,0.0,1024.870833,53.974167
2025-11-06 17:00:00+10:00,0.0,0.0,931.559717,333.59185,44.059,0.280675,0.0,1073.535833,62.015
2025-11-06 18:00:00+10:00,0.0,0.0,1035.205183,280.040467,16.0955,0.0,0.0,1100.1525,70.629167
2025-11-06 19:00:00+10:00,0.0,0.0,1139.384792,194.884692,1.332,0.0,0.0,1127.375833,92.2525
2025-11-06 20:00:00+10:00,0.0,0.0,1196.366733,125.721942,0.0,0.0,0.0,1085.690833,103.559167
2025-11-06 21:00:00+10:00,0.0,0.0,1123.867533,101.642358,0.0,0.0,0.0,1031.51,85.245
2025-11-06 22:00:00+10:00,0.0,0.0,999.9218,84.231883,0.0,0.0,0.0,918.269167,62.825
2025-11-06 23:00:00+10:00,0.0,0.0,983.428625,64.836308,0.0,0.0,0.0,870.825833,54.398333
2025-11-07 00:00:00+10:00,0.0,0.0,897.497933,72.260558,0.0,0.0,0.0,845.349167,78.301667
2025-11-07 01:00:00+10:00,0.0,0.0,867.313117,66.956092,0.0,0.0,0.0,809.1075,65.0425
2025-11-07 02:00:00+10:00,0.0,0.0,882.940833,40.214008,0.0,0.0,0.0,797.725833,55.389167
2025-11-07 03:00:00+10:00,0.0,0.0,895.938633,22.819958,0.0,0.0,0.0,819.639167,56.415
2025-11-07 04:00:00+10:00,0.0,0.0,974.374217,15.084042,0.0,0.0,0.0,894.818333,62.214167
2025-11-07 05:00:00+10:00,0.0,0.0,1046.586692,7.404117,0.719,0.0,0.0,980.699167,81.048333
2025-11-07 06:00:00+10:00,0.0,0.0,1134.269767,11.965167,8.35,0.0,0.0,1078.8225,84.901667
2025-11-07 07:00:00+10:00,0.0,0.0,1088.014075,8.361975,25.346,0.0,0.0,1090.848333,69.469167
2025-11-07 08:00:00+10:00,0.0,0.0,1026.334567,15.7525,43.9425,0.0,0.0,1083.524167,59.5375
2025-11-07 09:00:00+10:00,0.0,0.0,988.569892,24.273333,52.705,0.0,0.0,1062.203333,53.903333
2025-11-07 10:00:00+10:00,0.0,0.0,1024.115942,28.646667,55.3175,0.0,0.0,1040.8925,59.24
2025-11-07 11:00:00+10:00,0.0,0.0,1015.576417,73.27,63.411,0.0,0.0,1038.560833,52.95
2025-11-07 12:00:00+10:00,0.0,0.0,1015.067817,86.244542,66.8875,0.0,0.0,1057.794167,40.1625
2025-11-07 13:00:00+10:00,0.0,0.0,1034.59795,93.598875,56.8655,0.0,0.0,1072.014167,47.675
2025-11-07 14:00:00+10:00,0.0,0.0,1022.988283,111.079992,58.685,0.0,0.0,1090.375833,65.735
2025-11-07 15:00:00+10:00,0.0,0.0,1050.683617,172.669525,37.371,0.0,0.0,1087.565833,92.366667
2025-11-07 16:00:00+10:00,0.0,0.0,1095.163183,178.282967,23.703,0.0,0.0,1137.835833,92.614167
2025-11-07 17:00:00+10:00,0.0,0.0,1056.744625,187.201958,11.9555,0.0,0.0,1179.225833,69.8325
2025-11-07 18:00:00+10:00,0.0,0.0,1054.45935,181.862692,3.522,0.0,0.0,1182.105,71.503333
2025-11-07 19:00:00+10:00,0.0,0.0,1032.075767,265.840875,0.139,0.0,0.0,1159.760833,68.945
2025-11-07 20:00:00+10:00,0.0,0.0,973.335942,309.550883,0.0,0.0,0.0,1121.958333,38.475833
2025-11-07 21:00:00+10:00,0.0,0.0,872.619458,348.685433,0.0,0.0,0.0,1045.963333,38.34
2025-11-07 22:00:00+10:00,0.0,0.0,773.973467,382.662383,0.0,0.0,0.0,987.521667,37.873333
2025-11-07 23:00:00+10:00,0.0,0.0,758.154108,347.471925,0.0,0.0,0.0,932.87,46.9625
2025-11-08 00:00:00+10:00,0.0,0.0,756.80455,326.9201,0.0,0.0,0.0,923.164167,39.930833
2025-11-08 01:00:00+10:00,0.0,0.0,741.8991,329.648767,0.0,0.0,0.0,912.9325,37.996667
2025-11-08 02:00:00+10:00,0.0,0.0,729.482308,344.2111,0.0,0.0,0.0,903.146667,31.863333
2025-11-08 03:00:00+10:00,0.0,0.0,745.173767,328.646042,0.0,0.0,0.0,911.836667,40.703333
2025-11-08 04:00:00+10:00,0.0,0.0,772.202225,322.8427,0.0,0.0,0.0,946.410833,25.750833
2025-11-08 05:00:00+10:00,0.0,0.0,822.864967,314.331317,1.1395,0.0,0.0,990.3075,24.936667
2025-11-08 06:00:00+10:00,0.0,0.0,840.097125,327.871783,21.675,0.0,0.0,1012.2775,26.09
2025-11-08 07:00:00+10:00,0.0,0.0,845.3904,334.175017,66.021,0.0,0.0,1018.918333,26.831667
2025-11-08 08:00:00+10:00,0.0,0.0,800.627133,360.683817,112.5555,0.0,0.0,995.134167,23.605
2025-11-08 09:00:00+10:00,0.0,0.0,766.958758,356.261308,139.4015,0.0,0.0,945.035833,22.1025
2025-11-08 10:00:00+10:00,0.0,0.0,653.533475,336.229558,171.616,0.0,0.0,818.431667,3.464167
2025-11-08 11:00:00+10:00,0.0,0.0,637.846892,360.071192,198.4335,0.0,0.0,810.846667,1.051667
2025-11-08 12:00:00+10:00,0.0,0.0,578.964208,368.303875,207.082,0.0,0.0,759.31,0.029167
2025-11-08 13:00:00+10:00,0.0,0.0,577.656933,357.410717,212.503,0.0,0.0,754.0225,0.0875
2025-11-08 14:00:00+10:00,0.0,0.0,605.462483,336.8234,207.8735,0.0,0.0,761.213333,0.7325
2025-11-08 15:00:00+10:00,0.0,0.0,616.790392,320.026292,178.8985,1.568767,0.0,792.944167,-0.681667
2025-11-08 16:00:00+10:00,0.0,0.0,763.362542,308.540292,118.5915,0.0,0.0,879.115833,8.34
2025-11-08 17:00:00+10:00,0.0,0.0,869.473317,270.132808,66.5685,0.0,0.0,944.228333,10.0375
2025-11-08 18:00:00+10:00,0.0,0.0,968.2123,225.606517,25.619,0.0,0.0,986.24,26.679167
2025-11-08 19:00:00+10:00,0.0,0.0,1032.614733,165.397867,1.6635,0.0,0.0,1031.395,36.145
2025-11-08 20:00:00+10:00,0.0,0.0,1084.878608,110.1616,0.0,0.0,0.0,1042.719167,96.990833
2025-11-08 21:00:00+10:00,0.0,0.0,1038.386883,110.774967,0.0,0.0,0.0,986.153333,42.799167
2025-11-08 22:00:00+10:00,0.0,0.0,943.92225,153.793508,0.0,0.0,0.0,917.9975,5.714167
2025-11-08 23:00:00+10:00,0.0,0.0,938.286575,186.464358,0.0,0.0,0.0,881.496667,10.3775
2025-11-09 00:00:00+10:00,0.0,0.0,929.611042,192.55215,0.0,0.0,0.0,868.36,7.195833
2025-11-09 01:00:00+10:00,0.0,0.0,900.93305,161.323075,0.0,0.0,0.0,897.946667,6.905
2025-11-09 02:00:00+10:00,0.0,0.0,916.595392,129.818267,0.0,0.0,0.0,897.678333,6.97
2025-11-09 03:00:00+10:00,0.0,0.0,941.024783,114.028333,0.0,0.0,0.0,914.634167,5.5825
2025-11-09 04:00:00+10:00,0.0,0.0,922.432025,151.794667,0.0,0.0,0.0,929.086667,14.853333
2025-11-09 05:00:00+10:00,0.0,0.0,1004.204883,118.888875,3.3545,0.0,0.0,980.334167,45.216667
2025-11-09 06:00:00+10:00,0.0,0.0,1017.246783,69.945517,34.31,0.0,0.0,987.7575,45.2925
2025-11-09 07:00:00+10:00,0.0,0.0,995.846808,95.0549,81.802,0.0,0.0,973.086667,26.776667
2025-11-09 08:00:00+10:00,0.0,0.0,933.397142,116.891167,149.5935,0.0,0.0,912.025,17.765
2025-11-09 09:00:00+10:00,0.0,0.0,859.28555,154.833767,198.86,0.0,0.0,857.741667,15.7225
2025-11-09 10:00:00+10:00,0.0,0.0,801.266175,183.465233,188.171,0.0,0.0,829.680833,11.556667
2025-11-09 11:00:00+10:00,0.0,0.0,723.664308,224.309983,194.989,0.0,0.0,790.431667,1.210833
2025-11-09 12:00:00+10:00,0.0,0.0,671.618725,256.6836,179.6865,0.0,0.0,777.253333,0.085833
2025-11-09 13:00:00+10:00,0.0,0.0,623.167517,293.115175,180.325,0.0,0.0,769.848333,-0.298333
2025-11-09 14:00:00+10:00,0.0,0.0,565.602333,355.636275,185.021,0.0,0.0,781.075,-0.228333
2025-11-09 15:00:00+10:00,0.0,0.0,611.091758,345.630708,178.545,0.0,0.0,820.078333,0.076667
2025-11-09 16:00:00+10:00,0.0,0.0,661.966725,383.562067,132.6425,0.0,0.0,895.66,0.2375
2025-11-09 17:00:00+10:00,0.0,0.0,759.492217,384.383267,75.359,0.0,0.0,988.181667,31.856667
2025-11-09 18:00:00+10:00,0.0,0.0,905.944108,406.9375,24.26,0.0,0.0,1038.856667,49.435
2025-11-09 19:00:00+10:00,0.0,0.0,915.355342,387.295892,1.877,0.0,0.0,1069.739167,38.333333
2025-11-09 20:00:00+10:00,0.0,0.0,938.441592,409.043792,0.0,0.0,0.0,1060.994167,50.423333
2025-11-09 21:00:00+10:00,0.0,0.0,908.427133,403.065592,0.0,0.0,0.0,998.195,23.234167
2025-11-09 22:00:00+10:00,0.0,0.0,854.274242,398.601408,0.0,0.0,0.0,953.39,47.591667
2025-11-09 23:00:00+10:00,0.0,0.0,831.27065,396.849225,0.0,0.0,0.0,909.004167,71.654167
2025-11-10 00:00:00+10:00,0.0,0.0,803.696017,403.231758,0.0,0.0,0.0,890.99,69.216667
2025-11-10 01:00:00+10:00,0.0,0.0,767.636725,443.894167,0.0,0.0,0.0,863.8275,77.783333
2025-11-10 02:00:00+10:00,0.0,0.0,783.610458,423.4477,0.0,0.0,0.0,889.045,78.686667
2025-11-10 03:00:00+10:00,0.0,0.0,733.884483,454.683017,0.0,0.0,0.0,893.823333,77.925833
2025-11-10 04:00:00+10:00,0.0,0.0,818.447683,445.486892,0.0,0.0,0.0,919.1725,94.1875
2025-11-10 05:00:00+10:00,0.0,0.0,938.903167,440.647617,2.7815,0.0,0.0,982.938333,92.354167
2025-11-10 06:00:00+10:00,0.0,0.0,924.239625,362.127983,31.051,2.837967,0.0,1080.4275,61.086667
2025-11-10 07:00:00+10:00,0.0,0.0,890.833842,379.074725,76.008,0.0,0.0,1080.356667,14.794167
2025-11-10 08:00:00+10:00,0.0,0.0,751.406233,368.573708,126.065,0.0,0.0,991.396667,2.884167
2025-11-10 09:00:00+10:00,0.0,0.0,665.626733,355.285575,170.5825,0.0,0.0,890.673333,0.066667
2025-11-10 10:00:00+10:00,0.0,0.0,602.180517,359.006517,208.1485,0.0,0.0,837.869167,0.075833
2025-11-10 11:00:00+10:00,0.0,0.0,599.014017,362.607733,203.0185,0.0,0.0,832.6575,0.1075
2025-11-10 12:00:00+10:00,0.0,0.0,585.594883,345.600108,223.652,0.0,0.0,816.8875,0.210833
2025-11-10 13:00:00+10:00,0.0,0.0,557.389308,354.586525,223.7015,0.0,0.0,793.669167,0.175
2025-11-10 14:00:00+10:00,0.0,0.0,587.841742,349.337692,215.827,0.0,0.0,818.4975,5.899167
2025-11-10 15:00:00+10:00,0.0,0.0,667.938692,336.930975,176.561,0.0,0.0,869.54,17.304167
2025-11-10 16:00:00+10:00,0.0,0.0,826.91635,336.897875,134.864,0.0,0.0,941.501667,16.965833
2025-11-10 17:00:00+10:00,0.0,0.0,1056.790108,322.90905,74.7015,0.0,0.0,1057.7375,48.654167
2025-11-10 18:00:00+10:00,0.0,0.0,1093.529417,287.074325,26.227,0.0,0.0,1111.3275,74.4875
2025-11-10 19:00:00+10:00,0.0,0.0,1106.953767,251.135975,1.7485,0.0,0.0,1135.5,87.7575
2025-11-10 20:00:00+10:00,0.0,0.0,1106.857225,267.024358,0.0,0.0,0.0,1136.805833,80.435833
2025-11-10 21:00:00+10:00,0.0,0.0,1105.402567,233.676008,0.0,0.0,0.0,1071.268333,37.995833
2025-11-10 22:00:00+10:00,0.0,0.0,1108.411408,188.1493,0.0,0.0,0.0,1017.1825,61.481667
2025-11-10 23:00:00+10:00,0.0,0.0,1115.302808,183.946117,0.0,0.0,0.0,982.329167,100.350833
2025-11-11 00:00:00+10:00,0.0,0.0,1076.865975,199.920075,0.0,0.0,0.0,919.86,42.641667
2025-11-11 01:00:00+10:00,0.0,0.0,1064.640742,192.505692,0.0,0.0,0.0,927.375833,39.12
2025-11-11 02:00:00+10:00,0.0,0.0,1031.800392,223.009217,0.0,0.0,0.0,915.9375,19.683333
2025-11-11 03:00:00+10:00,0.0,0.0,1052.2614,226.810792,0.0,0.0,0.0,956.189167,23.606667
2025-11-11 04:00:00+10:00,0.0,0.0,1059.62995,245.324475,0.0,0.0,0.0,971.255833,24.931667
2025-11-11 05:00:00+10:00,0.0,0.0,1074.352458,235.065217,2.943,0.0,0.0,1050.599167,63.673333
2025-11-11 06:00:00+10:00,0.0,0.0,1159.193133,207.625183,22.05,0.0,0.0,1150.38,114.6
2025-11-11 07:00:00+10:00,0.0,0.0,1058.887217,196.5932,69.2835,0.0,0.0,1085.556667,62.048333
2025-11-11 08:00:00+10:00,0.0,0.0,885.740442,239.7217,113.998,0.0,0.0,1005.736667,44.731667
2025-11-11 09:00:00+10:00,0.0,0.0,804.470867,247.866358,173.5665,0.0,0.0,965.290833,41.799167
2025-11-11 10:00:00+10:00,0.0,0.0,772.076992,286.893083,174.744,0.0,0.0,950.900833,23.763333
2025-11-11 11:00:00+10:00,0.0,0.0,718.186658,315.1813,172.4095,0.0,0.0,929.929167,28.923333
2025-11-11 12:00:00+10:00,0.0,0.0,695.9094,313.59205,196.169,0.0,0.0,905.175833,33.841667
2025-11-11 13:00:00+10:00,0.0,0.0,650.556125,333.133633,168.567,0.109458,0.0,872.4175,22.866667
2025-11-11 14:00:00+10:00,0.0,0.0,687.307483,406.349925,175.0535,0.0,0.0,939.2675,11.375
2025-11-11 15:00:00+10:00,0.0,0.0,674.499833,412.290333,170.107,0.0,0.0,920.37,4.708333
2025-11-11 16:00:00+10:00,0.0,0.0,778.138842,399.054925,132.1665,0.0,0.0,1016.906667,20.231667
2025-11-11 17:00:00+10:00,0.0,0.0,818.565808,429.140458,81.508,0.0,0.0,1087.094167,14.613333
2025-11-11 18:00:00+10:00,0.0,0.0,1056.173575,376.350158,28.2025,0.0,0.0,1098.968333,46.01
2025-11-11 19:00:00+10:00,0.0,0.0,1064.713692,442.291725,1.956,0.0,0.0,1141.873333,28.046667
2025-11-11 20:00:00+10:00,0.0,0.0,1020.0745,465.910858,0.0,0.0,0.0,1114.535833,24.746667
2025-11-11 21:00:00+10:00,0.0,0.0,952.288067,460.656567,0.0,0.0,0.0,1028.745833,8.681667
2025-11-11 22:00:00+10:00,0.0,0.0,847.136208,508.398442,0.0,0.0,0.0,955.708333,13.576667
2025-11-11 23:00:00+10:00,0.0,0.0,651.125225,518.645283,0.0,4.209367,0.0,909.735,0.534167
2025-11-12 00:00:00+10:00,0.0,0.0,560.604092,527.9252,0.0,0.0,0.0,896.6325,-0.6675
2025-11-12 01:00:00+10:00,0.0,0.0,553.730833,524.170783,0.0,0.0,0.0,885.804167,0.12
2025-11-12 02:00:00+10:00,0.0,0.0,599.0965,478.150358,0.0,19.4082,0.0,875.921667,25.554167
2025-11-12 03:00:00+10:00,0.0,0.0,568.1212,523.184433,0.0,0.0,0.0,886.705833,-0.674167
2025-11-12 04:00:00+10:00,0.0,0.0,626.311475,525.600725,0.0,0.0,0.0,949.835833,5.365833
2025-11-12 05:00:00+10:00,0.0,0.0,726.681583,528.718883,3.0175,0.0,0.0,1061.974167,5.661667
2025-11-12 06:00:00+10:00,0.0,0.0,821.559892,528.755183,25.9595,0.0,0.0,1148.691667,8.650833
2025-11-12 07:00:00+10:00,0.0,0.0,789.96965,528.36465,57.9215,0.0,0.0,1120.04,14.17
2025-11-12 08:00:00+10:00,0.0,0.0,719.688858,523.240533,95.523,0.0,0.0,1034.0875,0.106667
2025-11-12 09:00:00+10:00,0.0,0.0,637.62885,519.19195,140.5225,0.0,0.0,952.855,-0.503333
2025-11-12 10:00:00+10:00,0.0,0.0,577.885975,521.805467,163.3795,0.0,0.0,901.748333,2.4025
2025-11-12 11:00:00+10:00,0.0,0.0,536.784367,527.043017,190.4345,0.0,0.0,866.3925,-0.001667
2025-11-12 12:00:00+10:00,0.0,0.0,528.137425,521.038858,186.6635,0.0,0.0,853.600833,0.915833
2025-11-12 13:00:00+10:00,0.0,0.0,523.381375,514.434392,180.6965,0.0,0.0,842.76,-0.030833
2025-11-12 14:00:00+10:00,0.0,0.0,520.4817,521.9914,181.809,0.0,0.0,847.585833,-0.351667
2025-11-12 15:00:00+10:00,0.0,0.0,552.518733,524.5071,144.5525,0.0,0.0,889.95,0.065
2025-11-12 16:00:00+10:00,0.0,0.0,648.751042,498.325133,107.4645,0.0,0.0,963.160833,0.915
2025-11-12 17:00:00+10:00,0.0,0.0,760.109067,488.450283,59.787,0.0,0.0,1029.8275,11.32
2025-11-12 18:00:00+10:00,0.0,0.0,1051.664333,454.734042,20.428,0.0,0.0,1086.381667,51.274167
2025-11-12 19:00:00+10:00,0.0,0.0,1094.251992,434.705183,1.0635,0.0,0.0,1088.020833,72.88
2025-11-12 20:00:00+10:00,0.0,0.0,1068.944767,501.333758,0.0,0.0,0.0,1052.696667,85.675833
2025-11-12 21:00:00+10:00,0.0,0.0,989.98355,515.675583,0.0,0.0,0.0,971.844167,70.119167
2025-11-12 22:00:00+10:00,0.0,0.0,918.806808,516.876617,0.0,0.0,0.0,922.334167,47.1325
2025-11-12 23:00:00+10:00,0.0,0.0,891.05735,487.827633,0.0,0.0,0.0,910.985,91.155833
2025-11-13 00:00:00+10:00,0.0,0.0,876.5612,514.013775,0.0,0.0,0.0,893.068333,41.7375
2025-11-13 01:00:00+10:00,0.0,0.0,603.148492,513.309833,0.0,0.061708,0.0,865.8075,-0.759167
2025-11-13 02:00:00+10:00,0.0,0.0,549.308333,515.28945,0.0,0.0,0.0,865.2825,0.065833
2025-11-13 03:00:00+10:00,0.0,0.0,566.548483,516.864167,0.0,0.0,0.0,883.425833,0.086667
2025-11-13 04:00:00+10:00,0.0,0.0,605.132017,520.934358,0.0,0.0,0.0,926.810833,7.453333
2025-11-13 05:00:00+10:00,0.0,0.0,711.580325,501.743942,3.959,0.0,0.0,1016.299167,12.109167
2025-11-13 06:00:00+10:00,0.0,0.0,748.461958,519.569983,35.6935,0.0,0.0,1068.91,8.121667
2025-11-13 07:00:00+10:00,0.0,0.0,689.9305,520.699917,88.473,0.0,0.0,1009.3275,4.063333
2025-11-13 08:00:00+10:00,0.0,0.0,650.130275,521.321192,131.6595,0.0,0.0,963.776667,0.184167
2025-11-13 09:00:00+10:00,0.0,0.0,687.873192,516.559875,118.8815,0.0,0.0,993.0225,6.398333
2025-11-13 10:00:00+10:00,0.0,0.0,700.212208,487.4531,120.9285,0.0,0.0,986.836667,6.314167
2025-11-13 11:00:00+10:00,0.0,0.0,712.527,450.370175,112.19,0.0,0.0,985.398333,11.483333
2025-11-13 12:00:00+10:00,0.0,0.0,695.354983,460.942225,134.091,0.0,0.0,951.419167,4.371667
2025-11-13 13:00:00+10:00,0.0,0.0,596.465758,489.204625,197.6485,0.0,0.0,885.283333,-0.064167
2025-11-13 14:00:00+10:00,0.0,0.0,588.229308,473.553283,193.506,0.0,0.0,869.266667,-0.339167
2025-11-13 15:00:00+10:00,0.0,0.0,605.346508,473.676642,189.576,0.0,0.0,894.348333,-0.303333
2025-11-13 16:00:00+10:00,0.0,0.0,671.428808,486.226325,146.327,0.0,0.0,974.7925,0.116667
2025-11-13 17:00:00+10:00,0.0,0.0,862.073,466.3406,85.0235,0.0,0.0,1071.303333,20.37
2025-11-13 18:00:00+10:00,0.0,0.0,1067.304908,456.926242,30.4705,0.0,0.0,1152.035,34.4425
2025-11-13 19:00:00+10:00,0.0,0.0,1155.771425,463.915483,2.431,0.0,0.0,1187.549167,46.643333
2025-11-13 20:00:00+10:00,0.0,0.0,1179.442533,444.064067,0.0,0.0,0.0,1175.498333,50.795833
2025-11-13 21:00:00+10:00,0.0,0.0,1078.64675,454.734925,0.0,0.0,0.0,1114.1575,51.4675
2025-11-13 22:00:00+10:00,0.0,0.0,1043.18325,414.681533,0.0,0.0,0.0,1032.964167,69.546667
2025-11-13 23:00:00+10:00,0.0,0.0,1057.6479,396.534758,0.0,0.0,0.0,987.999167,65.854167
2025-11-14 00:00:00+10:00,0.0,0.0,970.769275,420.98105,0.0,0.0,0.0,964.365,62.690833
2025-11-14 01:00:00+10:00,0.0,0.0,980.017933,338.274675,0.0,0.0,0.0,966.653333,58.269167
2025-11-14 02:00:00+10:00,0.0,0.0,1005.68555,364.205617,0.0,0.0,0.0,964.02,47.373333
2025-11-14 03:00:00+10:00,0.0,0.0,1061.884975,289.691742,0.0,0.0,0.0,972.735,59.195833
2025-11-14 04:00:00+10:00,0.0,0.0,1059.884483,231.708767,0.0,0.0,0.0,1052.206667,69.703333
2025-11-14 05:00:00+10:00,0.0,0.0,1078.801808,230.214483,4.8435,0.0,0.0,1115.074167,83.489167
2025-11-14 06:00:00+10:00,0.0,0.0,1134.623892,186.77815,37.9755,0.0,0.0,1185.969167,93.8325
2025-11-14 07:00:00+10:00,0.0,0.0,1114.737067,123.113392,87.2215,0.0,0.0,1134.85,59.674167
2025-11-14 08:00:00+10:00,0.0,0.0,1056.376842,90.786483,165.465,0.0,0.0,1019.7975,23.8925
2025-11-14 09:00:00+10:00,0.0,0.0,1011.17915,94.505433,185.011,0.0,0.0,980.0075,8.553333
2025-11-14 10:00:00+10:00,0.0,0.0,976.153617,79.359467,200.2505,0.0,0.0,934.785,6.0875
2025-11-14 11:00:00+10:00,0.0,0.0,931.322733,82.476175,210.5815,0.0,0.0,906.766667,8.3
2025-11-14 12:00:00+10:00,0.0,0.0,923.586583,84.826267,206.2965,0.0,0.0,885.115,9.7375
2025-11-14 13:00:00+10:00,0.0,0.0,923.262467,73.674367,213.6495,0.0,0.0,875.956667,12.516667
2025-11-14 14:00:00+10:00,0.0,0.0,959.696967,51.01275,195.933,0.0,0.0,891.291667,13.385833
2025-11-14 15:00:00+10:00,0.0,0.0,996.738175,38.54245,169.274,0.0,0.0,917.741667,20.605833
2025-11-14 16:00:00+10:00,0.0,0.0,1064.0971,32.747383,128.9505,0.0,0.0,981.205833,36.3625
2025-11-14 17:00:00+10:00,0.0,0.0,1131.348717,25.765558,66.5105,0.0,0.0,1039.115,76.844167
2025-11-14 18:00:00+10:00,0.0,0.0,1186.89875,26.4249,25.477,0.0,0.0,1087.981667,100.024167
2025-11-14 19:00:00+10:00,0.0,0.0,1225.3478,23.091225,2.3885,0.0,0.0,1120.9825,100.4625
2025-11-14 20:00:00+10:00,0.0,0.0,1224.328217,15.652767,0.0,0.0,0.0,1113.831667,100.3925
2025-11-14 21:00:00+10:00,0.0,0.0,1193.664567,11.099475,0.0,0.0,0.0,1079.859167,99.86
2025-11-14 22:00:00+10:00,0.0,0.0,1138.794225,9.008058,0.0,0.0,0.0,1021.285833,90.98
2025-11-14 23:00:00+10:00,0.0,0.0,1090.214567,11.085833,0.0,0.0,0.0,983.336667,81.819167
2025-11-15 00:00:00+10:00,0.0,0.0,1046.178633,47.664283,0.0,0.0,0.0,966.54,77.311667
2025-11-15 01:00:00+10:00,0.0,0.0,1046.555933,67.232033,0.0,0.0,0.0,950.5875,62.366667
2025-11-15 02:00:00+10:00,0.0,0.0,1057.159225,69.873317,0.0,0.0,0.0,931.6325,63.0525
2025-11-15 03:00:00+10:00,0.0,0.0,1071.2506,81.506133,0.0,0.0,0.0,940.808333,61.0575
2025-11-15 04:00:00+10:00,0.0,0.0,1081.798792,66.384825,0.0,0.0,0.0,962.189167,77.270833
2025-11-15 05:00:00+10:00,0.0,0.0,1129.574992,105.281525,4.767,0.0,0.0,1008.520833,99.749167
2025-11-15 06:00:00+10:00,0.0,0.0,1094.02645,106.385375,28.279,0.0,0.0,1037.736667,37.5075
2025-11-15 07:00:00+10:00,0.0,0.0,1084.406642,108.4159,64.4245,0.0,0.0,1056.043333,32.710833
2025-11-15 08:00:00+10:00,0.0,0.0,1050.453008,91.939308,82.99,0.0,0.0,1057.0825,53.1925
2025-11-15 09:00:00+10:00,0.0,0.0,1003.679067,102.282608,111.25,0.0,0.0,996.585,23.378333
2025-11-15 10:00:00+10:00,0.0,0.0,912.824867,97.23025,180.8785,0.0,0.0,882.04,2.425833
2025-11-15 11:00:00+10:00,0.0,0.0,867.842583,64.223733,222.8645,0.0,0.0,817.3025,1.059167
2025-11-15 12:00:00+10:00,0.0,0.0,851.40975,26.7183,234.391,0.0,0.0,773.968333,1.049167
2025-11-15 13:00:00+10:00,0.0,0.0,835.007608,15.087908,239.7605,0.0,0.0,752.598333,1.143333
2025-11-15 14:00:00+10:00,0.0,0.0,852.709308,8.387458,225.9705,0.0,0.0,765.5775,1.7625
2025-11-15 15:00:00+10:00,0.0,0.0,882.303567,20.36755,198.591,0.0,0.0,804.388333,1.720833
2025-11-15 16:00:00+10:00,0.0,0.0,981.8265,7.875008,146.444,0.0,0.0,884.745,20.349167
2025-11-15 17:00:00+10:00,0.0,0.0,1116.469383,26.515533,80.9955,0.0,0.0,978.356667,38.185
2025-11-15 18:00:00+10:00,0.0,0.0,1205.814917,26.660992,28.44,0.0,0.0,1024.7525,59.369167
2025-11-15 19:00:00+10:00,0.0,0.0,1206.812467,15.671667,3.393,0.0,0.0,1056.13,56.755833
2025-11-15 20:00:00+10:00,0.0,0.0,1212.807058,16.001608,0.0,0.0,0.0,1050.930833,51.724167
2025-11-15 21:00:00+10:00,0.0,0.0,1156.162608,14.591158,0.0,0.0,0.0,1016.019167,39.5875
2025-11-15 22:00:00+10:00,0.0,0.0,1077.986117,14.888333,0.0,0.0,0.0,982.130833,64.433333
2025-11-15 23:00:00+10:00,0.0,0.0,1064.90145,17.77885,0.0,0.0,0.0,943.785,48.893333
2025-11-16 00:00:00+10:00,0.0,0.0,1054.338417,31.100833,0.0,0.0,0.0,932.138333,38.978333
2025-11-16 01:00:00+10:00,0.0,0.0,1061.107425,34.688333,0.0,0.0,0.0,938.869167,36.6325
2025-11-16 02:00:00+10:00,0.0,0.0,1074.614267,30.059167,0.0,0.0,0.0,937.035833,24.831667
2025-11-16 03:00:00+10:00,0.0,0.0,1073.013275,36.186667,0.0,0.0,0.0,944.321667,22.645
2025-11-16 04:00:00+10:00,0.0,0.0,1038.165433,45.68585,0.0,0.0,0.0,962.531667,10.3675
2025-11-16 05:00:00+10:00,0.0,0.0,974.089217,83.723008,6.3265,0.0,0.0,962.259167,5.663333
2025-11-16 06:00:00+10:00,0.0,0.0,1002.675458,75.61695,32.3535,0.0,0.0,980.506667,7.995833
2025-11-16 07:00:00+10:00,0.0,0.0,966.705108,86.829167,71.0235,0.0,0.0,977.16,18.7825
2025-11-16 08:00:00+10:00,0.0,0.0,920.11295,114.945,98.2625,0.0,0.0,950.056667,8.714167
2025-11-16 09:00:00+10:00,0.0,0.0,925.177658,132.5325,115.707,0.0,0.0,928.4225,10.206667
2025-11-16 10:00:00+10:00,0.0,0.0,841.202208,174.395,133.1885,0.0,0.0,889.2125,7.954167
2025-11-16 11:00:00+10:00,0.0,0.0,820.558617,142.979517,140.413,0.0,0.0,892.0,12.796667
2025-11-16 12:00:00+10:00,0.0,0.0,849.334633,191.386483,122.7915,0.0,0.0,895.71,9.660833
2025-11-16 13:00:00+10:00,0.0,0.0,766.318975,313.968025,89.2175,0.0,0.0,892.559167,0.216667
2025-11-16 14:00:00+10:00,0.0,0.0,785.164617,325.27645,86.4615,0.0,0.0,954.165833,3.8
2025-11-16 15:00:00+10:00,0.0,0.0,846.754042,294.129492,74.87,0.0,0.0,1011.2,8.469167
2025-11-16 16:00:00+10:00,0.0,0.0,831.566033,357.418758,70.193,0.0,0.0,1050.340833,0.14
2025-11-16 17:00:00+10:00,0.0,0.0,821.967258,400.775275,50.614,0.0,0.0,1059.533333,0.14
2025-11-16 18:00:00+10:00,0.0,0.0,838.881642,404.762142,28.3435,0.0,0.0,1059.435,0.825833
2025-11-16 19:00:00+10:00,0.0,0.0,874.656883,376.725075,2.8705,0.0,0.0,1067.351667,0.348333
2025-11-16 20:00:00+10:00,0.0,0.0,863.856492,379.07465,0.0,0.0,0.0,1051.855,2.145
2025-11-16 21:00:00+10:00,0.0,0.0,754.247817,427.4917,0.0,0.0,0.0,977.3725,0.5925
2025-11-16 22:00:00+10:00,0.0,0.0,686.858292,422.6299,0.0,0.0,0.0,901.053333,0.36
2025-11-16 23:00:00+10:00,0.0,0.0,658.744817,406.947317,0.0,0.0,0.0,871.475833,-0.21
2025-11-17 00:00:00+10:00,0.0,0.0,598.764425,449.51305,0.0,0.0,0.0,855.300833,-0.235833
2025-11-17 01:00:00+10:00,0.0,0.0,552.5176,497.58695,0.0,0.0,0.0,841.6225,-1.453333
2025-11-17 02:00:00+10:00,0.0,0.0,590.239642,471.856083,0.0,0.0,0.0,853.096667,0.45
2025-11-17 03:00:00+10:00,0.0,0.0,597.597567,482.661983,0.0,0.0,0.0,867.71,0.835
2025-11-17 04:00:00+10:00,0.0,0.0,700.297717,435.336108,0.0,0.0,0.0,932.635,10.983333
2025-11-17 05:00:00+10:00,0.0,0.0,774.8182,453.400067,4.544,0.0,0.0,1018.431667,4.265833
2025-11-17 06:00:00+10:00,0.0,0.0,865.75785,438.238558,39.0405,0.0,0.0,1088.194167,7.7825
2025-11-17 07:00:00+10:00,0.0,0.0,813.732942,445.882825,96.1215,0.0,0.0,1041.1025,9.164167
2025-11-17 08:00:00+10:00,0.0,0.0,789.458142,382.123467,148.2545,0.0,0.0,954.06,8.361667
2025-11-17 09:00:00+10:00,0.0,0.0,686.8874,416.114167,185.8175,0.0,0.0,899.8175,0.853333
2025-11-17 10:00:00+10:00,0.0,0.0,657.892517,421.980283,204.774,0.0,0.0,880.545,4.4675
2025-11-17 11:00:00+10:00,0.0,0.0,695.221567,393.872417,178.3195,1.740392,0.0,907.473333,1.601667
2025-11-17 12:00:00+10:00,0.0,0.0,666.16685,403.771958,188.244,0.0,0.0,890.574167,1.6225
2025-11-17 13:00:00+10:00,0.0,0.0,690.007075,410.771075,144.557,0.0,0.0,911.621667,8.259167
2025-11-17 14:00:00+10:00,0.0,0.0,695.667192,402.870125,152.055,0.0,0.0,907.621667,0.076667
2025-11-17 15:00:00+10:00,0.0,0.0,764.855025,358.134625,134.9425,0.0,0.0,958.610833,6.108333
2025-11-17 16:00:00+10:00,0.0,0.0,837.944942,352.616483,99.483,0.0,0.0,1047.730833,6.8975
2025-11-17 17:00:00+10:00,0.0,0.0,921.81695,346.41005,58.802,0.0,0.0,1138.578333,14.394167
2025-11-17 18:00:00+10:00,0.0,0.0,905.360667,404.78895,23.0225,0.0,0.0,1127.490833,7.266667
2025-11-17 19:00:00+10:00,0.0,0.0,859.471633,463.271792,2.173,0.0,0.0,1124.365,5.186667
2025-11-17 20:00:00+10:00,0.0,0.0,774.2426,513.925125,0.0,0.0,0.0,1086.910833,1.765833
2025-11-17 21:00:00+10:00,0.0,0.0,707.28015,510.706817,0.0,0.0,0.0,1018.565833,0.1125
2025-11-17 22:00:00+10:00,0.0,0.0,642.986658,506.364425,0.0,0.0,0.0,951.96,-0.35
2025-11-17 23:00:00+10:00,0.0,0.0,620.308108,483.47485,0.0,0.0,0.0,907.709167,0.0425
2025-11-18 00:00:00+10:00,0.0,0.0,641.985092,436.601442,0.0,0.0,0.0,886.005833,1.720833
2025-11-18 01:00:00+10:00,0.0,0.0,681.252017,391.36325,0.0,0.0,0.0,881.059167,3.324167
2025-11-18 02:00:00+10:00,0.0,0.0,703.631017,366.930008,0.0,0.0,0.0,877.449167,6.705833
2025-11-18 03:00:00+10:00,0.0,0.0,727.984375,344.140433,0.0,16.083333,0.0,883.69,6.644167
2025-11-18 04:00:00+10:00,0.0,0.0,794.665817,385.174367,0.0,0.0,0.0,922.406667,14.688333
2025-11-18 05:00:00+10:00,0.0,0.0,962.7666,378.796775,3.123,0.0,0.0,997.384167,29.985833
2025-11-18 06:00:00+10:00,0.0,0.0,854.973083,383.326542,27.5815,0.0,0.0,1035.348333,9.128333
2025-11-18 07:00:00+10:00,0.0,0.0,805.073142,377.202075,71.6755,0.0,0.0,991.3125,6.3625
2025-11-18 08:00:00+10:00,0.0,0.0,713.482792,363.037242,140.1615,0.0,0.0,907.1525,6.853333
2025-11-18 09:00:00+10:00,0.0,0.0,688.183592,335.779325,167.107,0.0,0.0,851.800833,12.5575
2025-11-18 10:00:00+10:00,0.0,0.0,588.469217,361.403383,209.131,0.0,0.0,771.380833,-0.576667
2025-11-18 11:00:00+10:00,0.0,0.0,576.507125,366.783783,234.79,0.0,0.0,766.705833,-0.009167
2025-11-18 12:00:00+10:00,0.0,0.0,591.201817,350.097142,200.8665,0.0,0.0,786.51,-0.389167
2025-11-18 13:00:00+10:00,0.0,0.0,605.5266,378.210308,176.356,0.0,0.0,796.845,0.285
2025-11-18 14:00:00+10:00,0.0,0.0,632.0476,398.550925,144.4655,0.0,0.0,826.424167,-0.011667
2025-11-18 15:00:00+10:00,0.0,0.0,647.161425,391.556575,115.5235,0.0,0.0,847.6025,0.215833
2025-11-18 16:00:00+10:00,0.0,0.0,732.89185,392.360708,81.268,0.0,0.0,928.69,11.828333
2025-11-18 17:00:00+10:00,0.0,0.0,826.451267,361.832042,50.6945,0.0,0.0,1008.604167,7.710833
2025-11-18 18:00:00+10:00,0.0,0.0,864.000683,354.709383,24.5215,0.0,0.0,1029.15,10.4675
2025-11-18 19:00:00+10:00,0.0,0.0,923.716575,301.88825,2.0005,0.0,0.0,1028.669167,32.77
2025-11-18 20:00:00+10:00,0.0,0.0,993.885892,231.59685,0.0,0.0,0.0,1069.034167,40.8625
2025-11-18 21:00:00+10:00,0.0,0.0,986.190167,221.347825,0.0,0.0,0.0,984.849167,30.061667
2025-11-18 22:00:00+10:00,0.0,0.0,976.548925,282.285508,0.0,0.0,0.0,937.511667,23.495833
2025-11-18 23:00:00+10:00,0.0,0.0,929.432975,290.24065,0.0,0.0,0.0,900.270833,36.2375
2025-11-19 00:00:00+10:00,0.0,0.0,923.792625,262.683117,0.0,0.0,0.0,893.209167,36.7025
2025-11-19 01:00:00+10:00,0.0,0.0,908.261792,242.087,0.0,0.0,0.0,860.551667,37.695
2025-11-19 02:00:00+10:00,0.0,0.0,873.626225,300.264267,0.0,0.0,0.0,865.340833,9.625
2025-11-19 03:00:00+10:00,0.0,0.0,880.250483,314.842033,0.0,0.0,0.0,865.965833,12.719167
2025-11-19 04:00:00+10:00,0.0,0.0,948.41085,338.80455,0.0,0.0,0.0,921.7025,18.8025
2025-11-19 05:00:00+10:00,0.0,0.0,999.3739,325.462725,6.2205,0.0,0.0,1029.67,40.085
2025-11-19 06:00:00+10:00,0.0,0.0,901.590367,332.967583,38.945,0.0,0.0,1083.798333,16.276667
2025-11-19 07:00:00+10:00,0.0,0.0,872.537092,316.116258,89.084,0.0,0.0,1056.774167,16.913333
2025-11-19 08:00:00+10:00,0.0,0.0,788.40265,297.630642,152.4915,0.0,0.0,946.399167,16.375
2025-11-19 09:00:00+10:00,0.0,0.0,682.007225,355.280833,177.518,0.0,0.0,857.7025,2.423333
2025-11-19 10:00:00+10:00,0.0,0.0,602.469075,374.683458,188.368,0.0,0.0,796.559167,0.57
2025-11-19 11:00:00+10:00,0.0,0.0,580.651992,375.087642,196.9275,0.0,0.0,768.206667,0.033333
2025-11-19 12:00:00+10:00,0.0,0.0,573.252333,369.417725,208.3865,0.902367,0.0,754.568333,-0.818333
2025-11-19 13:00:00+10:00,0.0,0.0,599.279317,344.492833,195.284,2.069067,0.0,756.6675,-3.715
2025-11-19 14:00:00+10:00,0.0,0.0,640.013458,341.12335,188.272,0.139875,0.0,818.511667,2.9025
2025-11-19 15:00:00+10:00,0.0,0.0,675.897358,345.454358,153.489,0.0,0.0,866.390833,3.975833
2025-11-19 16:00:00+10:00,0.0,0.0,704.666158,347.0836,124.827,0.0,0.0,941.025833,1.165
2025-11-19 17:00:00+10:00,0.0,0.0,791.924517,325.5896,71.7355,0.0,0.0,1004.7675,8.709167
2025-11-19 18:00:00+10:00,0.0,0.0,917.463383,279.048625,26.3655,0.0,0.0,1053.115833,23.0225
2025-11-19 19:00:00+10:00,0.0,0.0,971.929942,244.14595,3.546,0.0,0.0,1080.879167,43.986667
2025-11-19 20:00:00+10:00,0.0,0.0,1006.50245,194.929608,0.0,2.004642,0.0,1079.515833,67.0075
2025-11-19 21:00:00+10:00,0.0,0.0,1021.015067,166.335992,0.0,0.0,0.0,1022.816667,72.779167
2025-11-19 22:00:00+10:00,0.0,0.0,1042.411217,222.209125,0.0,0.0,0.0,999.291667,24.703333
2025-11-19 23:00:00+10:00,0.0,0.0,1016.118125,188.963233,0.0,0.0,0.0,965.169167,34.411667
2025-11-20 00:00:00+10:00,0.0,0.0,1053.8594,146.878158,0.0,0.0,0.0,968.889167,34.760833
2025-11-20 01:00:00+10:00,0.0,0.0,1018.21975,152.543167,0.0,0.0,0.0,953.53,43.83
2025-11-20 02:00:00+10:00,0.0,0.0,981.782183,148.293542,0.0,0.0,0.0,965.478333,48.1775
2025-11-20 03:00:00+10:00,0.0,0.0,943.91555,157.166417,0.0,0.0,0.0,973.976667,39.574167
2025-11-20 04:00:00+10:00,0.0,0.0,1013.399717,184.877733,0.0,0.0,0.0,1007.860833,39.183333
2025-11-20 05:00:00+10:00,0.0,0.0,1160.070058,146.499342,6.7925,0.0,0.0,1103.241667,92.248333
2025-11-20 06:00:00+10:00,0.0,0.0,1108.968975,128.102067,43.3595,3.515417,0.0,1160.85,77.55
2025-11-20 07:00:00+10:00,0.0,0.0,1068.935283,113.37165,108.6315,0.0,0.0,1087.3225,7.196667
2025-11-20 08:00:00+10:00,0.0,0.0,929.270575,114.709725,175.801,0.0,0.0,971.806667,28.338333
2025-11-20 09:00:00+10:00,0.0,0.0,945.094042,92.8595,203.4155,0.0,0.0,947.064167,27.211667
2025-11-20 10:00:00+10:00,0.0,0.0,901.3865,97.76175,210.272,0.0,0.0,906.393333,14.678333
2025-11-20 11:00:00+10:00,0.0,0.0,874.700525,98.509308,211.4815,0.0,0.0,888.531667,20.0325
2025-11-20 12:00:00+10:00,0.0,0.0,819.498192,132.311875,204.781,0.0,0.0,856.821667,10.788333
2025-11-20 13:00:00+10:00,0.0,0.0,834.017467,123.24245,194.2945,0.0,0.0,859.3275,10.0675
2025-11-20 14:00:00+10:00,0.0,0.0,811.654392,152.77185,179.8605,0.0,0.0,863.306667,5.955
2025-11-20 15:00:00+10:00,0.0,0.0,794.538008,129.949042,157.098,0.0,0.0,879.5825,1.938333
2025-11-20 16:00:00+10:00,0.0,0.0,888.03895,146.284133,115.8755,0.0,0.0,930.433333,12.683333
2025-11-20 17:00:00+10:00,0.0,0.0,956.526133,149.535775,75.2075,0.0,0.0,1002.221667,32.9375
2025-11-20 18:00:00+10:00,0.0,0.0,1048.383108,126.394383,30.5375,0.0,0.0,1056.080833,28.888333
2025-11-20 19:00:00+10:00,0.0,0.0,1134.428942,99.1011,4.0285,0.0,0.0,1094.2075,10.231667
2025-11-20 20:00:00+10:00,0.0,0.0,1174.740383,59.89315,0.0,0.0,0.0,1091.454167,7.983333
2025-11-20 21:00:00+10:00,0.0,0.0,1109.907633,73.002567,0.0,0.0,0.0,1050.901667,0.618333
2025-11-20 22:00:00+10:00,0.0,0.0,1049.363842,72.218192,0.0,0.0,0.0,994.535833,20.963333
2025-11-20 23:00:00+10:00,0.0,0.0,1036.190075,50.4679,0.0,0.0,0.0,966.37,33.7225
2025-11-21 00:00:00+10:00,0.0,0.0,1013.131225,47.308,0.0,0.0,0.0,948.6375,30.5
2025-11-21 01:00:00+10:00,0.0,0.0,986.668825,41.402092,0.0,0.0,0.0,937.0575,51.515
2025-11-21 02:00:00+10:00,0.0,0.0,981.382775,40.109108,0.0,0.0,0.0,941.499167,47.813333
2025-11-21 03:00:00+10:00,0.0,0.0,985.5031,42.743683,0.0,0.0,0.0,960.855833,44.281667
2025-11-21 04:00:00+10:00,0.0,0.0,1015.5229,37.009442,0.0,0.0,0.0,1003.703333,57.261667
2025-11-21 05:00:00+10:00,0.0,0.0,1083.624233,48.162183,6.698,0.0,0.0,1090.420833,65.504167
2025-11-21 06:00:00+10:00,0.0,0.0,1133.805125,39.648092,42.0835,0.0,0.0,1143.7325,51.634167
2025-11-21 07:00:00+10:00,0.0,0.0,1121.252333,31.589758,106.696,0.0,0.0,1066.590833,33.586667
2025-11-21 08:00:00+10:00,0.0,0.0,975.750833,29.131133,174.2555,0.0,0.0,972.524167,39.7875
2025-11-21 09:00:00+10:00,0.0,0.0,844.231492,32.671667,212.558,0.0,0.0,895.82,26.238333
2025-11-21 10:00:00+10:00,0.0,0.0,747.370092,48.333333,240.513,0.0,0.0,854.115,16.576667
2025-11-21 11:00:00+10:00,0.0,0.0,591.008308,59.904167,254.3425,0.0,0.0,810.731667,3.413333
2025-11-21 12:00:00+10:00,0.0,0.0,468.265483,74.709167,257.318,0.0,0.0,743.521667,-6.181667
2025-11-21 13:00:00+10:00,0.0,0.0,495.324992,85.2,264.967,0.0,0.0,760.788333,-8.739167
2025-11-21 14:00:00+10:00,0.0,0.0,528.0449,80.431167,255.7045,2.230217,0.0,777.9725,-13.760833
2025-11-21 15:00:00+10:00,0.0,0.0,621.727233,85.682617,221.1775,0.0,0.0,820.7825,16.030833
2025-11-21 16:00:00+10:00,0.0,0.0,857.639958,92.43355,161.523,0.0,0.0,916.9975,37.459167
2025-11-21 17:00:00+10:00,0.0,0.0,960.649775,108.671525,91.6375,0.0,0.0,1007.781667,53.021667
2025-11-21 18:00:00+10:00,0.0,0.0,1068.309517,114.056825,34.6335,0.0,0.0,1037.555,43.689167
2025-11-21 19:00:00+10:00,0.0,0.0,1124.124917,91.692667,4.0055,0.0,0.0,1095.153333,34.781667
2025-11-21 20:00:00+10:00,0.0,0.0,1142.524933,71.578592,0.0,0.0,0.0,1096.0,42.526667
2025-11-21 21:00:00+10:00,0.0,0.0,1109.281475,64.509,0.0,0.0,0.0,1054.446667,33.329167
2025-11-21 22:00:00+10:00,0.0,0.0,1080.50375,47.173883,0.0,0.0,0.0,1008.429167,49.148333
2025-11-21 23:00:00+10:00,0.0,0.0,1045.144475,45.822458,0.0,0.0,0.0,966.82,53.491667
2025-11-22 00:00:00+10:00,0.0,0.0,1010.53015,56.437525,0.0,0.0,0.0,943.4575,35.534167
2025-11-22 01:00:00+10:00,0.0,0.0,1008.220092,58.005867,0.0,0.0,0.0,943.098333,24.899167
2025-11-22 02:00:00+10:00,0.0,0.0,1001.801575,66.251475,0.0,0.0,0.0,937.519167,24.958333
2025-11-22 03:00:00+10:00,0.0,0.0,1007.370167,83.730267,0.0,0.0,0.0,943.4825,24.896667
2025-11-22 04:00:00+10:00,0.0,0.0,990.549408,97.7126,0.0,0.0,0.0,944.143333,14.741667
2025-11-22 05:00:00+10:00,0.0,0.0,1106.927942,89.381183,7.6635,0.0,0.0,966.6725,46.163333
2025-11-22 06:00:00+10:00,0.0,0.0,1173.669183,89.577617,41.2255,0.0,0.0,982.851667,22.871667
2025-11-22 07:00:00+10:00,0.0,0.0,1038.526183,67.570975,101.0455,0.0,0.0,960.584167,28.494167
2025-11-22 08:00:00+10:00,0.0,0.0,955.392983,98.488892,161.8345,0.0,0.0,886.441667,24.949167
2025-11-22 09:00:00+10:00,0.0,0.0,880.100708,117.014167,199.5715,0.0,0.0,815.36,23.895
2025-11-22 10:00:00+10:00,0.0,0.0,809.584542,129.849267,222.7475,0.0,0.0,751.348333,12.3375
2025-11-22 11:00:00+10:00,0.0,0.0,715.914858,182.307675,239.8025,0.0,0.0,689.79,0.096667
2025-11-22 12:00:00+10:00,0.0,0.0,667.777133,216.735725,247.9945,0.0,0.0,672.140833,0.095833
2025-11-22 13:00:00+10:00,0.0,0.0,645.140492,242.543317,235.582,0.0,0.0,671.270833,0.079167
2025-11-22 14:00:00+10:00,0.0,0.0,663.931892,262.191483,209.5825,0.0,0.0,707.91,0.113333
2025-11-22 15:00:00+10:00,0.0,0.0,778.342675,280.992392,160.391,0.0,0.0,792.2325,40.6675
2025-11-22 16:00:00+10:00,0.0,0.0,942.819075,265.449808,109.5885,0.0,0.0,865.126667,90.6725
2025-11-22 17:00:00+10:00,0.0,0.0,1025.74285,263.363592,57.0315,0.0,0.0,972.14,85.405
2025-11-22 18:00:00+10:00,0.0,7.28,1079.180433,245.492742,21.9845,0.0,0.0,1014.625833,90.484167
2025-11-22 19:00:00+10:00,0.0,6.960833,1162.308258,176.121192,2.961,0.0,0.0,1051.281667,104.4525
2025-11-22 20:00:00+10:00,0.0,0.0,1232.967583,130.237317,0.0,0.0,0.0,1040.545833,110.24
2025-11-22 21:00:00+10:00,0.0,0.0,1299.881867,133.766167,0.0,0.0,0.0,1001.2825,112.224167
2025-11-22 22:00:00+10:00,0.0,0.0,1157.696833,138.036858,0.0,0.0,0.0,952.761667,57.121667
2025-11-22 23:00:00+10:00,0.0,0.0,1148.455258,162.183092,0.0,0.0,0.0,895.911667,96.4675
2025-11-23 00:00:00+10:00,0.0,0.0,1164.295025,154.529733,0.0,0.0,0.0,853.149167,87.2225
2025-11-23 01:00:00+10:00,0.0,0.0,1155.896475,142.163083,0.0,0.0,0.0,841.250833,106.0975
2025-11-23 02:00:00+10:00,0.0,0.0,1148.901758,146.231692,0.0,0.0,0.0,857.723333,108.696667
2025-11-23 03:00:00+10:00,0.0,0.0,1068.84395,119.461567,0.0,0.0,0.0,859.615,79.691667
2025-11-23 04:00:00+10:00,0.0,0.0,1177.789267,133.336333,0.0,0.0,0.0,868.605,147.600833
2025-11-23 05:00:00+10:00,0.0,0.0,1135.773225,152.5187,3.425,0.0,0.0,896.530833,103.7075
2025-11-23 06:00:00+10:00,0.0,0.0,1031.035967,155.163208,17.3455,0.0,0.0,938.96,50.4375
2025-11-23 07:00:00+10:00,0.0,0.0,915.458683,156.0757,39.2105,0.0,0.0,966.261667,35.061667
2025-11-23 08:00:00+10:00,0.0,0.0,865.926683,192.0296,83.9745,0.0,0.0,935.640833,35.631667
2025-11-23 09:00:00+10:00,0.0,0.0,778.095867,223.144875,131.9975,0.0,0.0,838.3175,37.465
2025-11-23 10:00:00+10:00,0.0,0.0,700.273583,256.597033,183.524,0.0,0.0,769.395833,33.491667
2025-11-23 11:00:00+10:00,0.0,0.0,630.550142,300.336475,197.702,0.0,0.0,763.8875,27.366667
2025-11-23 12:00:00+10:00,0.0,0.0,608.285483,318.346842,192.9605,0.0,0.0,787.2825,29.5325
2025-11-23 13:00:00+10:00,0.0,0.0,563.871317,315.049675,206.538,0.0,0.0,788.693333,29.1275
2025-11-23 14:00:00+10:00,0.0,0.0,585.591592,276.455342,182.9195,0.0,0.0,802.97,34.6425
2025-11-23 15:00:00+10:00,0.0,0.0,652.579733,257.069833,154.5205,0.0,0.0,857.960833,37.83
2025-11-23 16:00:00+10:00,0.0,0.0,706.727,243.338433,119.7455,0.0,0.0,924.630833,50.0675
2025-11-23 17:00:00+10:00,0.0,0.0,822.326675,240.53845,69.2795,0.0,0.0,982.506667,60.169167
2025-11-23 18:00:00+10:00,0.0,0.0,932.201217,234.425692,27.1565,0.0,0.0,1023.636667,60.0875
2025-11-23 19:00:00+10:00,0.0,0.0,984.240625,203.834733,4.0775,0.0,0.0,1060.325,65.315833
2025-11-23 20:00:00+10:00,0.0,0.0,1025.36715,170.094542,0.0,0.0,0.0,1063.709167,86.333333
2025-11-23 21:00:00+10:00,0.0,0.0,1042.877875,187.938133,0.0,0.0,0.0,992.523333,73.994167
2025-11-23 22:00:00+10:00,0.0,0.0,1028.219167,195.132525,0.0,0.0,0.0,923.540833,66.971667
2025-11-23 23:00:00+10:00,0.0,0.0,976.799933,202.036058,0.0,0.0,0.0,867.891667,83.546667
2025-11-24 00:00:00+10:00,0.0,0.0,876.858158,256.783325,0.0,0.0,0.0,817.575,74.9125
2025-11-24 01:00:00+10:00,0.0,0.0,838.305108,277.235058,0.0,0.0,0.0,803.978333,63.109167
2025-11-24 02:00:00+10:00,0.0,0.0,752.473983,282.084525,0.0,0.0,0.0,807.994167,51.835833
2025-11-24 03:00:00+10:00,0.0,0.0,762.498367,251.579267,0.0,0.0,0.0,806.0625,58.321667
2025-11-24 04:00:00+10:00,0.0,0.0,872.014258,248.605683,0.0,0.0,0.0,849.2475,67.345
2025-11-24 05:00:00+10:00,0.0,0.0,1067.824808,250.085042,5.5945,0.0,0.0,926.2725,83.225833
2025-11-24 06:00:00+10:00,0.0,0.0,1006.261067,254.826842,32.387,0.0,0.0,984.898333,65.6
2025-11-24 07:00:00+10:00,0.0,0.0,833.595458,269.87555,78.0385,0.0,0.0,999.87,60.279167
2025-11-24 08:00:00+10:00,0.0,0.0,747.105733,291.149033,115.7265,0.0,0.0,950.0975,60.061667
2025-11-24 09:00:00+10:00,0.0,0.0,690.592733,288.007458,126.4115,0.0,0.0,895.863333,59.193333
2025-11-24 10:00:00+10:00,0.0,0.0,627.768592,284.751808,156.5595,0.0,0.0,855.188333,58.033333
2025-11-24 11:00:00+10:00,0.0,0.0,608.801933,298.042933,162.4295,0.0,0.0,846.6675,55.415833
2025-11-24 12:00:00+10:00,0.0,0.0,616.022417,298.450733,158.4185,0.0,0.0,834.690833,48.685
2025-11-24 13:00:00+10:00,0.0,0.0,604.029967,299.374642,165.6945,0.0,0.0,805.058333,44.485
2025-11-24 14:00:00+10:00,0.0,0.0,595.1027,283.960283,172.9485,0.0,0.0,736.12,42.22
2025-11-24 15:00:00+10:00,0.0,0.0,591.745733,306.484908,172.3205,0.0,0.0,760.734167,45.885833
2025-11-24 16:00:00+10:00,0.0,0.0,634.219542,327.720517,121.7975,0.0,0.0,833.054167,56.1275
2025-11-24 17:00:00+10:00,0.0,0.0,761.710992,340.264242,71.226,0.0,0.0,909.258333,40.040833
2025-11-24 18:00:00+10:00,0.0,0.0,769.198992,354.88115,29.364,0.0,0.0,926.9925,38.995833
2025-11-24 19:00:00+10:00,0.0,0.0,761.4732,370.45435,3.405,0.0,0.0,936.411667,50.794167
2025-11-24 20:00:00+10:00,0.0,0.0,723.589308,412.131842,0.0,0.0,0.0,923.453333,27.058333
2025-11-24 21:00:00+10:00,0.0,0.0,663.524467,412.873308,0.0,0.0,0.0,867.298333,26.6425
2025-11-24 22:00:00+10:00,0.0,0.0,628.046267,389.78385,0.0,0.0,0.0,820.045833,21.92
2025-11-24 23:00:00+10:00,0.0,0.0,615.55665,368.322308,0.0,0.0,0.0,795.096667,20.805
2025-11-25 00:00:00+10:00,0.0,0.0,540.607492,410.992058,0.0,0.0,0.0,770.231667,3.711667
2025-11-25 01:00:00+10:00,0.0,0.0,490.810925,452.425792,0.0,9.187267,0.0,751.305833,-5.626667
2025-11-25 02:00:00+10:00,0.0,0.0,558.3193,385.900975,0.0,0.0,0.0,753.008333,13.458333
2025-11-25 03:00:00+10:00,0.0,0.0,600.976642,362.648,0.0,0.0,0.0,768.686667,36.140833
2025-11-25 04:00:00+10:00,0.0,0.0,616.983717,386.976517,0.0,0.0,0.0,806.730833,18.545
2025-11-25 05:00:00+10:00,0.0,0.0,765.957358,301.3081,1.5705,0.0,0.0,894.638333,38.7525
2025-11-25 06:00:00+10:00,0.0,0.0,843.655633,263.032525,14.4615,0.0,0.0,1005.388333,38.8225
2025-11-25 07:00:00+10:00,0.0,0.0,794.510908,343.871708,34.0405,0.0,0.0,1019.9825,23.116667
2025-11-25 08:00:00+10:00,0.0,0.0,750.592658,274.266983,44.516,0.0,0.0,1020.5525,40.660833
2025-11-25 09:00:00+10:00,0.0,0.0,730.134333,210.8484,67.1195,0.0,0.0,1017.183333,46.9825
2025-11-25 10:00:00+10:00,0.0,0.0,631.138983,262.218375,98.0565,0.0,0.0,920.6375,24.823333
2025-11-25 11:00:00+10:00,0.0,0.0,560.240583,365.2224,100.3445,0.0,0.0,882.865,8.138333
2025-11-25 12:00:00+10:00,0.0,0.0,502.87335,411.3542,136.5085,0.0,0.0,869.05,2.879167
2025-11-25 13:00:00+10:00,0.0,0.0,458.994175,429.974158,163.866,0.0,0.0,846.740833,0.983333
2025-11-25 14:00:00+10:00,0.0,0.0,427.330817,368.093125,156.097,42.157533,0.0,839.3575,-17.540833
2025-11-25 15:00:00+10:00,0.0,0.0,465.183608,431.1687,149.0025,0.0,0.0,904.599167,18.960833
2025-11-25 16:00:00+10:00,0.0,0.0,578.822108,442.585667,120.224,0.0,0.0,953.929167,43.603333
2025-11-25 17:00:00+10:00,0.0,0.0,688.430583,411.405833,80.0425,0.0,0.0,1007.2875,42.9825
2025-11-25 18:00:00+10:00,0.0,0.0,888.8605,396.688942,36.4575,0.0,0.0,1055.251667,44.8475
2025-11-25 19:00:00+10:00,0.0,0.0,1065.97755,374.713675,4.264,0.0,0.0,1099.895,67.501667
2025-11-25 20:00:00+10:00,0.0,0.0,1042.326042,381.572167,0.0,0.0,0.0,1071.0275,73.006667
2025-11-25 21:00:00+10:00,0.0,0.0,984.376625,413.797183,0.0,0.0,0.0,992.246667,72.885
2025-11-25 22:00:00+10:00,0.0,0.0,990.96865,358.558675,0.0,0.0,0.0,992.091667,66.934167
2025-11-25 23:00:00+10:00,0.0,0.0,968.66365,326.283108,0.0,0.0,0.0,974.013333,77.976667
2025-11-26 00:00:00+10:00,0.0,0.0,863.72805,307.472725,0.0,0.0,0.0,963.598333,46.981667
2025-11-26 01:00:00+10:00,0.0,0.0,755.400633,304.974783,0.0,0.0,0.0,926.0375,30.8075
2025-11-26 02:00:00+10:00,0.0,0.0,670.103858,321.290158,0.0,0.0,0.0,884.820833,8.239167
2025-11-26 03:00:00+10:00,0.0,0.0,643.213892,341.920417,0.0,0.0,0.0,861.351667,16.558333
2025-11-26 04:00:00+10:00,0.0,0.0,666.036342,358.051967,0.0,0.0,0.0,907.901667,9.998333
2025-11-26 05:00:00+10:00,0.0,0.0,719.700292,356.305892,2.1195,0.0,0.0,998.2325,36.656667
2025-11-26 06:00:00+10:00,0.0,0.0,790.243933,330.539533,19.8555,0.0,0.0,1085.841667,53.385
2025-11-26 07:00:00+10:00,0.0,0.0,781.855658,315.252683,63.267,0.0,0.0,1089.413333,47.995833
2025-11-26 08:00:00+10:00,0.0,0.0,712.127575,349.677342,97.116,0.0,0.0,1047.7775,41.555833
2025-11-26 09:00:00+10:00,0.0,0.0,680.484717,315.303058,151.7725,0.0,0.0,982.893333,42.4025
2025-11-26 10:00:00+10:00,0.0,0.0,600.448133,300.7507,136.0135,0.0,0.0,943.2375,34.105
2025-11-26 11:00:00+10:00,0.0,0.0,506.659517,366.052967,161.002,0.0,0.0,900.1525,33.915833
2025-11-26 12:00:00+10:00,0.0,0.0,446.38545,450.540817,177.88,0.0,0.0,844.680833,17.44
2025-11-26 13:00:00+10:00,0.0,0.0,376.317842,495.935667,193.17,0.0,0.0,816.470833,8.019167
2025-11-26 14:00:00+10:00,0.0,0.0,358.591508,498.2294,179.865,0.0,0.0,826.844167,5.904167
2025-11-26 15:00:00+10:00,0.0,0.0,434.743025,504.730025,168.9625,0.0,0.0,850.590833,12.321667
2025-11-26 16:00:00+10:00,0.0,0.0,492.415333,519.237425,121.498,0.0,0.0,942.930833,23.795
2025-11-26 17:00:00+10:00,0.0,0.0,564.4464,517.656458,66.2575,0.0,0.0,1014.951667,46.8575
2025-11-26 18:00:00+10:00,0.0,0.0,577.373083,489.530842,28.1425,0.0,0.0,1044.7025,46.566667
2025-11-26 19:00:00+10:00,0.0,0.0,711.377533,383.013458,3.6615,0.0,0.0,1030.1125,53.791667
2025-11-26 20:00:00+10:00,0.0,0.0,786.66955,358.9951,0.0,0.0,0.0,995.469167,46.169167
2025-11-26 21:00:00+10:00,0.0,0.0,747.143992,351.773517,0.0,0.0,0.0,951.3825,40.189167
2025-11-26 22:00:00+10:00,0.0,0.0,726.307308,342.751875,0.0,0.0,0.0,909.839167,44.109167
2025-11-26 23:00:00+10:00,0.0,0.0,697.63735,357.463908,0.0,0.0,0.0,861.645833,40.123333
2025-11-27 00:00:00+10:00,0.0,0.0,674.742958,363.471842,0.0,80.178083,0.0,861.0175,40.16
2025-11-27 01:00:00+10:00,0.0,0.0,583.10155,439.783325,0.0,17.978833,0.0,839.718333,35.044167
2025-11-27 02:00:00+10:00,0.0,0.0,569.390325,450.105958,0.0,0.0,0.0,850.835,38.7725
2025-11-27 03:00:00+10:00,0.0,0.0,586.115867,449.560525,0.0,0.0,0.0,877.2825,39.886667
2025-11-27 04:00:00+10:00,0.0,0.0,639.85765,453.395433,0.0,0.0,0.0,935.474167,34.075833
2025-11-27 05:00:00+10:00,0.0,0.0,741.336192,431.628917,6.4985,0.0,0.0,1019.6875,48.254167
2025-11-27 06:00:00+10:00,0.0,0.0,794.370917,441.86515,43.655,0.0,0.0,1078.755,33.5325
2025-11-27 07:00:00+10:00,0.0,0.0,740.1446,433.344917,108.211,0.0,0.0,1010.156667,34.175
2025-11-27 08:00:00+10:00,0.0,0.0,641.074858,433.253433,176.281,0.0,0.0,921.815833,28.921667
2025-11-27 09:00:00+10:00,0.0,0.0,549.703475,383.97435,214.5755,0.0,0.0,891.350833,36.599167
2025-11-27 10:00:00+10:00,0.0,0.0,531.462408,388.897208,215.145,0.0,0.0,851.8,20.6025
2025-11-27 11:00:00+10:00,0.0,0.0,525.74415,436.758033,236.728,0.0,0.0,788.886667,10.655
2025-11-27 12:00:00+10:00,0.0,0.0,500.490625,431.518492,228.1465,5.240142,0.0,755.8225,4.645
2025-11-27 13:00:00+10:00,0.0,0.0,478.899575,421.565375,231.676,3.930092,0.0,755.109167,9.284167
2025-11-27 14:00:00+10:00,0.0,0.0,439.643108,426.23265,208.349,0.0,0.0,808.223333,20.785833
2025-11-27 15:00:00+10:00,0.0,0.0,486.654225,430.874892,179.85,0.0,0.0,844.536667,26.84
2025-11-27 16:00:00+10:00,0.0,0.0,547.621767,437.270175,145.6495,0.0,0.0,896.754167,36.695
2025-11-27 17:00:00+10:00,0.0,0.0,670.644717,427.577783,76.1405,0.0,0.0,1001.631667,44.680833
2025-11-27 18:00:00+10:00,0.0,0.0,876.313625,418.058533,31.8,0.0,0.0,1097.54,68.989167
2025-11-27 19:00:00+10:00,0.0,0.0,1049.235042,423.767258,5.542,0.0,0.0,1099.789167,66.325
2025-11-27 20:00:00+10:00,0.0,0.0,1026.366842,406.500192,0.0,0.0,0.0,1089.6375,57.34
2025-11-27 21:00:00+10:00,0.0,0.0,938.5199,419.8291,0.0,0.0,0.0,1001.313333,51.645
2025-11-27 22:00:00+10:00,0.0,0.0,917.4564,425.725092,0.0,0.0,0.0,952.1475,51.631667
2025-11-27 23:00:00+10:00,0.0,0.0,945.065092,412.174292,0.0,0.0,0.0,919.741667,60.121667
2025-11-28 00:00:00+10:00,0.0,0.0,949.835758,391.009925,0.0,0.0,0.0,912.67,75.029167
2025-11-28 01:00:00+10:00,0.0,0.0,909.230317,391.188142,0.0,0.0,0.0,892.3525,51.341667
2025-11-28 02:00:00+10:00,0.0,0.0,920.729992,412.8614,0.0,0.0,0.0,908.131667,40.49
2025-11-28 03:00:00+10:00,0.0,0.0,916.950242,387.534025,0.0,0.0,0.0,923.49,40.439167
2025-11-28 04:00:00+10:00,0.0,0.0,1036.0847,339.038967,0.0,0.0,0.0,1005.929167,110.735833
2025-11-28 05:00:00+10:00,0.0,0.0,1030.885375,358.7228,5.169,0.0,0.0,1085.215,76.739167
2025-11-28 06:00:00+10:00,0.0,0.0,888.273917,356.753725,32.225,0.0,0.0,1129.02,56.974167
2025-11-28 07:00:00+10:00,0.0,0.0,851.874542,315.462708,72.961,0.0,0.0,1126.500833,50.625
2025-11-28 08:00:00+10:00,0.0,0.0,763.401975,290.561458,120.3815,0.0,0.0,1061.9425,50.7475
2025-11-28 09:00:00+10:00,0.0,0.0,696.090267,291.6414,147.6325,0.0,0.0,1007.551667,51.078333
2025-11-28 10:00:00+10:00,0.0,0.0,686.845508,296.446925,159.255,0.0,0.0,964.91,44.090833
2025-11-28 11:00:00+10:00,0.0,0.0,662.483992,297.819067,167.5355,0.166667,0.0,936.3625,47.989167
2025-11-28 12:00:00+10:00,0.0,0.0,576.911175,417.774025,169.1845,6.666667,0.0,910.189167,38.383333
2025-11-28 13:00:00+10:00,0.0,0.0,550.871558,456.832533,151.621,3.0,0.0,912.7275,35.339167
2025-11-28 14:00:00+10:00,0.0,0.0,582.330158,446.208283,128.236,3.0,0.0,929.394167,43.235833
2025-11-28 15:00:00+10:00,0.0,0.0,672.603125,392.035658,126.665,3.0,0.0,961.580833,57.981667
2025-11-28 16:00:00+10:00,0.0,0.0,798.496758,344.078092,109.7255,3.0,0.0,1030.2725,56.741667
2025-11-28 17:00:00+10:00,0.0,0.0,912.099142,319.161325,66.707,3.0,0.0,1082.54,54.81
2025-11-28 18:00:00+10:00,0.0,0.0,932.288208,293.339733,25.1955,3.0,0.0,1117.574167,59.421667
2025-11-28 19:00:00+10:00,0.0,0.0,949.08125,302.092067,5.1725,2.5265,0.0,1117.0,53.1225
2025-11-28 20:00:00+10:00,0.0,0.0,1004.047158,244.019658,0.0,2.75,0.0,1131.634167,64.671667
2025-11-28 21:00:00+10:00,0.0,0.0,1017.271867,218.068558,0.0,3.0,0.0,1100.010833,53.4725
2025-11-28 22:00:00+10:00,0.0,0.0,915.847442,220.369258,0.0,2.891,0.0,1027.435833,53.258333
2025-11-28 23:00:00+10:00,0.0,0.0,944.747108,155.547075,0.0,0.0,0.0,989.9325,62.695
2025-11-29 00:00:00+10:00,0.0,0.0,951.552683,125.432433,0.0,0.0,0.0,967.3475,56.071667
2025-11-29 01:00:00+10:00,0.0,0.0,979.850692,75.566433,0.0,0.0,0.0,966.891667,89.006667
2025-11-29 02:00:00+10:00,0.0,0.0,982.392725,76.613017,0.0,0.0,0.0,965.779167,88.303333
2025-11-29 03:00:00+10:00,0.0,0.0,969.286983,95.640283,0.0,0.0,0.0,970.47,83.1525
2025-11-29 04:00:00+10:00,0.0,0.0,1000.849858,58.860142,0.0,0.0,0.0,993.754167,83.515833
2025-11-29 05:00:00+10:00,0.0,0.0,994.391558,51.612417,6.8985,0.0,0.0,1013.421667,81.02
2025-11-29 06:00:00+10:00,0.0,0.0,958.550175,60.107583,40.8225,0.0,0.0,1041.676667,57.175
2025-11-29 07:00:00+10:00,0.0,0.0,919.865658,96.585958,93.4185,0.0,0.0,1034.465833,48.961667
2025-11-29 08:00:00+10:00,0.0,0.0,855.353283,174.9982,143.472,0.0,0.0,964.541667,49.33
2025-11-29 09:00:00+10:00,0.0,0.0,747.996075,175.757408,156.8285,0.0,0.0,961.168333,50.95
2025-11-29 10:00:00+10:00,0.0,0.0,668.534492,175.448558,163.321,0.0,0.0,929.2775,47.040833
2025-11-29 11:00:00+10:00,0.0,0.0,574.160617,181.538092,178.5235,0.0,0.0,881.176667,49.135833
2025-11-29 12:00:00+10:00,0.0,0.0,435.764775,245.453858,191.1655,0.0,0.0,823.134167,39.58
2025-11-29 13:00:00+10:00,0.0,0.0,436.808842,293.28445,198.804,1.608333,0.0,807.275,40.804167
2025-11-29 14:00:00+10:00,0.0,0.0,442.644567,311.820033,202.5935,3.0,0.0,827.624167,46.25
2025-11-29 15:00:00+10:00,0.0,0.0,510.122583,331.961875,186.419,2.75,0.0,878.0,43.028333
2025-11-29 16:00:00+10:00,0.0,0.0,602.470958,329.388942,149.809,3.0,0.0,913.8925,46.649167
2025-11-29 17:00:00+10:00,0.0,0.0,731.453117,293.9445,96.94,1.62275,0.0,1000.395833,50.220833
2025-11-29 18:00:00+10:00,0.0,0.0,902.100125,250.464208,42.488,0.0,0.0,1046.454167,75.921667
2025-11-29 19:00:00+10:00,0.0,0.0,938.422992,251.946767,7.0575,0.0,0.0,1063.741667,70.464167
2025-11-29 20:00:00+10:00,0.0,0.0,991.576783,232.9388,0.0,0.0,0.0,1074.309167,67.733333
2025-11-29 21:00:00+10:00,0.0,0.0,973.049367,203.694992,0.0,0.0,0.0,1035.429167,91.15
2025-11-29 22:00:00+10:00,0.0,0.0,980.279933,196.5883,0.0,0.0,0.0,1015.39,74.438333
2025-11-29 23:00:00+10:00,0.0,0.0,976.3123,162.054892,0.0,0.0,0.0,968.465833,78.4825
2025-11-30 00:00:00+10:00,0.0,0.0,940.020167,125.026667,0.0,0.0,0.0,925.805833,53.834167
2025-11-30 01:00:00+10:00,0.0,0.0,936.541525,114.687975,0.0,0.0,0.0,932.910833,83.755
2025-11-30 02:00:00+10:00,0.0,0.0,915.465983,113.770483,0.0,0.0,0.0,953.379167,99.860833
2025-11-30 03:00:00+10:00,0.0,0.0,902.966992,109.447942,0.0,0.0,0.0,968.850833,95.655
2025-11-30 04:00:00+10:00,0.0,0.0,917.333958,113.3809,0.0,0.0,0.0,970.505833,78.408333
2025-11-30 05:00:00+10:00,0.0,0.0,930.442458,63.016867,5.481,0.0,0.0,1005.3075,86.3475
2025-11-30 06:00:00+10:00,0.0,0.0,893.596267,78.897425,30.673,0.0,0.0,1000.979167,67.043333
2025-11-30 07:00:00+10:00,0.0,0.0,741.971883,38.869325,71.355,0.0,0.0,1017.546667,55.681667
2025-11-30 08:00:00+10:00,0.0,0.0,632.07185,29.488592,130.2875,0.0,0.0,966.0325,46.466667
2025-11-30 09:00:00+10:00,0.0,0.0,544.389733,45.07185,160.3745,0.0,0.0,928.1025,45.601667
2025-11-30 10:00:00+10:00,0.0,0.0,466.679492,93.284908,166.4405,0.0,0.0,915.270833,39.611667
2025-11-30 11:00:00+10:00,0.0,0.0,446.315667,123.34975,171.86,0.0,0.0,892.569167,42.475
2025-11-30 12:00:00+10:00,0.0,0.0,362.060708,189.243108,179.2605,0.0,0.0,868.210833,36.910833
2025-11-30 13:00:00+10:00,0.0,0.0,332.562883,250.754758,172.476,0.0,0.0,893.074167,37.464167
2025-11-30 14:00:00+10:00,0.0,0.0,463.168183,245.144542,156.733,0.0,0.0,943.266667,48.601667
2025-11-30 15:00:00+10:00,0.0,0.0,483.411042,261.198633,133.2555,1.377667,0.0,982.059167,46.664167
2025-11-30 16:00:00+10:00,0.0,0.0,612.937942,272.05805,95.1975,1.996083,0.0,1082.679167,56.3925
2025-11-30 17:00:00+10:00,0.0,0.0,760.411375,271.779883,57.49,2.499833,0.0,1139.134167,58.3575
2025-11-30 18:00:00+10:00,0.0,0.0,962.5622,209.293358,23.5985,1.17625,0.0,1177.830833,76.978333
2025-11-30 19:00:00+10:00,0.0,0.0,1091.556058,155.70275,4.785,0.0,0.0,1185.123333,83.745833
2025-11-30 20:00:00+10:00,0.0,0.0,1079.501742,130.295625,0.0,0.0,0.0,1144.024167,76.521667
2025-11-30 21:00:00+10:00,0.0,0.0,1064.590158,52.176983,0.0,0.0,0.0,1084.810833,62.835
2025-11-30 22:00:00+10:00,0.0,0.0,1005.118,27.923133,0.0,0.0,0.0,1020.180833,65.553333
2025-11-30 23:00:00+10:00,0.0,0.0,971.931033,12.785517,0.0,0.0,0.0,991.194167,60.16
2025-12-01 00:00:00+10:00,0.0,0.0,966.868258,6.1145,0.0,0.0,0.0,984.164167,60.16
2025-12-01 01:00:00+10:00,0.0,0.0,939.250575,1.660717,0.0,0.0,0.0,979.160833,59.336667
2025-12-01 02:00:00+10:00,0.0,0.0,927.337833,11.625,0.0,0.0,0.0,974.56,59.854167
2025-12-01 03:00:00+10:00,0.0,0.0,931.413025,5.8475,0.0,0.0,0.0,1004.925833,60.7525
2025-12-01 04:00:00+10:00,0.0,0.0,964.470433,-0.496667,0.0,0.0,0.0,1062.296667,60.8225
2025-12-01 05:00:00+10:00,0.0,0.0,970.333583,-0.746667,7.1105,0.0,0.0,1146.863333,68.233333
2025-12-01 06:00:00+10:00,0.0,0.0,977.408558,-0.754167,43.7845,0.0,0.0,1189.088333,64.944167
2025-12-01 07:00:00+10:00,0.0,0.0,886.035308,-0.688333,107.0115,0.0,0.0,1128.428333,59.176667
2025-12-01 08:00:00+10:00,0.0,0.0,725.390075,9.176667,156.206,0.0,0.0,1025.455833,51.463333
2025-12-01 09:00:00+10:00,0.0,0.0,594.791775,49.147767,180.876,0.0,0.0,935.081667,48.7425
2025-12-01 10:00:00+10:00,0.0,0.0,526.724492,86.378667,211.578,0.0,0.0,896.671667,50.676667
2025-12-01 11:00:00+10:00,0.0,0.0,502.673033,109.738625,193.131,0.0,0.0,914.764167,52.655
2025-12-01 12:00:00+10:00,0.0,0.0,494.732642,145.181758,179.168,0.0,0.0,912.655833,51.426667
2025-12-01 13:00:00+10:00,0.0,0.0,507.700958,160.577358,154.1405,0.0,0.0,919.916667,60.0475
2025-12-01 14:00:00+10:00,0.0,0.0,543.298392,204.705,131.3005,0.0,0.0,947.596667,47.908333
2025-12-01 15:00:00+10:00,0.0,0.0,564.354917,218.852292,93.123,0.0,0.0,1009.33,50.193333
2025-12-01 16:00:00+10:00,0.0,0.0,616.989792,194.846217,75.7405,0.0,0.0,1073.721667,53.296667
2025-12-01 17:00:00+10:00,0.0,0.0,674.347692,213.3817,47.419,0.0,0.0,1117.705,56.308333
2025-12-01 18:00:00+10:00,0.0,0.0,836.644783,278.802283,30.12,0.0,0.0,1102.011667,71.604167
2025-12-01 19:00:00+10:00,0.0,0.0,1046.7735,232.156992,7.3385,0.0,0.0,1118.884167,87.7225
2025-12-01 20:00:00+10:00,0.0,0.0,1097.563667,174.708233,0.0,0.0,0.0,1103.308333,94.643333
2025-12-01 21:00:00+10:00,0.0,0.0,1071.305933,138.015425,0.0,0.0,0.0,1041.401667,82.158333
2025-12-01 22:00:00+10:00,0.0,0.0,999.430133,135.614242,0.0,0.0,0.0,934.12,85.183333
2025-12-01 23:00:00+10:00,0.0,0.0,964.643225,133.242742,0.0,0.0,0.0,920.491667,82.499167
2025-12-02 00:00:00+10:00,0.0,0.0,926.869142,152.079992,0.0,0.0,0.0,905.418333,60.933333
2025-12-02 01:00:00+10:00,0.0,0.0,887.765317,183.439283,0.0,0.0,0.0,906.960833,63.458333
2025-12-02 02:00:00+10:00,0.0,0.0,891.91065,180.657367,0.0,0.0,0.0,911.1475,68.646667
2025-12-02 03:00:00+10:00,0.0,0.0,916.393617,177.046867,0.0,0.0,0.0,926.441667,79.506667
2025-12-02 04:00:00+10:00,0.0,0.0,960.50925,163.291225,0.0,0.0,0.0,987.4475,96.13
2025-12-02 05:00:00+10:00,0.0,0.0,1097.896292,114.172733,7.627,0.0,0.0,1101.120833,99.64
2025-12-02 06:00:00+10:00,0.0,0.0,1173.367042,85.588225,41.4125,0.0,0.0,1158.820833,101.805
2025-12-02 07:00:00+10:00,0.0,0.0,1080.408583,94.318183,92.679,0.0,0.0,1104.749167,84.1625
2025-12-02 08:00:00+10:00,0.0,0.0,933.897392,114.280917,120.1725,0.0,0.0,986.819167,53.581667
2025-12-02 09:00:00+10:00,0.0,0.0,789.036358,88.99225,167.833,0.0,0.0,942.884167,62.250833
2025-12-02 10:00:00+10:00,0.0,0.0,672.917742,162.128675,174.234,0.0,0.0,920.3225,56.539167
2025-12-02 11:00:00+10:00,0.0,0.0,553.372292,180.637008,152.553,0.0,0.0,934.421667,55.333333
2025-12-02 12:00:00+10:00,0.0,0.0,548.223875,190.731817,167.424,0.0,0.0,920.208333,54.556667
2025-12-02 13:00:00+10:00,0.0,0.0,561.029967,265.065342,128.9685,0.0,0.0,953.209167,55.408333
2025-12-02 14:00:00+10:00,0.0,0.0,565.886842,302.855767,131.0035,0.0,0.0,935.911667,55.513333
2025-12-02 15:00:00+10:00,0.0,0.0,571.686883,339.138683,106.721,0.0,0.0,970.0425,49.513333
2025-12-02 16:00:00+10:00,0.0,0.0,598.153833,352.314075,75.3945,0.650142,0.0,1044.561667,66.668333
2025-12-02 17:00:00+10:00,0.0,0.0,788.871967,346.583083,43.883,0.0,0.0,1114.075833,63.545833
2025-12-02 18:00:00+10:00,0.0,0.0,936.2782,352.829933,20.3785,0.0,0.0,1148.6225,67.265833
2025-12-02 19:00:00+10:00,0.0,0.0,1077.016525,333.85065,3.006,0.0,0.0,1123.951667,58.980833
2025-12-02 20:00:00+10:00,0.0,0.0,1094.986367,317.092717,0.0,0.0,0.0,1074.928333,49.458333
2025-12-02 21:00:00+10:00,0.0,0.0,1076.737225,356.5169,0.0,0.0,0.0,1017.2825,46.404167
2025-12-02 22:00:00+10:00,0.0,0.0,1003.248992,375.577492,0.0,0.0,0.0,936.490833,48.733333
2025-12-02 23:00:00+10:00,0.0,0.0,940.399975,368.623542,0.0,0.0,0.0,907.361667,66.008333
2025-12-03 00:00:00+10:00,0.0,0.0,875.060475,373.861267,0.0,0.0,0.0,884.718333,59.504167
2025-12-03 01:00:00+10:00,0.0,0.0,771.94835,414.701442,0.0,0.0,0.0,873.861667,60.410833
2025-12-03 02:00:00+10:00,0.0,0.0,735.415258,396.535483,0.0,0.0,0.0,885.525833,43.041667
2025-12-03 03:00:00+10:00,0.0,0.0,700.57025,408.50955,0.0,0.0,0.0,891.1775,42.195833
2025-12-03 04:00:00+10:00,0.0,0.0,663.310033,397.030333,0.0,0.0,0.0,960.228333,65.3975
2025-12-03 05:00:00+10:00,0.0,0.0,717.905867,369.173808,9.997,0.0,0.0,1041.354167,76.006667
2025-12-03 06:00:00+10:00,0.0,0.0,685.54445,358.406325,24.6795,0.0,0.0,1125.958333,57.831667
2025-12-03 07:00:00+10:00,0.0,0.0,555.852558,378.860317,49.5385,0.0,0.0,1112.7025,54.985833
2025-12-03 08:00:00+10:00,0.0,0.0,427.845042,374.235975,88.93,0.0,0.0,1073.936667,45.206667
2025-12-03 09:00:00+10:00,0.0,0.0,300.748725,390.547775,127.4155,0.0,0.0,984.435,35.240833
2025-12-03 10:00:00+10:00,0.0,0.0,353.384825,390.4885,185.2835,0.0,0.0,902.58,34.14
2025-12-03 11:00:00+10:00,0.0,0.0,349.468383,388.5847,236.995,0.0,0.0,847.0475,29.098333
2025-12-03 12:00:00+10:00,0.0,0.0,356.804125,368.276567,253.6435,0.0,0.0,830.445833,24.540833
2025-12-03 13:00:00+10:00,0.0,0.0,331.33655,384.907142,248.803,0.201942,0.0,834.236667,19.006667
2025-12-03 14:00:00+10:00,0.0,0.0,341.0221,415.093258,238.525,0.0,0.0,827.9075,22.430833
2025-12-03 15:00:00+10:00,0.0,0.0,375.353392,396.469633,212.895,0.151092,0.0,890.543333,45.0375
2025-12-03 16:00:00+10:00,0.0,0.0,459.481258,399.182542,162.7125,0.0,0.0,957.031667,52.468333
2025-12-03 17:00:00+10:00,0.0,0.0,569.153133,400.971958,103.2275,0.0,0.0,1022.246667,81.618333
2025-12-03 18:00:00+10:00,0.0,0.0,725.149183,388.21955,43.2605,0.0,0.0,1064.100833,88.933333
2025-12-03 19:00:00+10:00,0.0,0.0,812.993283,309.730908,7.0755,1.102,0.0,1049.039167,91.2175
2025-12-03 20:00:00+10:00,0.0,0.0,914.013025,243.221625,0.0,0.62995,0.0,1025.224167,100.536667
2025-12-03 21:00:00+10:00,0.0,0.0,948.863733,255.722425,0.0,0.0,0.0,974.956667,111.273333
2025-12-03 22:00:00+10:00,0.0,0.0,897.724558,296.893917,0.0,0.0,0.0,917.391667,86.443333
2025-12-03 23:00:00+10:00,0.0,0.0,749.371542,305.079925,0.0,0.0,0.0,862.05,92.080833
2025-12-04 00:00:00+10:00,0.0,0.0,634.671792,291.917417,0.0,0.0,0.0,843.841667,64.3425
2025-12-04 01:00:00+10:00,0.0,0.0,573.812792,274.270167,0.0,0.055567,0.0,836.906667,49.719167
2025-12-04 02:00:00+10:00,0.0,0.0,561.67195,302.48195,0.0,0.0,0.0,857.709167,48.3375
2025-12-04 03:00:00+10:00,0.0,0.0,544.497233,332.286333,0.0,0.0,0.0,881.085,45.2475
2025-12-04 04:00:00+10:00,0.0,0.0,562.7466,243.58545,0.0,0.0,0.0,899.493333,56.440833
2025-12-04 05:00:00+10:00,0.0,0.0,556.413508,297.448575,6.984,0.0,0.0,968.6375,58.600833
2025-12-04 06:00:00+10:00,0.0,0.0,538.837083,270.025158,32.373,0.0,0.0,1025.991667,55.253333
2025-12-04 07:00:00+10:00,0.0,0.0,495.584017,219.062917,74.948,0.0,0.0,988.308333,62.295
2025-12-04 08:00:00+10:00,0.0,0.0,476.913992,301.349492,141.8965,0.0,0.0,946.210833,53.271667
2025-12-04 09:00:00+10:00,0.0,0.0,474.316975,244.241392,178.577,0.0,0.0,913.266667,52.051667
2025-12-04 10:00:00+10:00,0.0,0.0,476.704942,261.873217,201.6855,0.0,0.0,921.461667,51.188333
2025-12-04 11:00:00+10:00,0.0,0.0,421.016258,248.314033,226.382,0.0,0.0,877.075833,50.965833
2025-12-04 12:00:00+10:00,0.0,0.0,408.84995,219.458392,244.4325,0.0,0.0,853.855833,52.663333
2025-12-04 13:00:00+10:00,0.0,0.0,426.922733,199.585242,251.479,0.0,0.0,856.9,56.746667
2025-12-04 14:00:00+10:00,0.0,0.0,437.7771,236.003083,231.4875,0.0,0.0,860.5375,58.405
2025-12-04 15:00:00+10:00,0.0,0.0,415.052475,257.673342,219.9115,0.0,0.0,891.083333,69.5025
2025-12-04 16:00:00+10:00,0.0,0.0,479.1339,280.092275,165.2315,0.0,0.0,956.01,76.361667
2025-12-04 17:00:00+10:00,0.0,0.0,657.571617,341.004875,104.109,0.0,0.0,1002.3975,78.253333
2025-12-04 18:00:00+10:00,0.0,0.0,725.568392,411.08345,44.7635,0.0,0.0,1020.879167,75.9925
2025-12-04 19:00:00+10:00,0.0,0.0,719.62585,441.929617,8.4495,0.0,0.0,1013.9525,74.169167
2025-12-04 20:00:00+10:00,0.0,0.0,770.070633,436.416325,0.0,0.0,0.0,1029.67,71.524167
2025-12-04 21:00:00+10:00,0.0,0.0,740.480308,426.099375,0.0,0.0,0.0,984.456667,70.3425
2025-12-04 22:00:00+10:00,0.0,0.0,742.014958,415.357567,0.0,0.0,0.0,943.425,70.508333
2025-12-04 23:00:00+10:00,0.0,0.0,826.878825,379.862583,0.0,0.0,0.0,925.823333,93.1675
2025-12-05 00:00:00+10:00,0.0,0.0,778.175542,351.788508,0.0,0.0,0.0,901.399167,98.66
2025-12-05 01:00:00+10:00,0.0,0.0,796.232742,328.155975,0.0,0.0,0.0,903.59,95.21
2025-12-05 02:00:00+10:00,0.0,0.0,840.624492,304.353325,0.0,0.0,0.0,923.370833,103.441667
2025-12-05 03:00:00+10:00,0.0,0.0,881.349842,201.660892,0.0,0.0,0.0,938.093333,107.141667
2025-12-05 04:00:00+10:00,0.0,0.0,912.516142,133.647275,0.0,0.0,0.0,961.8125,87.92
2025-12-05 05:00:00+10:00,0.0,0.0,1013.940625,106.549733,10.1825,0.0,0.0,1030.4575,90.985
2025-12-05 06:00:00+10:00,0.0,0.0,1042.8163,73.20025,47.3355,0.0,0.0,1088.325833,97.435
2025-12-05 07:00:00+10:00,0.0,0.0,1028.686167,36.4822,98.1835,0.0,0.0,1063.418333,96.629167
2025-12-05 08:00:00+10:00,0.0,0.0,888.774617,18.0125,138.807,0.0,0.0,1004.039167,84.800833
2025-12-05 09:00:00+10:00,0.0,0.0,592.88305,12.809167,190.996,0.0,0.0,923.305,65.874167
2025-12-05 10:00:00+10:00,0.0,0.0,512.256692,17.5275,234.903,0.0,0.0,874.7975,61.316667
2025-12-05 11:00:00+10:00,0.0,0.0,519.619983,37.4925,257.2705,0.0,0.0,879.588333,66.666667
2025-12-05 12:00:00+10:00,0.0,0.0,542.338425,60.295,240.6,0.0,0.0,902.916667,72.28
2025-12-05 13:00:00+10:00,0.0,0.0,533.084683,66.396267,235.8055,0.0,0.0,876.938333,64.665833
2025-12-05 14:00:00+10:00,0.0,0.0,529.339733,63.409383,257.9275,0.0,0.0,867.6575,69.823333
2025-12-05 15:00:00+10:00,0.0,0.0,733.278817,79.769625,227.1455,0.0,0.0,914.593333,95.948333
2025-12-05 16:00:00+10:00,0.0,0.0,856.526092,54.873617,171.988,0.0,0.0,997.805833,119.403333
2025-12-05 17:00:00+10:00,0.0,0.0,1059.377058,51.096633,104.6325,0.0,0.0,1054.006667,101.2775
2025-12-05 18:00:00+10:00,0.0,0.0,1123.074442,50.365,44.625,0.0,0.0,1088.135,99.510833
2025-12-05 19:00:00+10:00,0.0,0.0,1097.662467,79.167558,7.482,0.0,0.0,1090.881667,80.588333
2025-12-05 20:00:00+10:00,0.0,0.0,1121.691233,54.900825,0.0,0.0,0.0,1100.221667,94.135833
2025-12-05 21:00:00+10:00,0.0,0.0,1104.869875,44.1197,0.0,0.0,0.0,1091.968333,100.36
2025-12-05 22:00:00+10:00,0.0,0.0,1021.8623,78.648392,0.0,0.0,0.0,1039.174167,100.206667
2025-12-05 23:00:00+10:00,0.0,0.0,1015.801875,114.909267,0.0,0.0,0.0,975.625833,102.085
2025-12-06 00:00:00+10:00,0.0,0.0,885.356192,155.691817,0.0,0.0,0.0,928.583333,90.111667
2025-12-06 01:00:00+10:00,0.0,0.0,884.158142,144.870617,0.0,0.0,0.0,932.22,97.885
2025-12-06 02:00:00+10:00,0.0,0.0,825.969117,201.57925,0.0,0.0,0.0,932.629167,90.151667
2025-12-06 03:00:00+10:00,0.0,0.0,804.337467,234.6669,0.0,0.0,0.0,960.224167,90.890833
2025-12-06 04:00:00+10:00,0.0,0.0,793.738808,258.878417,0.0,0.0,0.0,973.291667,88.418333
2025-12-06 05:00:00+10:00,0.0,0.0,806.315617,236.288558,8.319,0.0,0.0,987.051667,87.1725
2025-12-06 06:00:00+10:00,0.0,0.0,527.127758,238.840775,40.5985,0.0,0.0,983.08,60.418333
2025-12-06 07:00:00+10:00,0.0,0.0,659.660575,282.181625,97.4495,0.0,0.0,990.99,135.239167
2025-12-06 08:00:00+10:00,0.0,0.0,642.672842,356.614583,137.4635,0.0,0.0,976.601667,81.565
2025-12-06 09:00:00+10:00,0.0,0.0,464.6399,389.320625,126.4805,0.0,0.0,989.965833,61.3725
2025-12-06 10:00:00+10:00,0.0,0.0,402.9976,400.991908,135.214,0.041925,0.0,974.801667,55.865
2025-12-06 11:00:00+10:00,0.0,0.0,403.947875,382.7307,142.887,0.0,0.0,920.089167,59.97
2025-12-06 12:00:00+10:00,0.0,0.0,405.947075,326.3951,157.182,0.0,0.0,955.09,61.4575
2025-12-06 13:00:00+10:00,0.0,0.0,409.737158,301.336308,114.3855,0.0,0.0,1003.455,60.031667
2025-12-06 14:00:00+10:00,0.0,0.0,417.331258,322.150892,75.483,0.0,0.0,1057.629167,66.801667
2025-12-06 15:00:00+10:00,0.0,0.0,448.370983,288.370642,74.825,0.0,0.0,1028.415833,69.196667
2025-12-06 16:00:00+10:00,0.0,0.0,452.236917,385.363808,111.595,0.0,0.0,951.805833,75.65
2025-12-06 17:00:00+10:00,0.0,0.0,480.575692,372.382542,81.867,0.0,0.0,1023.02,66.741667
2025-12-06 18:00:00+10:00,0.0,0.0,462.899617,385.881175,31.6195,0.0,0.0,1036.241667,60.165833
2025-12-06 19:00:00+10:00,0.0,0.0,518.713158,438.465833,7.4155,0.0,0.0,1056.36,67.289167
2025-12-06 20:00:00+10:00,0.0,0.0,582.930417,454.424408,0.0,0.0,0.0,1041.265,71.835833
2025-12-06 21:00:00+10:00,0.0,0.0,591.363133,481.495692,0.0,0.0,0.0,1015.788333,72.549167
2025-12-06 22:00:00+10:00,0.0,0.0,600.861933,422.177058,0.0,0.0,0.0,975.809167,72.345833
2025-12-06 23:00:00+10:00,0.0,0.0,618.243292,354.369525,0.0,0.0,0.0,956.798333,81.48
2025-12-07 00:00:00+10:00,0.0,0.0,585.992942,420.482733,0.0,0.0,0.0,932.268333,65.306667
2025-12-07 01:00:00+10:00,0.0,0.0,613.599858,381.680283,0.0,0.0,0.0,937.324167,74.140833
2025-12-07 02:00:00+10:00,0.0,0.0,614.754633,392.560483,0.0,0.0,0.0,922.415833,65.494167
2025-12-07 03:00:00+10:00,0.0,0.0,581.9604,438.018292,0.0,0.0,0.0,921.928333,64.3475
2025-12-07 04:00:00+10:00,0.0,0.0,573.107158,442.772975,0.0,0.0,0.0,919.4275,75.425833
2025-12-07 05:00:00+10:00,0.0,0.0,611.54875,398.337717,9.088,0.0,0.0,926.636667,91.655833
2025-12-07 06:00:00+10:00,0.0,0.0,528.650508,355.0347,46.4405,0.0,0.0,911.2775,69.589167
2025-12-07 07:00:00+10:00,0.0,0.0,454.47025,374.687825,110.57,0.0,0.0,906.376667,52.783333
2025-12-07 08:00:00+10:00,0.0,0.0,378.825767,382.773758,177.4295,0.0,0.0,890.551667,37.64
2025-12-07 09:00:00+10:00,0.0,0.0,267.7698,367.19655,227.22,0.0,0.0,868.386667,22.048333
2025-12-07 10:00:00+10:00,0.0,0.0,243.887442,336.111808,239.7555,1.575767,0.0,854.741667,13.078333
2025-12-07 11:00:00+10:00,0.0,0.0,255.696842,341.642542,228.8755,0.0,0.0,829.463333,6.759167
2025-12-07 12:00:00+10:00,0.0,0.0,235.788708,351.199992,230.219,6.961783,0.0,805.435833,6.173333
2025-12-07 13:00:00+10:00,0.0,0.0,233.135708,353.533858,221.783,5.939417,0.0,799.335833,-1.146667
2025-12-07 14:00:00+10:00,0.0,0.0,232.954383,351.510017,210.0405,18.350542,0.0,810.0625,-4.53
2025-12-07 15:00:00+10:00,0.0,0.0,293.930008,368.248233,187.5075,0.11795,0.0,848.92,21.419167
2025-12-07 16:00:00+10:00,0.0,0.0,450.805175,370.260808,149.6375,0.0,0.0,944.043333,67.264167
2025-12-07 17:00:00+10:00,0.0,0.0,554.066,402.413592,93.0885,0.0,0.0,1017.183333,94.0875
2025-12-07 18:00:00+10:00,0.0,0.0,758.696,414.207258,37.9845,0.0,0.0,1031.355,88.92
2025-12-07 19:00:00+10:00,0.0,0.0,817.45615,423.137825,7.1165,0.0,0.0,1068.956667,84.6775
2025-12-07 20:00:00+10:00,0.0,0.0,815.029958,423.142675,0.0,0.0,0.0,1103.786667,93.079167
2025-12-07 21:00:00+10:00,0.0,0.0,773.25205,414.635542,0.0,0.0,0.0,1049.613333,94.810833
2025-12-07 22:00:00+10:00,0.0,0.0,698.5538,430.766325,0.0,0.0,0.0,996.314167,79.914167
2025-12-07 23:00:00+10:00,0.0,0.0,664.392683,421.538583,0.0,0.0,0.0,952.39,78.611667
2025-12-08 00:00:00+10:00,0.0,0.0,608.138875,459.389117,0.0,0.0,0.0,920.484167,71.411667
2025-12-08 01:00:00+10:00,0.0,0.0,575.21735,484.608333,0.0,0.0,0.0,903.3575,67.576667
2025-12-08 02:00:00+10:00,0.0,0.0,561.009167,497.537258,0.0,0.0,0.0,903.515,81.758333
2025-12-08 03:00:00+10:00,0.0,0.0,534.804625,495.986308,0.0,0.0,0.0,920.829167,79.118333
2025-12-08 04:00:00+10:00,0.0,0.0,556.179967,488.495383,0.0,0.0,0.0,970.01,85.3375
2025-12-08 05:00:00+10:00,0.0,0.0,670.283933,485.750892,3.0365,0.0,0.0,1044.824167,75.441667
2025-12-08 06:00:00+10:00,0.0,0.0,663.681725,484.202042,17.1645,0.0,0.0,1126.656667,70.2025
2025-12-08 07:00:00+10:00,0.0,0.0,599.535875,473.598458,38.064,0.0,0.0,1130.6225,64.889167
2025-12-08 08:00:00+10:00,0.0,0.0,600.027792,457.246125,59.021,0.0,0.0,1071.631667,51.8825
2025-12-08 09:00:00+10:00,0.0,0.0,561.362758,379.461108,83.89,0.0,0.0,1101.576667,51.185833
2025-12-08 10:00:00+10:00,0.0,0.0,473.1148,400.755158,114.873,0.0,0.0,1041.846667,51.708333
2025-12-08 11:00:00+10:00,0.0,0.0,463.030142,412.433958,149.026,0.0,0.0,996.805833,47.704167
2025-12-08 12:00:00+10:00,0.0,0.0,457.967867,407.769267,170.7815,0.0,0.0,991.4575,42.3925
2025-12-08 13:00:00+10:00,0.0,0.0,457.994925,413.86325,147.0505,0.0,0.0,1020.065833,48.655833
2025-12-08 14:00:00+10:00,0.0,0.0,431.388417,412.91045,141.6525,0.0,0.0,1019.6675,50.6825
2025-12-08 15:00:00+10:00,0.0,0.0,460.107233,378.320683,103.725,0.0,0.0,1065.403333,49.946667
2025-12-08 16:00:00+10:00,0.0,0.0,520.2973,342.014883,98.569,0.0,0.0,1079.739167,55.065
2025-12-08 17:00:00+10:00,0.0,0.0,575.9338,311.562525,68.9645,0.0,0.0,1130.320833,58.983333
2025-12-08 18:00:00+10:00,0.0,0.0,767.077408,309.998833,29.838,0.0,0.0,1139.715833,85.225
2025-12-08 19:00:00+10:00,0.0,0.0,908.913758,316.811667,7.165,0.0,0.0,1133.365,81.9225
2025-12-08 20:00:00+10:00,0.0,0.0,875.217983,332.767967,0.0,0.0,0.0,1118.7075,80.275833
2025-12-08 21:00:00+10:00,0.0,0.0,832.641058,321.280258,0.0,0.0,0.0,1075.193333,80.136667
2025-12-08 22:00:00+10:00,0.0,0.0,743.628483,348.013292,0.0,0.0,0.0,1012.993333,77.766667
2025-12-08 23:00:00+10:00,0.0,0.0,678.342042,388.554817,0.0,0.0,0.0,1002.0375,78.430833
2025-12-09 00:00:00+10:00,0.0,0.0,657.3671,391.321967,0.0,0.0,0.0,962.479167,70.471667
2025-12-09 01:00:00+10:00,0.0,0.0,660.537658,382.285333,0.0,0.0,0.0,955.351667,67.559167
2025-12-09 02:00:00+10:00,0.0,0.0,677.533058,366.377667,0.0,0.0,0.0,954.395833,67.480833
2025-12-09 03:00:00+10:00,0.0,0.0,666.311158,398.617658,0.0,0.0,0.0,979.7575,65.08
2025-12-09 04:00:00+10:00,0.0,0.0,712.662925,397.441008,0.0,0.0,0.0,1057.424167,73.599167
2025-12-09 05:00:00+10:00,0.0,0.0,798.719483,385.769558,8.1695,0.0,0.0,1156.616667,79.725
2025-12-09 06:00:00+10:00,0.0,0.0,796.503117,372.599225,44.546,0.0,0.0,1169.413333,74.305
2025-12-09 07:00:00+10:00,0.0,0.0,652.275983,396.009008,110.751,0.0,0.0,1025.259167,60.556667
2025-12-09 08:00:00+10:00,0.0,0.0,531.589017,416.953292,180.446,0.0,0.0,920.886667,51.275833
2025-12-09 09:00:00+10:00,0.0,0.0,504.564583,394.803525,229.565,0.0,0.0,862.836667,41.4
2025-12-09 10:00:00+10:00,0.0,0.0,497.916083,405.683858,260.387,0.0,0.0,843.906667,37.0325
2025-12-09 11:00:00+10:00,0.0,0.0,489.8339,418.891125,265.7345,0.0,0.0,825.0675,34.795833
2025-12-09 12:00:00+10:00,0.0,0.0,468.822975,411.749575,263.434,0.0,0.0,810.043333,36.010833
2025-12-09 13:00:00+10:00,0.0,0.0,461.25085,392.360975,253.7705,0.0,0.0,807.674167,35.718333
2025-12-09 14:00:00+10:00,0.0,0.0,465.438642,394.190192,246.9475,0.0,0.0,822.6475,39.500833
2025-12-09 15:00:00+10:00,0.0,0.0,490.953075,371.628767,214.125,4.674583,0.0,841.98,47.598333
2025-12-09 16:00:00+10:00,0.0,0.0,516.50405,353.832208,160.0745,0.0,0.0,964.288333,69.015
2025-12-09 17:00:00+10:00,0.0,0.0,686.462533,340.233658,102.369,0.0,0.0,1050.56,75.37
2025-12-09 18:00:00+10:00,0.0,0.0,850.809792,305.774233,46.6795,0.0,0.0,1115.820833,90.693333
2025-12-09 19:00:00+10:00,0.0,0.0,962.461567,263.634792,9.0365,0.0,0.0,1149.955833,98.753333
2025-12-09 20:00:00+10:00,0.0,0.0,1001.537267,223.420992,0.0,0.0,0.0,1123.914167,85.105
2025-12-09 21:00:00+10:00,0.0,0.0,999.9676,182.239467,0.0,0.0,0.0,1077.013333,80.5275
2025-12-09 22:00:00+10:00,0.0,0.0,999.165392,116.462058,0.0,0.0,0.0,1013.8375,81.67
2025-12-09 23:00:00+10:00,0.0,0.0,1016.218025,60.658767,0.0,0.0,0.0,979.144167,87.046667
2025-12-10 00:00:00+10:00,0.0,0.0,996.761008,57.985208,0.0,0.0,0.0,963.988333,80.14
2025-12-10 01:00:00+10:00,0.0,0.0,994.967808,55.614383,0.0,0.0,0.0,980.3075,92.610833
2025-12-10 02:00:00+10:00,0.0,0.0,1011.336067,43.704892,0.0,0.0,0.0,997.18,98.3425
2025-12-10 03:00:00+10:00,0.0,0.0,1013.494967,53.051508,0.0,0.0,0.0,1013.9325,99.12
2025-12-10 04:00:00+10:00,0.0,0.0,1054.487558,55.609492,0.0,0.0,0.0,1051.289167,98.224167
2025-12-10 05:00:00+10:00,0.0,0.0,1144.833392,40.990233,7.858,0.0,0.0,1127.698333,100.854167
2025-12-10 06:00:00+10:00,0.0,0.0,1190.15255,31.761767,45.4445,0.0,0.0,1167.368333,119.43
2025-12-10 07:00:00+10:00,0.0,2.635733,1101.4638,34.326075,109.4535,0.0,0.0,1119.773333,115.794167
2025-12-10 08:00:00+10:00,0.0,23.252725,1043.030183,32.519792,178.344,0.0,0.0,1012.916667,112.806667
2025-12-10 09:00:00+10:00,0.0,0.0,910.9267,43.262817,225.8555,0.0,0.0,931.318333,99.956667
2025-12-10 10:00:00+10:00,0.0,0.0,852.870817,71.681425,255.726,0.0,0.0,872.0175,76.985
2025-12-10 11:00:00+10:00,0.0,26.5592,748.667658,130.3332,263.0825,0.0,0.0,839.425,70.284167
2025-12-10 12:00:00+10:00,0.0,10.855508,656.22915,224.291675,257.1115,0.0,0.0,848.2725,79.091667
2025-12-10 13:00:00+10:00,0.0,0.0,590.363933,287.4516,255.0195,0.0,0.0,844.256667,77.058333
2025-12-10 14:00:00+10:00,0.0,0.0,564.290892,287.761425,240.085,0.0,0.0,849.344167,76.3775
2025-12-10 15:00:00+10:00,0.0,0.0,620.116075,306.199717,229.371,0.0,0.0,876.379167,79.225833
2025-12-10 16:00:00+10:00,0.0,0.0,622.300892,320.381733,178.886,0.0,0.0,936.708333,77.640833
2025-12-10 17:00:00+10:00,0.0,0.0,719.908142,326.909692,109.892,0.0,0.0,1025.565833,82.66
2025-12-10 18:00:00+10:00,0.0,0.0,657.004958,279.659992,46.238,0.0,0.0,1074.688333,70.68
2025-12-10 19:00:00+10:00,0.0,0.0,762.584983,273.692558,9.7725,0.0,0.0,1067.313333,80.510833
2025-12-10 20:00:00+10:00,0.0,0.0,896.652092,225.648633,0.022,0.0,0.0,1069.224167,92.288333
2025-12-10 21:00:00+10:00,0.0,0.0,946.425375,169.331175,0.0,0.0,0.0,1054.925833,92.763333
2025-12-10 22:00:00+10:00,0.0,0.0,937.625017,103.118325,0.0,0.0,0.0,1010.360833,95.325
2025-12-10 23:00:00+10:00,0.0,0.0,951.8488,55.087333,0.0,0.0,0.0,990.1575,101.0075
2025-12-11 00:00:00+10:00,0.0,0.0,966.727592,45.886442,0.0,0.0,0.0,977.95,101.591667
2025-12-11 01:00:00+10:00,0.0,0.0,903.55685,68.193833,0.0,0.0,0.0,971.9325,93.241667
2025-12-11 02:00:00+10:00,0.0,0.0,855.031758,99.196592,0.0,0.0,0.0,979.666667,93.625
2025-12-11 03:00:00+10:00,0.0,0.0,842.886133,98.563117,0.0,0.0,0.0,983.421667,100.745
2025-12-11 04:00:00+10:00,0.0,0.0,912.018492,86.8451,0.0,0.0,0.0,1021.3375,89.49
2025-12-11 05:00:00+10:00,0.0,0.0,1005.463108,62.416292,8.7615,0.0,0.0,1069.185833,87.528333
2025-12-11 06:00:00+10:00,0.0,0.0,900.3224,46.647017,45.7665,0.0,0.0,1073.443333,75.716667
2025-12-11 07:00:00+10:00,0.0,0.0,702.135367,38.741667,110.124,0.0,0.0,1006.228333,65.633333
2025-12-11 08:00:00+10:00,0.0,0.0,588.213625,42.87125,181.6335,0.0,0.0,896.018333,53.155
2025-12-11 09:00:00+10:00,0.0,0.0,454.982283,43.121092,236.092,0.0,0.0,817.188333,45.975
2025-12-11 10:00:00+10:00,0.0,0.0,425.132625,50.920833,266.506,0.0,0.0,767.208333,45.351667
2025-12-11 11:00:00+10:00,0.0,0.0,481.795475,57.4775,276.8415,0.0,0.0,741.126667,57.0375
2025-12-11 12:00:00+10:00,0.0,0.0,651.7973,56.715833,280.6355,0.0,0.0,743.541667,75.016667
2025-12-11 13:00:00+10:00,0.0,0.0,640.573525,56.495317,277.744,0.0,0.0,772.049167,75.11
2025-12-11 14:00:00+10:00,0.0,0.0,607.16725,57.793058,265.8155,0.0,0.0,791.765833,61.864167
2025-12-11 15:00:00+10:00,0.0,0.0,476.25255,66.133717,235.9465,0.0,0.0,831.865833,35.885
2025-12-11 16:00:00+10:00,0.0,0.0,545.644458,74.832958,180.94,0.0,0.0,896.849167,51.969167
2025-12-11 17:00:00+10:00,0.0,0.0,588.171992,78.836808,110.223,0.0,0.0,966.396667,59.0675
2025-12-11 18:00:00+10:00,0.0,0.0,980.049475,72.588308,48.3775,0.0,0.0,1015.3075,92.671667
2025-12-11 19:00:00+10:00,0.0,0.0,1079.520483,36.0093,10.7645,0.0,0.0,1029.710833,85.16
2025-12-11 20:00:00+10:00,0.0,0.0,1081.451892,37.866975,0.0555,0.0,0.0,1015.8825,85.301667
2025-12-11 21:00:00+10:00,0.0,0.0,1017.538758,60.0386,0.0,0.0,0.0,956.003333,82.6125
2025-12-11 22:00:00+10:00,0.0,0.0,916.919292,103.996917,0.0,0.0,0.0,882.454167,78.675833
2025-12-11 23:00:00+10:00,0.0,0.0,883.2738,98.709333,0.0,0.0,0.0,862.235833,80.944167
2025-12-12 00:00:00+10:00,0.0,0.0,856.284583,106.676517,0.0,0.0,0.0,837.075833,78.0175
2025-12-12 01:00:00+10:00,0.0,0.0,823.430017,131.798508,0.0,0.0,0.0,816.268333,76.219167
2025-12-12 02:00:00+10:00,0.0,0.0,748.007767,207.031325,0.0,0.0,0.0,801.92,75.118333
2025-12-12 03:00:00+10:00,0.0,0.0,666.56025,269.741408,0.0,0.0,0.0,806.231667,73.865
2025-12-12 04:00:00+10:00,0.0,0.0,718.623,249.363592,0.0,0.0,0.0,860.048333,79.575
2025-12-12 05:00:00+10:00,0.0,0.0,788.350867,227.904392,8.874,0.0,0.0,914.410833,80.086667
2025-12-12 06:00:00+10:00,0.0,0.0,729.054908,162.631425,44.023,0.0,0.0,943.221667,74.210833
2025-12-12 07:00:00+10:00,0.0,0.0,586.110667,150.552717,100.3325,0.0,0.0,890.2,67.868333
2025-12-12 08:00:00+10:00,0.0,0.0,539.499158,163.9221,169.3985,0.0,0.0,826.443333,63.753333
2025-12-12 09:00:00+10:00,0.0,0.0,485.854225,182.534583,216.0525,0.0,0.0,754.775833,56.4925
2025-12-12 10:00:00+10:00,0.0,0.0,474.598333,257.63445,246.9265,0.0,0.0,731.299167,57.7975
2025-12-12 11:00:00+10:00,0.0,0.0,462.3153,273.02685,262.22,0.0,0.0,714.565833,67.596667
2025-12-12 12:00:00+10:00,0.0,0.0,481.111525,289.418333,264.5975,0.0,0.0,745.755833,66.165833
2025-12-12 13:00:00+10:00,0.0,0.0,548.245833,273.805625,262.9865,0.0,0.0,766.894167,83.195833
2025-12-12 14:00:00+10:00,0.0,0.0,617.518683,304.1827,248.4745,0.0,0.0,789.584167,81.1275
2025-12-12 15:00:00+10:00,0.0,0.0,740.976417,303.657025,197.3315,0.0,0.0,859.815833,83.2975
2025-12-12 16:00:00+10:00,0.0,0.0,968.37595,290.642217,136.304,0.0,0.0,931.354167,90.3175
2025-12-12 17:00:00+10:00,0.0,0.0,925.075708,278.987408,85.04,0.0,0.0,965.173333,84.828333
2025-12-12 18:00:00+10:00,0.0,0.0,964.380675,276.904733,43.9705,0.0,0.0,1004.760833,84.734167
2025-12-12 19:00:00+10:00,0.0,0.0,957.711633,310.614917,11.6815,0.0,0.0,1018.1025,84.94
2025-12-12 20:00:00+10:00,0.0,0.0,873.0152,301.234933,0.1095,0.0,0.0,1003.5925,84.624167
2025-12-12 21:00:00+10:00,0.0,0.0,899.340075,259.877583,0.0,0.0,0.0,985.084167,88.155833
2025-12-12 22:00:00+10:00,0.0,0.0,907.410392,292.176333,0.0,0.0,0.0,957.894167,90.0625
2025-12-12 23:00:00+10:00,0.0,0.0,875.96055,273.46965,0.0,0.0,0.0,933.3325,89.021667
2025-12-13 00:00:00+10:00,0.0,0.0,836.201333,186.031567,0.0,0.0,0.0,897.24,84.835
2025-12-13 01:00:00+10:00,0.0,0.0,910.8827,102.836075,0.0,0.0,0.0,925.495,88.235
2025-12-13 02:00:00+10:00,0.0,0.0,920.954392,80.186775,0.0,0.0,0.0,939.900833,86.11
2025-12-13 03:00:00+10:00,0.0,0.0,905.904092,97.0548,0.0,0.0,0.0,949.290833,85.16
2025-12-13 04:00:00+10:00,0.0,0.0,923.818817,95.326242,0.0,0.0,0.0,957.9975,85.580833
2025-12-13 05:00:00+10:00,0.0,0.0,938.802975,83.559517,6.351,0.0,0.0,950.628333,86.215833
2025-12-13 06:00:00+10:00,0.0,0.0,961.694367,79.880642,40.211,0.0,0.0,942.4975,95.100833
2025-12-13 07:00:00+10:00,0.0,0.0,1018.626217,39.68225,86.3425,0.0,0.0,980.9525,101.6
2025-12-13 08:00:00+10:00,0.0,0.0,998.243142,29.407217,156.682,0.0,0.0,970.09,89.625833
2025-12-13 09:00:00+10:00,0.0,0.0,833.47055,38.581483,200.7285,0.0,0.0,904.825,88.765833
2025-12-13 10:00:00+10:00,0.0,0.0,636.948433,40.543458,249.7495,0.0,0.0,844.009167,86.7875
2025-12-13 11:00:00+10:00,0.0,0.0,516.887892,49.175833,273.0275,0.0,0.0,811.469167,70.573333
2025-12-13 12:00:00+10:00,0.0,0.0,471.109875,37.953675,275.1405,0.0,0.0,801.504167,68.1475
2025-12-13 13:00:00+10:00,0.0,0.0,610.186608,83.850408,262.2985,0.0,0.0,827.329167,84.814167
2025-12-13 14:00:00+10:00,0.0,0.0,784.334767,94.3922,220.4555,0.0,0.0,874.021667,87.801667
2025-12-13 15:00:00+10:00,0.0,0.0,899.482367,101.853775,189.316,0.0,0.0,900.944167,84.745833
2025-12-13 16:00:00+10:00,0.0,0.0,837.618417,105.879575,143.1215,0.0,0.0,944.478333,79.3025
2025-12-13 17:00:00+10:00,0.0,0.0,649.316217,150.385283,98.531,0.0,0.0,1009.599167,67.4925
2025-12-13 18:00:00+10:00,0.0,0.0,803.317842,146.9557,43.7535,0.0,0.0,1031.511667,100.115
2025-12-13 19:00:00+10:00,0.0,0.0,929.074883,200.413467,7.9345,0.0,0.0,1017.243333,84.68
2025-12-13 20:00:00+10:00,0.0,0.0,883.185933,239.1107,0.0775,0.0,0.0,997.859167,85.6125
2025-12-13 21:00:00+10:00,0.0,0.0,769.551467,321.770067,0.0,0.0,0.0,956.683333,85.311667
2025-12-13 22:00:00+10:00,0.0,0.0,671.042717,377.141658,0.0,0.0,0.0,911.2575,80.55
2025-12-13 23:00:00+10:00,0.0,0.0,581.081275,451.960392,0.0,0.0,0.0,882.323333,80.1225
2025-12-14 00:00:00+10:00,0.0,0.0,524.505892,494.598508,0.0,0.0,0.0,854.503333,80.546667
2025-12-14 01:00:00+10:00,0.0,0.0,501.52135,506.311625,0.0,0.0,0.0,841.548333,79.503333
2025-12-14 02:00:00+10:00,0.0,0.0,473.365408,498.697317,0.0,0.0,0.0,804.318333,51.401667
2025-12-14 03:00:00+10:00,0.0,0.0,457.942267,511.412058,0.0,0.0,0.0,801.104167,41.695833
2025-12-14 04:00:00+10:00,0.0,0.0,445.62905,501.723425,0.0,0.0,0.0,816.536667,71.711667
2025-12-14 05:00:00+10:00,0.0,0.0,444.388725,499.498225,4.2495,0.0,0.0,840.643333,69.205
2025-12-14 06:00:00+10:00,0.0,0.0,440.105975,496.1108,32.7,0.0,0.0,865.17,54.374167
2025-12-14 07:00:00+10:00,0.0,0.0,438.207058,498.171933,88.555,0.0,0.0,892.605,58.1925
2025-12-14 08:00:00+10:00,0.0,0.0,424.397192,497.4537,148.1145,0.0,0.0,871.5825,50.27
2025-12-14 09:00:00+10:00,0.0,0.0,359.963875,501.072258,190.871,0.0,0.0,831.660833,35.765833
2025-12-14 10:00:00+10:00,0.0,0.0,293.026425,500.905,217.865,0.0,0.0,830.75,30.796667
2025-12-14 11:00:00+10:00,0.0,0.0,271.484217,483.417033,206.6995,0.0,0.0,848.2525,19.498333
2025-12-14 12:00:00+10:00,0.0,0.0,267.570358,471.338317,229.085,0.0,0.0,785.013333,17.033333
2025-12-14 13:00:00+10:00,0.0,0.0,269.904308,455.380617,224.6165,0.0,0.0,803.384167,8.360833
2025-12-14 14:00:00+10:00,0.0,0.0,275.952142,408.509467,222.6645,35.877558,0.0,816.38,-11.471667
2025-12-14 15:00:00+10:00,0.0,0.0,309.224567,407.146875,196.719,5.7035,0.0,881.62,-4.006667
2025-12-14 16:00:00+10:00,0.0,0.0,347.892858,460.39935,148.0915,0.0,0.0,973.019167,28.6975
2025-12-14 17:00:00+10:00,0.0,0.0,439.650025,458.446158,96.2335,0.0,0.0,1050.4875,46.811667
2025-12-14 18:00:00+10:00,0.0,0.0,484.243883,466.296017,45.8365,0.0,0.0,1095.06,65.533333
2025-12-14 19:00:00+10:00,0.0,0.0,658.3846,458.427675,10.585,0.0,0.0,1120.356667,89.53
2025-12-14 20:00:00+10:00,0.0,0.0,762.876592,482.836783,0.054,0.0,0.0,1103.709167,89.735833
2025-12-14 21:00:00+10:00,0.0,0.0,699.803517,498.585017,0.0,0.0,0.0,1051.634167,80.6325
2025-12-14 22:00:00+10:00,0.0,0.0,630.08115,501.670417,0.0,0.0,0.0,973.6675,78.289167
2025-12-14 23:00:00+10:00,0.0,0.0,589.03345,499.505583,0.0,0.0,0.0,933.738333,66.664167
2025-12-15 00:00:00+10:00,0.0,0.0,561.737375,498.610275,0.0,0.0,0.0,900.674167,42.251667
2025-12-15 01:00:00+10:00,0.0,0.0,555.350908,496.515225,0.0,0.0,0.0,901.295,79.226667
2025-12-15 02:00:00+10:00,0.0,0.0,563.1965,486.769933,0.0,0.0,0.0,907.088333,81.018333
2025-12-15 03:00:00+10:00,0.0,0.0,569.515183,481.8557,0.0,0.0,0.0,921.830833,81.606667
2025-12-15 04:00:00+10:00,0.0,0.0,626.03205,460.219475,0.0,0.0,0.0,963.260833,85.345833
2025-12-15 05:00:00+10:00,0.0,0.0,746.816633,431.0642,6.408,0.0,0.0,1060.430833,84.440833
2025-12-15 06:00:00+10:00,0.0,0.0,657.373425,444.475725,35.889,0.0,0.0,1121.701667,77.2975
2025-12-15 07:00:00+10:00,0.0,0.0,548.450708,437.179217,89.9975,0.0,0.0,1064.650833,74.608333
2025-12-15 08:00:00+10:00,0.0,0.0,500.655625,430.262683,144.91,0.0,0.0,985.546667,65.130833
2025-12-15 09:00:00+10:00,0.0,0.0,479.394925,435.861133,209.814,0.0,0.0,897.873333,62.310833
2025-12-15 10:00:00+10:00,0.0,0.0,415.440392,429.1279,229.2335,0.083625,0.0,880.215,60.439167
2025-12-15 11:00:00+10:00,0.0,0.0,388.98985,438.713225,227.066,0.0,0.0,866.871667,50.391667
2025-12-15 12:00:00+10:00,0.0,0.0,357.557533,435.598617,217.812,0.0,0.0,839.4325,40.583333
2025-12-15 13:00:00+10:00,0.0,0.0,325.982733,423.008875,229.6955,0.0,0.0,833.275,36.5425
2025-12-15 14:00:00+10:00,0.0,0.0,324.497425,454.07915,211.252,0.0,0.0,833.405,23.025
2025-12-15 15:00:00+10:00,0.0,0.0,384.906883,469.509667,185.884,0.0,0.0,875.148333,48.989167
2025-12-15 16:00:00+10:00,0.0,0.0,485.4668,450.355875,144.227,0.0,0.0,952.665833,62.479167
2025-12-15 17:00:00+10:00,0.0,0.0,536.402842,455.702825,89.7905,0.0,0.0,1038.665,64.561667
2025-12-15 18:00:00+10:00,0.0,0.0,608.733175,446.078283,42.8725,0.0,0.0,1070.8825,82.453333
2025-12-15 19:00:00+10:00,0.0,0.0,770.89435,441.225775,13.319,0.0,0.0,1081.874167,86.35
2025-12-15 20:00:00+10:00,0.0,0.0,779.896375,423.212633,0.103,0.0,0.0,1055.4875,81.76
2025-12-15 21:00:00+10:00,0.0,0.0,784.024967,363.329133,0.0,0.0,0.0,1004.055833,81.240833
2025-12-15 22:00:00+10:00,0.0,0.0,786.250492,293.474142,0.0,0.0,0.0,954.143333,80.539167
2025-12-15 23:00:00+10:00,0.0,0.0,800.898092,239.2566,0.0,0.0,0.0,887.373333,83.635
2025-12-16 00:00:00+10:00,0.0,0.0,793.896025,228.111175,0.0,0.0,0.0,892.760833,81.916667
2025-12-16 01:00:00+10:00,0.0,0.0,788.378058,227.15235,0.0,0.0,0.0,908.545,79.645
2025-12-16 02:00:00+10:00,0.0,0.0,800.756342,223.129217,0.0,0.0,0.0,915.620833,79.691667
2025-12-16 03:00:00+10:00,0.0,0.0,817.967708,216.23975,0.0,0.0,0.0,907.514167,79.9775
2025-12-16 04:00:00+10:00,0.0,0.0,840.74765,226.155525,0.0,0.0,0.0,946.066667,75.620833
2025-12-16 05:00:00+10:00,0.0,0.0,934.520742,183.457608,8.3335,0.0,0.0,1032.278333,83.610833
2025-12-16 06:00:00+10:00,0.0,0.0,937.484242,114.430208,34.651,0.0,0.0,1079.029167,85.85
2025-12-16 07:00:00+10:00,0.0,0.0,685.7378,134.935792,86.744,0.0,0.0,1018.536667,81.850833
2025-12-16 08:00:00+10:00,0.0,0.0,688.411083,179.226033,158.7415,0.0,0.0,947.171667,79.554167
2025-12-16 09:00:00+10:00,0.0,0.0,578.031883,168.062742,219.9455,0.0,0.0,881.075833,68.430833
2025-12-16 10:00:00+10:00,0.0,0.0,536.351367,135.85315,260.5955,0.0,0.0,837.289167,64.056667
2025-12-16 11:00:00+10:00,0.0,0.0,574.181175,120.282783,271.847,0.0,0.0,806.685833,55.524167
2025-12-16 12:00:00+10:00,0.0,0.0,616.553108,132.429683,277.722,0.0,0.0,814.813333,40.559167
2025-12-16 13:00:00+10:00,0.0,0.0,626.242567,132.2842,264.0375,0.0,0.0,819.6625,44.5725
2025-12-16 14:00:00+10:00,0.0,0.0,594.337167,124.249358,254.6075,0.0,0.0,836.105,55.1375
2025-12-16 15:00:00+10:00,0.0,0.0,511.464725,96.733608,232.8325,0.0,0.0,881.255833,68.8075
2025-12-16 16:00:00+10:00,0.0,0.0,554.229442,70.523133,178.878,0.0,0.0,966.045,75.024167
2025-12-16 17:00:00+10:00,0.0,0.0,683.750067,61.116383,112.9115,0.0,0.0,1035.061667,81.656667
2025-12-16 18:00:00+10:00,0.0,0.0,1059.40135,61.512175,54.3615,0.0,0.0,1074.319167,92.12
2025-12-16 19:00:00+10:00,0.0,0.0,1081.3696,54.086667,12.7515,0.0,0.0,1077.074167,85.9625
2025-12-16 20:00:00+10:00,0.0,0.0,1078.1624,49.691058,0.1715,0.0,0.0,1063.924167,86.11
2025-12-16 21:00:00+10:00,0.0,0.0,1064.561683,35.753333,0.0,0.0,0.0,1037.463333,85.615
2025-12-16 22:00:00+10:00,0.0,0.0,1025.613975,29.6709,0.0,0.0,0.0,983.4375,85.15
2025-12-16 23:00:00+10:00,0.0,0.0,961.42785,35.45855,0.0,0.0,0.0,921.5175,85.1425
2025-12-17 00:00:00+10:00,0.0,0.0,937.656608,49.962,0.0,0.0,0.0,921.240833,84.943333
2025-12-17 01:00:00+10:00,0.0,0.0,931.312283,47.249775,0.0,0.0,0.0,917.84,84.786667
2025-12-17 02:00:00+10:00,0.0,0.0,906.394183,65.482967,0.0,0.0,0.0,913.593333,84.381667
2025-12-17 03:00:00+10:00,0.0,0.0,903.920508,76.8316,0.0,0.0,0.0,921.970833,85.138333
2025-12-17 04:00:00+10:00,0.0,0.0,929.289967,90.041858,0.0,0.0,0.0,966.089167,87.436667
2025-12-17 05:00:00+10:00,0.0,0.0,991.767992,115.345508,6.1915,0.0,0.0,1016.911667,81.895833
2025-12-17 06:00:00+10:00,0.0,0.0,1038.420858,68.123358,38.633,0.0,0.0,1044.044167,89.008333
2025-12-17 07:00:00+10:00,0.0,0.0,974.795775,67.102592,91.8555,0.0,0.0,970.080833,78.2025
2025-12-17 08:00:00+10:00,0.0,0.0,804.410375,49.179675,164.5265,0.0,0.0,874.996667,74.516667
2025-12-17 09:00:00+10:00,0.0,0.0,697.289942,26.519458,228.155,0.0,0.0,845.963333,77.159167
2025-12-17 10:00:00+10:00,0.0,0.0,692.698083,37.475942,256.715,0.0,0.0,822.870833,77.818333
2025-12-17 11:00:00+10:00,0.0,0.0,696.776,55.296392,259.7915,0.0,0.0,798.345833,75.448333
2025-12-17 12:00:00+10:00,0.0,0.0,635.461283,48.334292,255.1065,0.0,0.0,806.814167,80.9875
2025-12-17 13:00:00+10:00,0.0,0.0,606.519742,48.918117,267.3565,0.0,0.0,816.128333,94.209167
2025-12-17 14:00:00+10:00,0.0,0.0,790.927325,38.751233,252.711,0.0,0.0,889.2425,95.4225
2025-12-17 15:00:00+10:00,0.0,0.0,839.775017,54.518125,217.0455,0.0,0.0,921.185833,105.893333
2025-12-17 16:00:00+10:00,0.0,0.0,976.113067,53.922058,161.0645,0.0,0.0,984.811667,97.685833
2025-12-17 17:00:00+10:00,0.0,0.0,1048.0295,77.147442,108.0395,0.0,0.0,1030.095,91.986667
2025-12-17 18:00:00+10:00,0.0,0.0,1161.893942,73.504317,51.4695,0.0,0.0,1088.628333,132.385833
2025-12-17 19:00:00+10:00,0.0,0.0,1277.6779,94.045808,13.75,0.0,0.0,1101.298333,153.106667
2025-12-17 20:00:00+10:00,0.0,0.0,1244.155833,67.238417,0.1955,0.0,0.0,1097.314167,133.845833
2025-12-17 21:00:00+10:00,0.0,0.0,1134.980708,75.364333,0.0,0.0,0.0,1059.88,91.011667
2025-12-17 22:00:00+10:00,0.0,0.0,1109.704883,78.271333,0.0,0.0,0.0,1016.904167,96.149167
2025-12-17 23:00:00+10:00,0.0,0.0,1087.317775,72.89735,0.0,0.0,0.0,984.2,99.555833
2025-12-18 00:00:00+10:00,0.0,0.0,1075.731425,65.808892,0.0,0.0,0.0,966.174167,89.785
2025-12-18 01:00:00+10:00,0.0,0.0,982.945933,96.314408,0.0,0.0,0.0,948.52,98.1325
2025-12-18 02:00:00+10:00,0.0,0.0,942.107775,89.446933,0.0,0.0,0.0,953.631667,99.201667
2025-12-18 03:00:00+10:00,0.0,0.0,943.200808,84.869725,0.0,0.0,0.0,964.426667,99.3
2025-12-18 04:00:00+10:00,0.0,0.0,996.921533,61.488717,0.0,0.0,0.0,993.910833,98.530833
2025-12-18 05:00:00+10:00,0.0,0.0,1019.120633,55.613117,3.4635,0.0,0.0,997.475,97.196667
2025-12-18 06:00:00+10:00,0.0,0.0,982.344675,48.550658,24.649,0.0,0.0,1096.153333,93.205833
2025-12-18 07:00:00+10:00,0.0,0.0,745.920133,36.019875,54.4975,0.0,0.0,1060.068333,87.453333
2025-12-18 08:00:00+10:00,0.0,0.0,748.391592,41.30155,76.3925,0.0,0.0,1036.435,90.235833
2025-12-18 09:00:00+10:00,0.0,0.0,637.606733,56.360583,90.411,0.0,0.0,1011.038333,79.743333
2025-12-18 10:00:00+10:00,0.0,0.0,615.742158,59.608875,105.6355,0.0,0.0,1013.558333,71.321667
2025-12-18 11:00:00+10:00,0.0,0.0,642.150367,40.406475,89.9675,0.0,0.0,1040.599167,72.68
2025-12-18 12:00:00+10:00,0.0,0.0,662.386267,27.831517,90.8625,0.0,0.0,1044.9425,89.743333
2025-12-18 13:00:00+10:00,0.0,0.0,659.676717,44.074125,97.232,0.0,0.0,1016.470833,95.950833
2025-12-18 14:00:00+10:00,0.0,0.0,702.315275,39.535192,104.1535,0.0,0.0,1030.266667,118.134167
2025-12-18 15:00:00+10:00,0.0,0.0,1034.373033,66.63345,109.784,0.0,0.0,1039.958333,115.215
2025-12-18 16:00:00+10:00,0.0,0.0,1104.640892,121.671575,97.3785,0.0,0.0,1061.094167,106.65
2025-12-18 17:00:00+10:00,0.0,0.0,1183.004275,104.136817,60.606,0.0,0.0,1119.368333,117.011667
2025-12-18 18:00:00+10:00,0.0,0.0,1287.0948,97.206833,23.1375,0.0,0.0,1113.106667,161.645833
2025-12-18 19:00:00+10:00,0.0,0.0,1250.39735,127.794358,9.7675,0.0,0.0,1063.683333,143.7725
2025-12-18 20:00:00+10:00,0.0,0.0,1195.591425,79.727,0.2425,0.0,0.0,1056.615,118.939167
2025-12-18 21:00:00+10:00,0.0,0.0,1202.528817,66.541483,0.0,0.0,0.0,1003.1075,98.543333
2025-12-18 22:00:00+10:00,0.0,0.0,1105.671667,51.54165,0.0,0.0,0.0,938.89,91.6875
2025-12-18 23:00:00+10:00,0.0,0.0,1075.464683,33.196667,0.0,0.0,0.0,925.69,92.473333
2025-12-19 00:00:00+10:00,0.0,0.0,1056.826867,48.106658,0.0,0.0,0.0,904.1425,96.209167
2025-12-19 01:00:00+10:00,0.0,0.0,940.001525,80.175592,0.0,0.0,0.0,880.585833,83.188333
2025-12-19 02:00:00+10:00,0.0,0.0,861.158167,127.424992,0.0,0.0,0.0,859.694167,85.621667
2025-12-19 03:00:00+10:00,0.0,0.0,819.855683,198.660483,0.0,0.0,0.0,887.4025,82.145
2025-12-19 04:00:00+10:00,0.0,0.0,820.337933,229.542233,0.0,0.0,0.0,930.509167,83.96
2025-12-19 05:00:00+10:00,0.0,0.0,846.677492,273.730875,3.6155,0.0,0.0,985.645833,84.5375
2025-12-19 06:00:00+10:00,0.0,0.0,888.715,272.199583,23.783,0.0,0.0,1063.901667,91.751667
2025-12-19 07:00:00+10:00,0.0,0.0,892.016017,260.377617,60.0435,8.583333,0.0,1034.046667,94.7175
2025-12-19 08:00:00+10:00,0.0,0.0,853.67495,285.270575,105.5035,0.0,0.0,991.061667,84.178333
2025-12-19 09:00:00+10:00,0.0,0.0,837.306033,293.721492,135.0795,0.0,0.0,973.695,87.415833
2025-12-19 10:00:00+10:00,0.0,0.0,840.105475,300.624542,124.886,0.0,0.0,976.9925,90.2225
2025-12-19 11:00:00+10:00,0.0,0.0,970.27595,301.192275,119.113,0.0,0.0,967.890833,117.16
2025-12-19 12:00:00+10:00,0.0,0.0,878.250367,301.913675,152.53,0.0,0.0,896.04,57.960833
2025-12-19 13:00:00+10:00,0.0,0.0,786.860775,303.201833,143.511,0.0,0.0,895.976667,82.5575
2025-12-19 14:00:00+10:00,0.0,0.0,748.198758,330.405817,116.7305,0.0,0.0,915.695,81.784167
2025-12-19 15:00:00+10:00,0.0,0.0,796.213117,310.459725,85.6835,0.0,0.0,942.296667,84.391667
2025-12-19 16:00:00+10:00,0.0,0.0,842.830433,302.213108,56.7705,0.0,0.0,940.218333,77.351667
2025-12-19 17:00:00+10:00,0.0,0.0,862.328558,323.549817,40.243,0.0,0.0,984.458333,80.305
2025-12-19 18:00:00+10:00,0.0,0.0,911.332233,359.97315,20.8805,0.0,0.0,1020.828333,86.64
2025-12-19 19:00:00+10:00,0.0,0.0,954.089408,363.314633,4.8065,0.0,0.0,1041.723333,90.13
2025-12-19 20:00:00+10:00,0.0,0.0,976.190017,288.701625,0.056,0.0,0.0,1026.173333,85.641667
2025-12-19 21:00:00+10:00,0.0,0.0,888.131075,261.0225,0.0,0.0,0.0,1063.854167,84.18
2025-12-19 22:00:00+10:00,0.0,0.0,894.703367,223.0625,0.0,0.0,0.0,1053.401667,84.5375
2025-12-19 23:00:00+10:00,0.0,0.0,885.343792,196.637975,0.0,0.0,0.0,1028.154167,85.3525
2025-12-20 00:00:00+10:00,0.0,0.0,899.406917,144.366733,0.0,0.0,0.0,994.783333,87.873333
2025-12-20 01:00:00+10:00,0.0,0.0,867.431642,159.590867,0.0,0.0,0.0,968.748333,87.435
2025-12-20 02:00:00+10:00,0.0,0.0,904.853833,111.874867,0.0,0.0,0.0,969.123333,99.5075
2025-12-20 03:00:00+10:00,0.0,0.0,930.767517,84.577658,0.0,0.0,0.0,978.428333,100.1
2025-12-20 04:00:00+10:00,0.0,0.0,922.563642,110.550992,0.0,0.0,0.0,950.478333,95.733333
2025-12-20 05:00:00+10:00,0.0,0.0,934.886033,118.867042,1.501,0.0,0.0,962.9325,95.41
2025-12-20 06:00:00+10:00,0.0,0.0,813.886117,127.412808,23.518,0.0,0.0,977.318333,94.351667
2025-12-20 07:00:00+10:00,0.0,0.0,671.567908,193.896183,86.173,0.0,0.0,967.035833,93.679167
2025-12-20 08:00:00+10:00,0.0,0.0,700.449967,248.044742,162.1465,0.0,0.0,934.34,94.2875
2025-12-20 09:00:00+10:00,0.0,0.0,571.648392,243.850825,222.347,0.0,0.0,886.245,84.0475
2025-12-20 10:00:00+10:00,0.0,0.0,382.868217,272.3018,259.776,0.0,0.0,859.72,58.0875
2025-12-20 11:00:00+10:00,0.0,0.0,408.748592,303.644642,274.195,0.0,0.0,822.404167,56.786667
2025-12-20 12:00:00+10:00,0.0,0.0,428.482617,290.438558,273.3845,0.084175,0.0,808.056667,43.7025
2025-12-20 13:00:00+10:00,0.0,0.0,441.080508,304.932983,282.467,0.0,0.0,796.400833,57.185833
2025-12-20 14:00:00+10:00,0.0,0.0,445.669125,302.742692,272.424,0.038325,0.0,818.540833,46.75
2025-12-20 15:00:00+10:00,0.0,0.0,474.259842,274.48035,241.614,0.0,0.0,872.8675,38.138333
2025-12-20 16:00:00+10:00,0.0,0.0,566.253783,280.281392,190.43,0.0,0.0,937.036667,52.638333
2025-12-20 17:00:00+10:00,0.0,0.0,695.035592,255.099925,120.806,0.0,0.0,1041.8075,81.396667
2025-12-20 18:00:00+10:00,0.0,0.0,911.2204,219.819642,55.298,0.0,0.0,1074.061667,89.103333
2025-12-20 19:00:00+10:00,0.0,0.0,965.033208,184.903467,12.7375,0.0,0.0,1096.9175,93.115833
2025-12-20 20:00:00+10:00,0.0,0.0,962.348792,182.622058,0.1455,0.0,0.0,1068.725,90.2725
2025-12-20 21:00:00+10:00,0.0,0.0,954.046075,168.503417,0.0,0.0,0.0,1030.825,88.873333
2025-12-20 22:00:00+10:00,0.0,0.0,949.346375,130.243725,0.0,0.0,0.0,987.998333,92.75
2025-12-20 23:00:00+10:00,0.0,0.0,903.362175,139.862967,0.0,0.0,0.0,974.079167,85.808333
2025-12-21 00:00:00+10:00,0.0,0.0,924.052692,95.434475,0.0,0.0,0.0,958.245833,93.825833
2025-12-21 01:00:00+10:00,0.0,0.0,940.30505,71.636867,0.0,0.0,0.0,968.35,95.931667
2025-12-21 02:00:00+10:00,0.0,0.0,970.298525,43.221667,0.0,0.0,0.0,962.163333,96.103333
2025-12-21 03:00:00+10:00,0.0,0.0,979.005242,34.575,0.0,0.0,0.0,966.7625,102.2275
2025-12-21 04:00:00+10:00,0.0,0.0,964.655883,40.728492,0.0,0.0,0.0,959.494167,96.395
2025-12-21 05:00:00+10:00,0.0,0.0,968.908158,27.01,7.3315,0.0,0.0,963.161667,93.730833
2025-12-21 06:00:00+10:00,0.0,0.0,727.842242,26.654167,38.5125,0.0,0.0,967.33,83.130833
2025-12-21 07:00:00+10:00,0.0,0.0,683.462075,34.3675,88.401,0.0,0.0,977.633333,78.146667
2025-12-21 08:00:00+10:00,0.0,0.0,618.589183,49.4725,143.059,0.0,0.0,936.354167,75.379167
2025-12-21 09:00:00+10:00,0.0,0.0,660.16355,36.079167,213.9265,0.0,0.0,874.875833,79.378333
2025-12-21 10:00:00+10:00,0.0,0.0,719.322575,24.196067,253.482,0.0,0.0,853.099167,85.985833
2025-12-21 11:00:00+10:00,0.0,0.0,725.335825,25.469108,247.075,0.0,0.0,849.554167,79.238333
2025-12-21 12:00:00+10:00,0.0,0.0,655.9869,44.012833,236.1545,0.0,0.0,862.735833,80.46
2025-12-21 13:00:00+10:00,0.0,0.0,772.525083,40.096492,189.9675,0.0,0.0,930.563333,141.405833
2025-12-21 14:00:00+10:00,0.0,0.0,688.164592,63.629892,135.5785,0.0,0.0,1008.261667,86.721667
2025-12-21 15:00:00+10:00,0.0,0.0,675.064242,98.06445,59.3165,0.0,0.0,1074.9875,85.646667
2025-12-21 16:00:00+10:00,0.0,0.0,654.361433,95.182842,36.7175,0.0,0.0,1089.081667,70.190833
2025-12-21 17:00:00+10:00,0.0,0.0,629.1233,52.241142,38.1025,0.0,0.0,1090.0425,71.2225
2025-12-21 18:00:00+10:00,0.0,0.0,633.048242,70.501242,16.6935,0.0,0.0,1070.585,68.580833
2025-12-21 19:00:00+10:00,0.0,0.0,590.618142,135.314842,2.089,0.0,0.0,1050.174167,73.425
2025-12-21 20:00:00+10:00,0.0,0.0,549.169342,191.096808,0.037,0.0,0.0,1021.8225,77.461667
2025-12-21 21:00:00+10:00,0.0,0.0,546.361708,253.6283,0.0,0.0,0.0,962.433333,76.035833
2025-12-21 22:00:00+10:00,0.0,0.0,638.371842,282.111725,0.0,0.0,0.0,906.714167,89.545
2025-12-21 23:00:00+10:00,0.0,0.0,694.109308,307.185175,0.0,0.0,0.0,872.323333,76.480833
2025-12-22 00:00:00+10:00,0.0,0.0,584.690667,409.489592,0.0,0.0,0.0,839.5325,60.9125
2025-12-22 01:00:00+10:00,0.0,0.0,537.669492,448.9619,0.0,0.0,0.0,847.85,60.145833
2025-12-22 02:00:00+10:00,0.0,0.0,545.985758,440.6051,0.0,0.0,0.0,859.413333,59.001667
2025-12-22 03:00:00+10:00,0.0,0.0,631.935108,373.290408,0.0,0.0,0.0,893.921667,77.7525
2025-12-22 04:00:00+10:00,0.0,0.0,677.482275,372.150167,0.0,0.0,0.0,942.004167,88.564167
2025-12-22 05:00:00+10:00,0.0,0.0,724.106917,371.733367,3.913,0.0,0.0,988.335833,86.248333
2025-12-22 06:00:00+10:00,0.0,0.0,646.699892,402.593475,32.214,0.0,0.0,1017.551667,57.59
2025-12-22 07:00:00+10:00,0.0,0.0,590.892533,444.272,73.283,0.0,0.0,991.979167,59.7175
2025-12-22 08:00:00+10:00,0.0,0.0,591.374283,401.70855,144.869,0.0,0.0,918.261667,51.014167
2025-12-22 09:00:00+10:00,0.0,0.0,517.0428,360.632,190.79,0.27925,0.0,867.403333,33.295833
2025-12-22 10:00:00+10:00,0.0,0.0,447.307867,342.753708,216.6625,0.165375,0.0,868.5,28.071667
2025-12-22 11:00:00+10:00,0.0,0.0,418.951142,357.508908,228.028,0.0,0.0,850.040833,45.269167
2025-12-22 12:00:00+10:00,0.0,0.0,375.336658,391.239692,251.87,0.0,0.0,817.508333,33.406667
2025-12-22 13:00:00+10:00,0.0,0.0,377.18785,430.169633,210.338,0.0,0.0,813.9875,32.694167
2025-12-22 14:00:00+10:00,0.0,0.0,362.145417,449.606175,191.914,0.0,0.0,843.27,47.300833
2025-12-22 15:00:00+10:00,0.0,0.0,362.813042,437.734808,161.2505,0.0,0.0,911.075,55.266667
2025-12-22 16:00:00+10:00,0.0,0.0,524.105875,446.441225,119.0105,0.0,0.0,999.4,55.1225
2025-12-22 17:00:00+10:00,0.0,0.0,627.198867,441.279933,70.4465,0.0,0.0,1065.394167,63.535
2025-12-22 18:00:00+10:00,0.0,0.0,811.449817,362.127842,28.7695,0.0,0.0,1083.555833,94.1125
2025-12-22 19:00:00+10:00,0.0,0.0,889.123117,312.664858,8.821,0.0,0.0,1085.71,96.48
2025-12-22 20:00:00+10:00,0.0,0.0,929.424725,260.197717,0.058,0.0,0.0,1096.579167,102.239167
2025-12-22 21:00:00+10:00,0.0,0.0,850.509992,271.65655,0.0,0.0,0.0,1023.028333,85.14
2025-12-22 22:00:00+10:00,0.0,0.0,730.993283,333.68215,0.0,0.0,0.0,948.3675,50.135
2025-12-22 23:00:00+10:00,0.0,0.0,648.303608,378.713333,0.0,0.0,0.0,901.403333,44.84
2025-12-23 00:00:00+10:00,0.0,0.0,584.485083,406.842467,0.0,0.0,0.0,874.6525,31.645833
2025-12-23 01:00:00+10:00,0.0,0.0,545.553333,429.920117,0.0,0.0,0.0,830.335,33.164167
2025-12-23 02:00:00+10:00,0.0,0.0,523.322308,450.356617,0.0,0.0,0.0,827.745833,32.658333
2025-12-23 03:00:00+10:00,0.0,0.0,523.3476,458.846683,0.0,0.0,0.0,825.300833,33.098333
2025-12-23 04:00:00+10:00,0.0,0.0,529.172792,464.020217,0.0,0.0,0.0,841.565,35.146667
2025-12-23 05:00:00+10:00,0.0,0.0,557.7887,472.7925,6.367,0.0,0.0,884.175,45.9925
2025-12-23 06:00:00+10:00,0.0,0.0,512.75505,469.70665,38.114,0.0,0.0,909.36,34.775833
2025-12-23 07:00:00+10:00,0.0,0.0,449.000083,460.949925,91.189,0.0,0.0,881.2475,26.653333
2025-12-23 08:00:00+10:00,0.0,0.0,422.973483,437.021667,146.742,14.3097,0.0,832.390833,2.994167
2025-12-23 09:00:00+10:00,0.0,0.0,413.376992,445.273175,197.796,13.21995,0.0,788.981667,0.885
2025-12-23 10:00:00+10:00,0.0,0.0,394.157175,403.538267,216.306,76.906608,0.0,747.730833,-7.26
2025-12-23 11:00:00+10:00,0.0,0.0,288.594958,422.965292,228.648,35.960208,0.0,740.566667,-4.305
2025-12-23 12:00:00+10:00,0.0,0.0,276.065042,400.853858,237.2715,24.824908,0.0,725.015833,-3.935833
2025-12-23 13:00:00+10:00,0.0,0.0,249.26905,304.515775,254.4495,52.654333,0.0,699.730833,-27.071667
2025-12-23 14:00:00+10:00,0.0,0.0,250.450158,269.482383,250.3175,26.301508,0.0,753.928333,-25.9
2025-12-23 15:00:00+10:00,0.0,0.0,245.633033,421.615383,223.994,8.400742,0.0,743.368333,0.9625
2025-12-23 16:00:00+10:00,0.0,0.0,313.008725,449.09595,177.8035,0.0,0.0,808.135,22.375
2025-12-23 17:00:00+10:00,0.0,0.0,473.425642,443.438267,110.3515,0.0,0.0,904.121667,42.779167
2025-12-23 18:00:00+10:00,0.0,0.0,580.894233,446.206283,49.1975,9.159725,0.0,943.905,50.704167
2025-12-23 19:00:00+10:00,0.0,0.0,647.548758,477.485733,11.558,0.0,0.0,971.010833,43.955833
2025-12-23 20:00:00+10:00,0.0,0.0,635.968908,499.95505,0.1475,0.0,0.0,976.515833,31.528333
2025-12-23 21:00:00+10:00,0.0,0.0,603.725625,503.555442,0.0,0.0,0.0,944.694167,33.238333
2025-12-23 22:00:00+10:00,0.0,0.0,544.930042,514.4027,0.0,0.0,0.0,890.791667,30.08
2025-12-23 23:00:00+10:00,0.0,0.0,503.162158,508.838567,0.0,0.0,0.0,844.646667,28.981667
2025-12-24 00:00:00+10:00,0.0,0.0,477.420817,508.17745,0.0,0.0,0.0,822.105833,28.62
2025-12-24 01:00:00+10:00,0.0,0.0,468.366217,506.581133,0.0,0.0,0.0,815.465833,28.62
2025-12-24 02:00:00+10:00,0.0,0.0,474.265617,501.190933,0.0,0.0,0.0,817.858333,29.235
2025-12-24 03:00:00+10:00,0.0,0.0,512.897708,466.194458,0.0,0.0,0.0,824.755,36.78
2025-12-24 04:00:00+10:00,0.0,0.0,522.276233,489.841283,0.0,0.0,0.0,859.574167,22.758333
2025-12-24 05:00:00+10:00,0.0,0.0,565.538592,490.627058,6.207,0.0,0.0,905.5375,32.725
2025-12-24 06:00:00+10:00,0.0,0.0,581.842333,495.74855,40.514,0.0,0.0,902.870833,20.336667
2025-12-24 07:00:00+10:00,0.0,0.0,563.13425,496.112858,100.5185,0.0,0.0,887.910833,7.114167
2025-12-24 08:00:00+10:00,0.0,0.0,518.936708,496.296458,168.058,0.0,0.0,841.780833,-0.0175
2025-12-24 09:00:00+10:00,0.0,0.0,478.096483,505.351267,212.4365,0.0,0.0,809.92,6.009167
2025-12-24 10:00:00+10:00,0.0,0.0,391.746492,506.313483,211.2505,0.0,0.0,787.308333,13.8
2025-12-24 11:00:00+10:00,0.0,0.0,338.683925,503.832558,225.6565,2.922267,0.0,746.021667,0.230833
2025-12-24 12:00:00+10:00,0.0,0.0,328.434517,506.155675,230.7755,0.0,0.0,758.765833,5.689167
2025-12-24 13:00:00+10:00,0.0,0.0,311.444433,481.4973,235.4985,20.773358,0.0,707.781667,3.106667
2025-12-24 14:00:00+10:00,0.0,0.0,314.387967,480.720583,229.4955,17.77465,0.0,733.5325,3.125
2025-12-24 15:00:00+10:00,0.0,0.0,328.952392,492.249575,215.3765,0.0,0.0,783.318333,4.628333
2025-12-24 16:00:00+10:00,0.0,0.0,419.525692,490.351558,170.8645,0.0,0.0,857.095,2.934167
2025-12-24 17:00:00+10:00,0.0,0.0,506.556792,474.622942,114.0035,0.0,0.0,898.691667,14.21
2025-12-24 18:00:00+10:00,0.0,0.0,597.596933,470.0188,52.2415,0.0,0.0,947.8575,24.513333
2025-12-24 19:00:00+10:00,0.0,0.0,684.544583,463.906408,13.797,0.0,0.0,988.24,36.531667
2025-12-24 20:00:00+10:00,0.0,0.0,676.68135,484.683792,0.2505,0.0,0.0,994.670833,27.653333
2025-12-24 21:00:00+10:00,0.0,0.0,625.676067,459.075125,0.0,0.0,0.0,957.286667,36.373333
2025-12-24 22:00:00+10:00,0.0,0.0,594.210242,470.537033,0.0,0.0,0.0,917.845,26.825
2025-12-24 23:00:00+10:00,0.0,0.0,557.160717,482.907017,0.0,0.0,0.0,883.913333,23.1475
2025-12-25 00:00:00+10:00,0.0,0.0,536.458992,464.544333,0.0,0.0,0.0,852.074167,20.246667
2025-12-25 01:00:00+10:00,0.0,0.0,541.185508,447.953842,0.0,0.0,0.0,842.050833,15.235833
2025-12-25 02:00:00+10:00,0.0,0.0,568.669867,408.321342,0.0,0.0,0.0,841.845833,16.951667
2025-12-25 03:00:00+10:00,0.0,0.0,592.312967,388.896725,0.0,0.0,0.0,845.244167,21.271667
2025-12-25 04:00:00+10:00,0.0,0.0,647.840383,353.56265,0.0,0.0,0.0,875.304167,16.244167
2025-12-25 05:00:00+10:00,0.0,0.0,679.866792,339.664375,5.4725,0.0,0.0,914.3025,32.828333
2025-12-25 06:00:00+10:00,0.0,0.0,691.980633,341.471392,31.5275,0.0,0.0,926.45,25.0575
2025-12-25 07:00:00+10:00,0.0,0.0,706.649175,295.602058,87.6065,2.8675,0.0,914.59,22.303333
2025-12-25 08:00:00+10:00,0.0,0.0,614.347658,360.879925,143.4445,0.0,0.0,877.11,0.073333
2025-12-25 09:00:00+10:00,0.0,0.0,535.55595,385.377,178.3145,0.0,0.0,883.031667,1.735833
2025-12-25 10:00:00+10:00,0.0,0.0,353.860458,412.005733,189.59,23.416083,0.0,846.075,-7.278333
2025-12-25 11:00:00+10:00,0.0,0.0,263.4035,349.804583,215.716,32.536033,0.0,795.43,-23.546667
2025-12-25 12:00:00+10:00,0.0,0.0,252.838792,348.477467,218.6915,50.292417,0.0,710.9625,-24.510833
2025-12-25 13:00:00+10:00,0.0,0.0,220.245358,238.451683,222.7915,57.515592,0.0,768.641667,-44.511667
2025-12-25 14:00:00+10:00,0.0,0.0,192.714767,202.938433,211.736,70.470217,0.0,780.523333,-53.046667
2025-12-25 15:00:00+10:00,0.0,0.0,250.994683,345.151475,205.0645,10.175358,0.0,750.444167,-3.685833
2025-12-25 16:00:00+10:00,0.0,0.0,368.5619,355.560092,166.3625,8.8256,0.0,741.305833,9.990833
2025-12-25 17:00:00+10:00,0.0,0.0,567.15675,315.48455,106.2855,6.349567,0.0,799.260833,3.321667
2025-12-25 18:00:00+10:00,0.0,0.0,650.602258,296.153758,56.3225,8.561033,0.0,859.175,23.515
2025-12-25 19:00:00+10:00,0.0,0.0,780.595225,286.994992,15.1575,0.0,0.0,916.941667,26.5325
2025-12-25 20:00:00+10:00,0.0,0.0,809.85025,258.2328,0.333,0.0,0.0,947.890833,32.09
2025-12-25 21:00:00+10:00,0.0,0.0,780.603525,301.809542,0.0,0.0,0.0,923.725833,20.091667
2025-12-25 22:00:00+10:00,0.0,0.0,743.53685,255.308342,0.0,0.0,0.0,848.729167,20.0875
2025-12-25 23:00:00+10:00,0.0,0.0,687.647592,267.536092,0.0,0.0,0.0,801.980833,20.085
2025-12-26 00:00:00+10:00,0.0,0.0,651.918183,261.278633,0.0,0.0,0.0,782.59,29.170833
2025-12-26 01:00:00+10:00,0.0,0.0,700.583083,209.130283,0.0,0.0,0.0,800.706667,25.575
2025-12-26 02:00:00+10:00,0.0,0.0,652.219617,248.35475,0.0,0.0,0.0,809.5,28.885833
2025-12-26 03:00:00+10:00,0.0,0.0,660.874025,272.314717,0.0,0.0,0.0,815.6575,20.113333
2025-12-26 04:00:00+10:00,0.0,0.0,692.134833,264.114158,0.0,0.0,0.0,834.293333,19.783333
2025-12-26 05:00:00+10:00,0.0,0.0,744.7005,238.064983,4.6395,0.0,0.0,869.203333,22.381667
2025-12-26 06:00:00+10:00,0.0,0.0,753.339592,207.543058,39.9655,0.0,0.0,881.120833,21.0525
2025-12-26 07:00:00+10:00,0.0,0.0,767.299525,183.91735,93.0175,0.0,0.0,864.539167,2.810833
2025-12-26 08:00:00+10:00,0.0,0.0,702.646408,198.4681,143.5815,0.0,0.0,839.050833,0.751667
2025-12-26 09:00:00+10:00,0.0,0.0,643.369567,221.576108,185.1375,0.0,0.0,802.4375,0.3775
2025-12-26 10:00:00+10:00,0.0,0.0,609.604292,214.336167,205.858,0.0,0.0,770.5725,0.1625
2025-12-26 11:00:00+10:00,0.0,0.0,511.4857,268.869133,217.9765,1.084233,0.0,729.321667,-1.610833
2025-12-26 12:00:00+10:00,0.0,0.0,442.954342,266.903925,219.92,39.277342,0.0,688.761667,-14.080833
2025-12-26 13:00:00+10:00,0.0,0.0,456.450433,225.596958,221.6285,41.074358,0.0,730.479167,-24.091667
2025-12-26 14:00:00+10:00,0.0,0.0,487.577675,180.3792,214.9425,51.140617,0.0,743.2225,-30.378333
2025-12-26 15:00:00+10:00,0.0,0.0,508.3832,237.337517,208.5665,43.614525,0.0,732.394167,-21.863333
2025-12-26 16:00:00+10:00,0.0,0.0,547.3805,271.070283,177.165,23.361692,0.0,733.628333,-8.033333
2025-12-26 17:00:00+10:00,0.0,0.0,655.353158,268.973908,123.096,0.0,0.0,815.354167,0.9525
2025-12-26 18:00:00+10:00,0.0,0.0,810.672442,236.813125,59.3905,0.0,0.0,887.855833,2.199167
2025-12-26 19:00:00+10:00,0.0,0.0,852.48345,238.482075,14.807,0.0,0.0,929.405,4.345
2025-12-26 20:00:00+10:00,0.0,0.0,882.794425,231.047325,0.419,0.0,0.0,967.3,9.258333
2025-12-26 21:00:00+10:00,0.0,0.0,880.835475,208.467025,0.0,0.0,0.0,966.213333,4.283333
2025-12-26 22:00:00+10:00,0.0,0.0,859.13855,181.857833,0.0,0.0,0.0,935.150833,17.564167
2025-12-26 23:00:00+10:00,0.0,0.0,846.741158,153.962692,0.0,0.0,0.0,895.710833,1.12
2025-12-27 00:00:00+10:00,0.0,0.0,867.386375,112.107658,0.0,0.0,0.0,894.209167,16.990833
2025-12-27 01:00:00+10:00,0.0,0.0,863.352583,112.1964,0.0,0.0,0.0,901.155,14.5375
2025-12-27 02:00:00+10:00,0.0,0.0,832.242417,139.554717,0.0,0.0,0.0,896.545833,7.024167
2025-12-27 03:00:00+10:00,0.0,0.0,798.89305,173.125667,0.0,0.0,0.0,891.85,5.86
2025-12-27 04:00:00+10:00,0.0,0.0,850.822842,132.909283,0.0,0.0,0.0,910.280833,29.8175
2025-12-27 05:00:00+10:00,0.0,0.0,915.683317,88.502425,3.288,0.0,0.0,928.545833,35.093333
2025-12-27 06:00:00+10:00,0.0,0.0,907.423025,53.371117,26.2565,0.0,0.0,933.478333,34.53
2025-12-27 07:00:00+10:00,0.0,0.0,914.842983,44.103417,70.1085,0.0,0.0,943.829167,35.286667
2025-12-27 08:00:00+10:00,0.0,0.0,785.465658,38.6289,133.3025,0.0,0.0,909.09,30.3975
2025-12-27 09:00:00+10:00,0.0,0.0,659.713083,55.793725,181.329,0.0,0.0,865.465,4.0625
2025-12-27 10:00:00+10:00,0.0,0.0,552.408175,91.9809,214.519,0.086183,0.0,780.509167,-1.293333
2025-12-27 11:00:00+10:00,0.0,0.0,531.883767,116.257708,241.5055,2.70845,0.0,721.174167,-24.269167
2025-12-27 12:00:00+10:00,0.0,0.0,539.079492,57.203525,255.1715,12.053175,0.0,735.425833,-54.533333
2025-12-27 13:00:00+10:00,0.0,0.0,512.189958,102.267908,257.3725,9.466725,0.0,696.351667,-14.764167
2025-12-27 14:00:00+10:00,0.0,0.0,494.598925,114.495692,255.498,10.040817,0.0,692.41,-23.8275
2025-12-27 15:00:00+10:00,0.0,0.0,544.867708,147.596467,221.296,1.224217,0.0,726.129167,6.139167
2025-12-27 16:00:00+10:00,0.0,0.0,693.89755,151.096975,162.5025,0.0,0.0,809.7375,33.1525
2025-12-27 17:00:00+10:00,0.0,0.0,870.061783,115.378975,94.0235,0.0,0.0,929.794167,35.59
2025-12-27 18:00:00+10:00,0.0,0.0,981.09515,94.8908,41.8595,0.0,0.0,981.266667,31.870833
2025-12-27 19:00:00+10:00,0.0,0.0,1030.441175,79.522433,10.546,0.0,0.0,1022.455,36.683333
2025-12-27 20:00:00+10:00,0.0,0.0,1054.376775,47.345842,0.179,0.0,0.0,1025.801667,61.559167
2025-12-27 21:00:00+10:00,0.0,0.0,1052.60585,21.858583,0.0,0.0,0.0,993.996667,35.13
2025-12-27 22:00:00+10:00,0.0,0.0,1010.119725,16.84805,0.0,0.0,0.0,931.468333,35.151667
2025-12-27 23:00:00+10:00,0.0,0.0,917.281917,63.531842,0.0,0.0,0.0,849.0,35.095
2025-12-28 00:00:00+10:00,0.0,0.0,838.355817,124.721092,0.0,0.0,0.0,821.260833,33.678333
2025-12-28 01:00:00+10:00,0.0,0.0,843.152725,106.4076,0.0,0.0,0.0,833.620833,34.678333
2025-12-28 02:00:00+10:00,0.0,0.0,857.160333,85.371667,0.0,0.0,0.0,835.751667,35.13
2025-12-28 03:00:00+10:00,0.0,0.0,879.27865,66.481842,0.0,0.0,0.0,830.2875,35.468333
2025-12-28 04:00:00+10:00,0.0,0.0,806.866208,150.265108,0.0,0.0,0.0,819.281667,33.646667
2025-12-28 05:00:00+10:00,0.0,0.0,807.6622,158.505258,4.4885,0.0,0.0,825.764167,28.298333
2025-12-28 06:00:00+10:00,0.0,0.0,820.292225,112.057225,20.2655,0.0,0.0,858.033333,32.028333
2025-12-28 07:00:00+10:00,0.0,0.0,820.06655,113.8333,55.79,0.0,0.0,854.170833,38.113333
2025-12-28 08:00:00+10:00,0.0,0.0,747.005242,119.1925,114.472,0.0,0.0,833.29,35.595
2025-12-28 09:00:00+10:00,0.0,0.0,664.76605,97.324167,164.8845,0.0,0.0,792.124167,26.479167
2025-12-28 10:00:00+10:00,0.0,0.0,608.347617,82.368592,193.0175,0.0,0.0,750.4125,17.058333
2025-12-28 11:00:00+10:00,0.0,0.0,579.130467,91.606667,204.226,0.0,0.0,711.290833,13.474167
2025-12-28 12:00:00+10:00,0.0,0.0,566.233075,107.193042,218.032,0.0,0.0,677.908333,15.89
2025-12-28 13:00:00+10:00,0.0,0.0,579.112825,114.039075,231.0335,0.0,0.0,675.6225,21.416667
2025-12-28 14:00:00+10:00,0.0,0.0,639.844658,110.739075,221.6525,0.0,0.0,693.260833,25.668333
2025-12-28 15:00:00+10:00,0.0,0.0,699.839033,100.114733,202.19,0.0,0.0,727.16,38.21
2025-12-28 16:00:00+10:00,0.0,0.0,780.315233,96.113992,160.1535,0.0,0.0,811.143333,49.739167
2025-12-28 17:00:00+10:00,0.0,0.0,874.5765,95.987092,106.0395,0.0,0.0,876.0825,48.283333
2025-12-28 18:00:00+10:00,0.0,0.0,965.705033,97.3199,49.3815,0.0,0.0,917.921667,38.073333
2025-12-28 19:00:00+10:00,0.0,0.0,991.263775,90.690008,12.7055,0.0,0.0,945.155,38.083333
2025-12-28 20:00:00+10:00,0.0,0.0,997.250675,87.881517,0.2765,0.0,0.0,941.004167,38.116667
2025-12-28 21:00:00+10:00,0.0,0.0,946.518517,112.596125,0.0,0.0,0.0,889.035,40.235833
2025-12-28 22:00:00+10:00,0.0,0.0,883.053483,121.38185,0.0,0.0,0.0,822.885833,38.086667
2025-12-28 23:00:00+10:00,0.0,0.0,847.070017,119.61425,0.0,0.0,0.0,782.4275,35.5925
2025-12-29 00:00:00+10:00,0.0,0.0,828.997642,111.089642,0.0,0.0,0.0,769.205,23.651667
2025-12-29 01:00:00+10:00,0.0,0.0,834.824533,96.039167,0.0,0.0,0.0,778.220833,32.926667
2025-12-29 02:00:00+10:00,0.0,0.0,832.790175,94.78485,0.0,0.0,0.0,774.155833,43.23
2025-12-29 03:00:00+10:00,0.0,0.0,826.495483,107.973992,0.0,0.0,0.0,784.1975,43.253333
2025-12-29 04:00:00+10:00,0.0,0.0,844.74355,111.241608,0.0,0.0,0.0,803.8475,40.116667
2025-12-29 05:00:00+10:00,0.0,0.0,851.342725,129.14845,5.827,0.0,0.0,818.124167,39.101667
2025-12-29 06:00:00+10:00,0.0,0.0,780.963592,139.625125,38.863,0.0,0.0,793.305833,37.856667
2025-12-29 07:00:00+10:00,0.0,0.0,768.955058,129.970075,97.209,0.0,0.0,771.041667,38.966667
2025-12-29 08:00:00+10:00,0.0,0.0,716.867383,136.962842,164.9775,0.0,0.0,717.375833,39.208333
2025-12-29 09:00:00+10:00,0.0,0.0,651.1858,148.365258,225.899,0.0,0.0,670.8825,38.783333
2025-12-29 10:00:00+10:00,0.0,0.0,580.057767,153.099683,259.346,0.0,0.0,636.080833,29.01
2025-12-29 11:00:00+10:00,0.0,0.0,566.868567,158.151833,273.405,0.0,0.0,615.941667,30.299167
2025-12-29 12:00:00+10:00,0.0,0.0,568.02905,172.940433,276.739,0.0,0.0,587.744167,33.301667
2025-12-29 13:00:00+10:00,0.0,0.0,598.176875,176.583075,277.396,0.0,0.0,596.7,25.684167
2025-12-29 14:00:00+10:00,0.0,0.0,639.183933,188.904542,257.087,0.0,0.0,648.689167,38.28
2025-12-29 15:00:00+10:00,0.0,0.0,688.412983,219.998767,209.26,0.0,0.0,724.639167,19.939167
2025-12-29 16:00:00+10:00,0.0,0.0,874.011667,228.970833,150.33,0.0,0.0,810.275833,71.345833
2025-12-29 17:00:00+10:00,0.0,0.0,829.180083,250.144992,98.3025,0.0,0.0,861.510833,25.81
2025-12-29 18:00:00+10:00,0.0,0.0,917.891033,237.542675,44.7575,0.0,0.0,906.729167,37.6225
2025-12-29 19:00:00+10:00,0.0,0.0,893.478633,281.255883,15.3785,0.0,0.0,910.535833,27.941667
2025-12-29 20:00:00+10:00,0.0,0.0,895.049283,221.978617,0.2815,0.0,0.0,900.391667,26.4775
2025-12-29 21:00:00+10:00,0.0,0.0,833.881142,257.616133,0.0,0.0,0.0,870.9125,21.75
2025-12-29 22:00:00+10:00,0.0,0.0,723.354492,299.643925,0.0,0.0,0.0,830.748333,20.790833
2025-12-29 23:00:00+10:00,0.0,0.0,671.755617,302.161342,0.0,0.0,0.0,802.305,38.31
2025-12-30 00:00:00+10:00,0.0,0.0,637.108858,315.098825,0.0,0.0,0.0,782.955833,39.048333
2025-12-30 01:00:00+10:00,0.0,0.0,650.094742,297.388042,0.0,0.0,0.0,781.71,39.163333
2025-12-30 02:00:00+10:00,0.0,0.0,634.072758,302.7809,0.0,0.0,0.0,772.276667,38.3475
2025-12-30 03:00:00+10:00,0.0,0.0,664.597933,272.050792,0.0,0.0,0.0,778.9725,39.64
2025-12-30 04:00:00+10:00,0.0,0.0,650.442483,300.495142,0.0,0.0,0.0,793.215833,39.4875
2025-12-30 05:00:00+10:00,0.0,0.0,658.039242,316.9235,3.088,0.0,0.0,811.435833,39.258333
2025-12-30 06:00:00+10:00,0.0,0.0,688.180658,286.795975,23.667,0.0,0.0,836.734167,20.088333
2025-12-30 07:00:00+10:00,0.0,0.0,671.021983,276.872067,61.5495,0.0,0.0,842.278333,34.443333
2025-12-30 08:00:00+10:00,0.0,0.0,727.63275,190.652308,109.6865,0.0,0.0,833.815,41.69
2025-12-30 09:00:00+10:00,0.0,0.0,765.489525,143.644242,131.7125,0.0,0.0,827.370833,44.9275
2025-12-30 10:00:00+10:00,0.0,0.0,746.390325,127.644883,170.743,0.0,0.0,849.945,44.595833
2025-12-30 11:00:00+10:00,0.0,0.0,730.958975,129.0299,150.207,0.0,0.0,870.1725,45.23
2025-12-30 12:00:00+10:00,0.0,0.0,682.204033,167.175075,179.691,0.0,0.0,831.670833,41.02
2025-12-30 13:00:00+10:00,0.0,0.0,566.711975,189.215108,170.9025,0.0,0.0,796.435833,27.675833
2025-12-30 14:00:00+10:00,0.0,0.0,526.412783,227.556892,151.838,0.0,0.0,800.553333,28.859167
2025-12-30 15:00:00+10:00,0.0,0.0,558.175692,183.876983,102.113,0.0,0.0,833.880833,39.729167
2025-12-30 16:00:00+10:00,0.0,0.0,703.064533,180.28345,57.397,0.0,0.0,907.864167,41.429167
2025-12-30 17:00:00+10:00,0.0,0.0,797.768975,256.896383,33.1365,0.0,0.0,926.76,39.776667
2025-12-30 18:00:00+10:00,0.0,0.0,824.497458,277.209675,19.8435,0.0,0.0,936.459167,43.631667
2025-12-30 19:00:00+10:00,0.0,0.0,812.556208,245.604233,7.5885,0.0,0.0,950.453333,67.67
2025-12-30 20:00:00+10:00,0.0,0.0,821.262967,260.764233,0.644,0.0,0.0,966.513333,55.791667
2025-12-30 21:00:00+10:00,0.0,0.0,797.194092,261.898467,0.0,0.0,0.0,925.985833,45.675
2025-12-30 22:00:00+10:00,0.0,0.0,671.568875,346.047333,0.0,0.0,0.0,887.99,36.953333
2025-12-30 23:00:00+10:00,0.0,0.0,642.25415,361.376908,0.0,0.0,0.0,856.415,46.769167
2025-12-31 00:00:00+10:00,0.0,0.0,614.465342,363.194958,0.0,0.0,0.0,831.326667,35.275
2025-12-31 01:00:00+10:00,0.0,0.0,579.840733,308.570192,0.0,0.0,0.0,818.76,35.096667
2025-12-31 02:00:00+10:00,0.0,0.0,589.40525,297.845008,0.0,0.0,0.0,848.604167,37.7675
2025-12-31 03:00:00+10:00,0.0,0.0,610.374633,289.270708,0.0,0.0,0.0,875.3725,27.761667
2025-12-31 04:00:00+10:00,0.0,0.0,590.552392,279.549917,0.0,0.0,0.0,837.284167,25.856667
2025-12-31 05:00:00+10:00,0.0,0.0,663.56545,255.350817,6.1885,0.0,0.0,875.8225,33.8225
2025-12-31 06:00:00+10:00,0.0,0.0,770.6865,189.860267,34.488,0.0,0.0,931.875,42.839167
2025-12-31 07:00:00+10:00,0.0,0.0,655.877342,190.331367,85.598,0.0,0.0,932.131667,31.036667
2025-12-31 08:00:00+10:00,0.0,0.0,637.562792,153.922025,151.832,0.0,0.0,888.775833,47.9725
2025-12-31 09:00:00+10:00,0.0,0.0,591.112183,151.654358,194.7785,0.0,0.0,812.256667,39.108333
2025-12-31 10:00:00+10:00,0.0,0.0,555.27015,144.248892,231.276,0.0,0.0,755.926667,39.275
2025-12-31 11:00:00+10:00,0.0,0.0,517.571667,166.927225,255.5125,0.0,0.0,681.454167,19.7575
2025-12-31 12:00:00+10:00,0.0,0.0,474.354033,239.079083,248.5345,0.0,0.0,676.54,21.941667
2025-12-31 13:00:00+10:00,0.0,0.0,430.5813,246.356975,244.343,0.0,0.0,662.026667,30.6125
2025-12-31 14:00:00+10:00,0.0,0.0,457.34755,217.024533,241.1015,0.0,0.0,689.979167,25.253333
2025-12-31 15:00:00+10:00,0.0,0.0,517.168208,218.998342,216.4765,0.0,0.0,743.0325,28.281667
2025-12-31 16:00:00+10:00,0.0,0.0,551.571208,226.64325,181.3425,0.0,0.0,783.2025,22.043333
2025-12-31 17:00:00+10:00,0.0,0.0,725.17725,202.041275,122.3485,0.0,0.0,849.159167,39.65
2025-12-31 18:00:00+10:00,0.0,0.0,787.455683,191.947825,54.619,0.0,0.0,885.005,40.0775
2025-12-31 19:00:00+10:00,0.0,0.0,807.798617,177.141392,15.494,0.0,0.0,891.061667,42.35
2025-12-31 20:00:00+10:00,0.0,0.0,847.6838,134.192442,0.3215,0.0,0.0,905.433333,58.606667
2025-12-31 21:00:00+10:00,0.0,0.0,850.4457,116.523217,0.0,0.0,0.0,899.620833,42.3725
2025-12-31 22:00:00+10:00,0.0,0.0,833.986383,114.139217,0.0,0.0,0.0,871.926667,39.514167
2025-12-31 23:00:00+10:00,0.0,0.0,840.375942,98.298808,0.0,0.0,0.0,854.970833,43.045
